<?xml version="1.0" encoding="UTF-8"?>
<gpx version="1.1"
creator="Smartprofil-Office - http://www.rother.de"
xmlns:xsi="http://www.w3.org/2001/XMLSchema-instance"
xmlns="http://www.topografix.com/GPX/1/1"
xsi:schemaLocation="http://www.topografix.com/GPX/1/1 http://www.topografix.com/GPX/1/1/gpx.xsd">
<metadata>

<bounds minlat="39.599250024184585" minlon="2.358248038217425" maxlat="39.610811015591025" maxlon="2.408486986532807"/>
</metadata>
<wpt lat="39.604775039479136" lon="2.408482041209936">
<ele>344</ele>
<name>08_Coll de sa Gremola (1)</name>
<cmt></cmt>
<desc></desc>
<sym>Crossing</sym>
</wpt>

<wpt lat="39.608077006414533" lon="2.387888040393591">
<ele>342</ele>
<name>08_Ses Serres (2)</name>
<cmt></cmt>
<desc></desc>
<sym>Crossing</sym>
</wpt>

<wpt lat="39.608515966683626" lon="2.381628016009927">
<ele>361</ele>
<name>08_Caseta de ses Basses (3)</name>
<cmt></cmt>
<desc></desc>
<sym>Crossing</sym>
</wpt>

<wpt lat="39.610157981514931" lon="2.368962960317731">
<ele>440</ele>
<name>08_Mirador d’en Josep Sastre (4)</name>
<cmt></cmt>
<desc></desc>
<sym>Crossing</sym>
</wpt>

<wpt lat="39.599846983328462" lon="2.360849026590586">
<ele>250</ele>
<name>08_La Trapa (5)</name>
<cmt></cmt>
<desc></desc>
<sym>Crossing</sym>
</wpt>

<wpt lat="39.599611032754183" lon="2.358248038217425">
<ele>240</ele>
<name>08_Mirador (6)</name>
<cmt> </cmt>
<desc></desc>
<sym>Crossing</sym>
</wpt>

<trk>
<name>Mal_08_FaF_Bioler</name>
<trkseg>
<trkpt lat="39.604775039479136" lon="2.408482041209936">
<ele>344</ele>
</trkpt>
<trkpt lat="39.604766992852092" lon="2.408479023724794">
<ele>344</ele>
</trkpt>
<trkpt lat="39.604790965095162" lon="2.408485980704427">
<ele>343</ele>
</trkpt>
<trkpt lat="39.604791970923543" lon="2.408486986532807">
<ele>343</ele>
</trkpt>
<trkpt lat="39.604793982580304" lon="2.408181969076395">
<ele>342</ele>
</trkpt>
<trkpt lat="39.604786019772291" lon="2.408103011548519">
<ele>342</ele>
</trkpt>
<trkpt lat="39.604729022830725" lon="2.407820038497448">
<ele>342</ele>
</trkpt>
<trkpt lat="39.604733968153596" lon="2.407780978828669">
<ele>341</ele>
</trkpt>
<trkpt lat="39.604749977588654" lon="2.407659022137523">
<ele>341</ele>
</trkpt>
<trkpt lat="39.604779984802008" lon="2.407609988003969">
<ele>340</ele>
</trkpt>
<trkpt lat="39.604858020320535" lon="2.40746296942234">
<ele>340</ele>
</trkpt>
<trkpt lat="39.604924991726875" lon="2.407294996082783">
<ele>340</ele>
</trkpt>
<trkpt lat="39.60499900393188" lon="2.407157029956579">
<ele>340</ele>
</trkpt>
<trkpt lat="39.605052983388305" lon="2.407034989446402">
<ele>340</ele>
</trkpt>
<trkpt lat="39.605119032785296" lon="2.406846983358264">
<ele>340</ele>
</trkpt>
<trkpt lat="39.605151973664761" lon="2.406798033043742">
<ele>340</ele>
</trkpt>
<trkpt lat="39.605198996141553" lon="2.406682027503848">
<ele>340</ele>
</trkpt>
<trkpt lat="39.605227997526526" lon="2.406612038612366">
<ele>340</ele>
</trkpt>
<trkpt lat="39.605350960046053" lon="2.406382039189339">
<ele>340</ele>
</trkpt>
<trkpt lat="39.605521028861403" lon="2.406232003122568">
<ele>340</ele>
</trkpt>
<trkpt lat="39.605668969452381" lon="2.406123960390687">
<ele>340</ele>
</trkpt>
<trkpt lat="39.605739964172244" lon="2.406097976490855">
<ele>341</ele>
</trkpt>
<trkpt lat="39.605853036046028" lon="2.406092025339603">
<ele>343</ele>
</trkpt>
<trkpt lat="39.606028972193599" lon="2.406148016452789">
<ele>344</ele>
</trkpt>
<trkpt lat="39.606103990226984" lon="2.406172994524241">
<ele>346</ele>
</trkpt>
<trkpt lat="39.606183031573892" lon="2.406175006181002">
<ele>347</ele>
</trkpt>
<trkpt lat="39.606324015185237" lon="2.406172994524241">
<ele>348</ele>
</trkpt>
<trkpt lat="39.606441026553512" lon="2.406162014231086">
<ele>350</ele>
</trkpt>
<trkpt lat="39.606569018214941" lon="2.406126977875829">
<ele>351</ele>
</trkpt>
<trkpt lat="39.606624003499746" lon="2.406129995360971">
<ele>353</ele>
</trkpt>
<trkpt lat="39.606687035411596" lon="2.406115997582674">
<ele>354</ele>
</trkpt>
<trkpt lat="39.606789965182543" lon="2.406078027561307">
<ele>354</ele>
</trkpt>
<trkpt lat="39.60688803344965" lon="2.406064029783011">
<ele>354</ele>
</trkpt>
<trkpt lat="39.607036979869008" lon="2.405998986214399">
<ele>354</ele>
</trkpt>
<trkpt lat="39.607177041471004" lon="2.405941989272833">
<ele>354</ele>
</trkpt>
<trkpt lat="39.607315007597208" lon="2.405839981511235">
<ele>354</ele>
</trkpt>
<trkpt lat="39.607433024793863" lon="2.405739985406399">
<ele>354</ele>
</trkpt>
<trkpt lat="39.607461020350456" lon="2.405695980414748">
<ele>354</ele>
</trkpt>
<trkpt lat="39.607484992593527" lon="2.405577041208744">
<ele>354</ele>
</trkpt>
<trkpt lat="39.607514999806881" lon="2.405544016510248">
<ele>354</ele>
</trkpt>
<trkpt lat="39.607602003961802" lon="2.405353998765349">
<ele>354</ele>
</trkpt>
<trkpt lat="39.60761901922524" lon="2.405241010710597">
<ele>355</ele>
</trkpt>
<trkpt lat="39.60762002505362" lon="2.405038001015782">
<ele>355</ele>
</trkpt>
<trkpt lat="39.60757702589035" lon="2.404933981597424">
<ele>356</ele>
</trkpt>
<trkpt lat="39.607549030333757" lon="2.404876984655857">
<ele>357</ele>
</trkpt>
<trkpt lat="39.607393965125084" lon="2.404636004939675">
<ele>358</ele>
</trkpt>
<trkpt lat="39.607263961806893" lon="2.404513964429498">
<ele>358</ele>
</trkpt>
<trkpt lat="39.607143010944128" lon="2.404418997466564">
<ele>359</ele>
</trkpt>
<trkpt lat="39.607122978195548" lon="2.404399970546365">
<ele>360</ele>
</trkpt>
<trkpt lat="39.607052989304066" lon="2.404311038553715">
<ele>360</ele>
</trkpt>
<trkpt lat="39.606991969048977" lon="2.404133006930351">
<ele>361</ele>
</trkpt>
<trkpt lat="39.606961961835623" lon="2.40397903136909">
<ele>360</ele>
</trkpt>
<trkpt lat="39.606927009299397" lon="2.403882974758744">
<ele>359</ele>
</trkpt>
<trkpt lat="39.606918962672353" lon="2.40372397005558">
<ele>358</ele>
</trkpt>
<trkpt lat="39.606884010136127" lon="2.403494976460934">
<ele>357</ele>
</trkpt>
<trkpt lat="39.606897002086043" lon="2.403347035869956">
<ele>356</ele>
</trkpt>
<trkpt lat="39.606921980157495" lon="2.403093986213207">
<ele>355</ele>
</trkpt>
<trkpt lat="39.606920974329114" lon="2.403065990656614">
<ele>354</ele>
</trkpt>
<trkpt lat="39.606962967664003" lon="2.402933975681663">
<ele>353</ele>
</trkpt>
<trkpt lat="39.606964979320765" lon="2.402889970690012">
<ele>352</ele>
</trkpt>
<trkpt lat="39.607035974040627" lon="2.402652008458972">
<ele>351</ele>
</trkpt>
<trkpt lat="39.607062041759491" lon="2.402485040947795">
<ele>351</ele>
</trkpt>
<trkpt lat="39.60710696876049" lon="2.402349002659321">
<ele>350</ele>
</trkpt>
<trkpt lat="39.607119038701057" lon="2.402252024039626">
<ele>350</ele>
</trkpt>
<trkpt lat="39.607131024822593" lon="2.401898978278041">
<ele>350</ele>
</trkpt>
<trkpt lat="39.607132030650973" lon="2.401823960244656">
<ele>350</ele>
</trkpt>
<trkpt lat="39.607098000124097" lon="2.401714995503426">
<ele>349</ele>
</trkpt>
<trkpt lat="39.60703999735415" lon="2.40161600522697">
<ele>349</ele>
</trkpt>
<trkpt lat="39.607029017060995" lon="2.401589015498757">
<ele>349</ele>
</trkpt>
<trkpt lat="39.60693396627903" lon="2.401429004967213">
<ele>348</ele>
</trkpt>
<trkpt lat="39.606849979609251" lon="2.401274023577571">
<ele>348</ele>
</trkpt>
<trkpt lat="39.60676297545433" lon="2.401096997782588">
<ele>348</ele>
</trkpt>
<trkpt lat="39.606742020696402" lon="2.401060033589602">
<ele>349</ele>
</trkpt>
<trkpt lat="39.606699021533132" lon="2.400957019999623">
<ele>349</ele>
</trkpt>
<trkpt lat="39.606663985177875" lon="2.400855012238026">
<ele>349</ele>
</trkpt>
<trkpt lat="39.606575975194573" lon="2.400689972564578">
<ele>350</ele>
</trkpt>
<trkpt lat="39.606463992968202" lon="2.400519987568259">
<ele>350</ele>
</trkpt>
<trkpt lat="39.606458963826299" lon="2.400505989789963">
<ele>350</ele>
</trkpt>
<trkpt lat="39.606361985206604" lon="2.400341033935547">
<ele>350</ele>
</trkpt>
<trkpt lat="39.606357961893082" lon="2.40032703615725">
<ele>351</ele>
</trkpt>
<trkpt lat="39.60624597966671" lon="2.400147998705506">
<ele>351</ele>
</trkpt>
<trkpt lat="39.606222007423639" lon="2.400098964571953">
<ele>351</ele>
</trkpt>
<trkpt lat="39.606164004653692" lon="2.400010032579303">
<ele>352</ele>
</trkpt>
<trkpt lat="39.606086974963546" lon="2.399895032867789">
<ele>352</ele>
</trkpt>
<trkpt lat="39.606069037690759" lon="2.399847004562616">
<ele>353</ele>
</trkpt>
<trkpt lat="39.606012040749192" lon="2.399733010679483">
<ele>353</ele>
</trkpt>
<trkpt lat="39.605977004393935" lon="2.399653969332576">
<ele>353</ele>
</trkpt>
<trkpt lat="39.605897963047028" lon="2.399512985721231">
<ele>354</ele>
</trkpt>
<trkpt lat="39.605824034661055" lon="2.399392034858465">
<ele>354</ele>
</trkpt>
<trkpt lat="39.605754967778921" lon="2.399200005456805">
<ele>355</ele>
</trkpt>
<trkpt lat="39.605733007192612" lon="2.399123981595039">
<ele>355</ele>
</trkpt>
<trkpt lat="39.605599986389279" lon="2.398875039070845">
<ele>355</ele>
</trkpt>
<trkpt lat="39.605480041354895" lon="2.398674041032791">
<ele>355</ele>
</trkpt>
<trkpt lat="39.605358000844717" lon="2.398476982489228">
<ele>355</ele>
</trkpt>
<trkpt lat="39.605344003066421" lon="2.398455021902919">
<ele>355</ele>
</trkpt>
<trkpt lat="39.605238977819681" lon="2.398289982229471">
<ele>355</ele>
</trkpt>
<trkpt lat="39.605178963392973" lon="2.398108011111617">
<ele>355</ele>
</trkpt>
<trkpt lat="39.605065975338221" lon="2.397926039993763">
<ele>355</ele>
</trkpt>
<trkpt lat="39.604973020032048" lon="2.397742979228497">
<ele>355</ele>
</trkpt>
<trkpt lat="39.60495600476861" lon="2.397711966186762">
<ele>355</ele>
</trkpt>
<trkpt lat="39.604881992563605" lon="2.397580035030842">
<ele>355</ele>
</trkpt>
<trkpt lat="39.604848967865109" lon="2.397437961772084">
<ele>356</ele>
</trkpt>
<trkpt lat="39.60484704002738" lon="2.397221960127354">
<ele>357</ele>
</trkpt>
<trkpt lat="39.60487000644207" lon="2.39706002175808">
<ele>358</ele>
</trkpt>
<trkpt lat="39.604906970635056" lon="2.396943010389805">
<ele>359</ele>
</trkpt>
<trkpt lat="39.604932032525539" lon="2.396829016506672">
<ele>360</ele>
</trkpt>
<trkpt lat="39.604929015040398" lon="2.396785011515021">
<ele>362</ele>
</trkpt>
<trkpt lat="39.604996992275119" lon="2.396618966013193">
<ele>363</ele>
</trkpt>
<trkpt lat="39.605074021965265" lon="2.396527016535401">
<ele>364</ele>
</trkpt>
<trkpt lat="39.605202013626695" lon="2.396410005167127">
<ele>365</ele>
</trkpt>
<trkpt lat="39.605238977819681" lon="2.396378992125392">
<ele>366</ele>
</trkpt>
<trkpt lat="39.605371998623013" lon="2.39626700989902">
<ele>367</ele>
</trkpt>
<trkpt lat="39.605306033045053" lon="2.396106999367476">
<ele>369</ele>
</trkpt>
<trkpt lat="39.605175023898482" lon="2.396056959405541">
<ele>370</ele>
</trkpt>
<trkpt lat="39.605088019743562" lon="2.395984036847949">
<ele>372</ele>
</trkpt>
<trkpt lat="39.605139987543225" lon="2.395870964974165">
<ele>373</ele>
</trkpt>
<trkpt lat="39.605244006961584" lon="2.39577298052609">
<ele>374</ele>
</trkpt>
<trkpt lat="39.605290023609996" lon="2.395754959434271">
<ele>376</ele>
</trkpt>
<trkpt lat="39.605392031371593" lon="2.395683964714408">
<ele>377</ele>
</trkpt>
<trkpt lat="39.60547199472785" lon="2.395617999136448">
<ele>379</ele>
</trkpt>
<trkpt lat="39.605488004162908" lon="2.395599978044629">
<ele>380</ele>
</trkpt>
<trkpt lat="39.605568973347545" lon="2.395491013303399">
<ele>381</ele>
</trkpt>
<trkpt lat="39.605618007481098" lon="2.395427981391549">
<ele>381</ele>
</trkpt>
<trkpt lat="39.605685984715819" lon="2.395314993336797">
<ele>382</ele>
</trkpt>
<trkpt lat="39.605766031891108" lon="2.395176021382213">
<ele>382</ele>
</trkpt>
<trkpt lat="39.605850018560886" lon="2.395008970052004">
<ele>383</ele>
</trkpt>
<trkpt lat="39.605863010510802" lon="2.394982986152172">
<ele>384</ele>
</trkpt>
<trkpt lat="39.605907015502453" lon="2.394825993105769">
<ele>384</ele>
</trkpt>
<trkpt lat="39.605939034372568" lon="2.394717028364539">
<ele>385</ele>
</trkpt>
<trkpt lat="39.605943979695439" lon="2.394650978967547">
<ele>385</ele>
</trkpt>
<trkpt lat="39.605908021330833" lon="2.39448401145637">
<ele>386</ele>
</trkpt>
<trkpt lat="39.605826968327165" lon="2.394317965954542">
<ele>386</ele>
</trkpt>
<trkpt lat="39.605786986649036" lon="2.394250994548202">
<ele>385</ele>
</trkpt>
<trkpt lat="39.605749016627669" lon="2.394173964858055">
<ele>385</ele>
</trkpt>
<trkpt lat="39.605742981657386" lon="2.394155021756887">
<ele>384</ele>
</trkpt>
<trkpt lat="39.605747004970908" lon="2.394091989845038">
<ele>384</ele>
</trkpt>
<trkpt lat="39.605795033276081" lon="2.394002974033356">
<ele>384</ele>
</trkpt>
<trkpt lat="39.605865022167563" lon="2.393867019563913">
<ele>383</ele>
</trkpt>
<trkpt lat="39.605891006067395" lon="2.393787978217006">
<ele>383</ele>
</trkpt>
<trkpt lat="39.605854041874409" lon="2.393660992383957">
<ele>382</ele>
</trkpt>
<trkpt lat="39.605816993862391" lon="2.393637020140886">
<ele>382</ele>
</trkpt>
<trkpt lat="39.605715991929173" lon="2.393493019044399">
<ele>380</ele>
</trkpt>
<trkpt lat="39.605588000267744" lon="2.393335020169616">
<ele>379</ele>
</trkpt>
<trkpt lat="39.605561010539532" lon="2.393296966329217">
<ele>377</ele>
</trkpt>
<trkpt lat="39.605490015819669" lon="2.393153971061111">
<ele>376</ele>
</trkpt>
<trkpt lat="39.605389013886452" lon="2.39300100132823">
<ele>374</ele>
</trkpt>
<trkpt lat="39.605350960046053" lon="2.392896981909871">
<ele>372</ele>
</trkpt>
<trkpt lat="39.605244006961584" lon="2.392693972215056">
<ele>371</ele>
</trkpt>
<trkpt lat="39.605238977819681" lon="2.392683997750282">
<ele>369</ele>
</trkpt>
<trkpt lat="39.605139987543225" lon="2.392518036067486">
<ele>368</ele>
</trkpt>
<trkpt lat="39.605097994208336" lon="2.39246497862041">
<ele>366</ele>
</trkpt>
<trkpt lat="39.605121966451406" lon="2.392327012494206">
<ele>365</ele>
</trkpt>
<trkpt lat="39.605165971443057" lon="2.392355008050799">
<ele>364</ele>
</trkpt>
<trkpt lat="39.605260016396642" lon="2.39246497862041">
<ele>364</ele>
</trkpt>
<trkpt lat="39.605411980301142" lon="2.392556006088853">
<ele>363</ele>
</trkpt>
<trkpt lat="39.605489009991288" lon="2.392615014687181">
<ele>362</ele>
</trkpt>
<trkpt lat="39.605547012761235" lon="2.392659019678831">
<ele>361</ele>
</trkpt>
<trkpt lat="39.605668969452381" lon="2.392667988315225">
<ele>360</ele>
</trkpt>
<trkpt lat="39.605848006904125" lon="2.392600011080504">
<ele>360</ele>
</trkpt>
<trkpt lat="39.605969963595271" lon="2.392548965290189">
<ele>359</ele>
</trkpt>
<trkpt lat="39.606023021042347" lon="2.392488028854132">
<ele>358</ele>
</trkpt>
<trkpt lat="39.606059985235333" lon="2.392307985574007">
<ele>358</ele>
</trkpt>
<trkpt lat="39.606085969135165" lon="2.392116962000728">
<ele>357</ele>
</trkpt>
<trkpt lat="39.606097033247352" lon="2.392074968665838">
<ele>356</ele>
</trkpt>
<trkpt lat="39.606129974126816" lon="2.391871036961675">
<ele>356</ele>
</trkpt>
<trkpt lat="39.606143971905112" lon="2.391691999509931">
<ele>356</ele>
</trkpt>
<trkpt lat="39.606167022138834" lon="2.391596026718617">
<ele>355</ele>
</trkpt>
<trkpt lat="39.606182025745511" lon="2.39149603061378">
<ele>354</ele>
</trkpt>
<trkpt lat="39.60620298050344" lon="2.391313975676894">
<ele>354</ele>
</trkpt>
<trkpt lat="39.606212032958865" lon="2.391168968752027">
<ele>354</ele>
</trkpt>
<trkpt lat="39.606218989938498" lon="2.391006024554372">
<ele>353</ele>
</trkpt>
<trkpt lat="39.606184037402272" lon="2.390892030671239">
<ele>353</ele>
</trkpt>
<trkpt lat="39.606178002431989" lon="2.390866968780756">
<ele>353</ele>
</trkpt>
<trkpt lat="39.606119999662042" lon="2.390679968520999">
<ele>353</ele>
</trkpt>
<trkpt lat="39.606097033247352" lon="2.390596987679601">
<ele>353</ele>
</trkpt>
<trkpt lat="39.606027966365218" lon="2.390360031276941">
<ele>352</ele>
</trkpt>
<trkpt lat="39.606017991900444" lon="2.390320971608162">
<ele>352</ele>
</trkpt>
<trkpt lat="39.605972981080413" lon="2.390202032402158">
<ele>352</ele>
</trkpt>
<trkpt lat="39.605917995795608" lon="2.390015032142401">
<ele>352</ele>
</trkpt>
<trkpt lat="39.605849012732506" lon="2.389794001355767">
<ele>352</ele>
</trkpt>
<trkpt lat="39.605799978598952" lon="2.389573976397514">
<ele>352</ele>
</trkpt>
<trkpt lat="39.605783969163895" lon="2.389517985284329">
<ele>352</ele>
</trkpt>
<trkpt lat="39.605691013857722" lon="2.38919603638351">
<ele>352</ele>
</trkpt>
<trkpt lat="39.605681039392948" lon="2.388992020860314">
<ele>351</ele>
</trkpt>
<trkpt lat="39.605678021907806" lon="2.38896201364696">
<ele>351</ele>
</trkpt>
<trkpt lat="39.605672992765903" lon="2.388742994517088">
<ele>351</ele>
</trkpt>
<trkpt lat="39.605726972222328" lon="2.388581978157163">
<ele>351</ele>
</trkpt>
<trkpt lat="39.605817999690771" lon="2.388480976223946">
<ele>351</ele>
</trkpt>
<trkpt lat="39.605855969712138" lon="2.388449041172862">
<ele>350</ele>
</trkpt>
<trkpt lat="39.606016986072063" lon="2.388423979282379">
<ele>350</ele>
</trkpt>
<trkpt lat="39.606112958863378" lon="2.388434959575534">
<ele>350</ele>
</trkpt>
<trkpt lat="39.606171967461705" lon="2.388442000374198">
<ele>349</ele>
</trkpt>
<trkpt lat="39.606285039335489" lon="2.388459015637636">
<ele>348</ele>
</trkpt>
<trkpt lat="39.606405990198255" lon="2.388477036729455">
<ele>348</ele>
</trkpt>
<trkpt lat="39.606552002951503" lon="2.388473013415933">
<ele>347</ele>
</trkpt>
<trkpt lat="39.606729028746486" lon="2.388389026746154">
<ele>346</ele>
</trkpt>
<trkpt lat="39.606784014031291" lon="2.38838198594749">
<ele>345</ele>
</trkpt>
<trkpt lat="39.606961961835623" lon="2.388421967625618">
<ele>344</ele>
</trkpt>
<trkpt lat="39.607118032872677" lon="2.388457003980875">
<ele>344</ele>
</trkpt>
<trkpt lat="39.607245018705726" lon="2.388460021466017">
<ele>343</ele>
</trkpt>
<trkpt lat="39.607272008433938" lon="2.38844602368772">
<ele>342</ele>
</trkpt>
<trkpt lat="39.607393965125084" lon="2.388350972905755">
<ele>342</ele>
</trkpt>
<trkpt lat="39.607423972338438" lon="2.388285007327795">
<ele>342</ele>
</trkpt>
<trkpt lat="39.607544001191854" lon="2.388147041201592">
<ele>342</ele>
</trkpt>
<trkpt lat="39.607610972598195" lon="2.388117033988237">
<ele>342</ele>
</trkpt>
<trkpt lat="39.607821023091674" lon="2.388130025938153">
<ele>342</ele>
</trkpt>
<trkpt lat="39.607995031401515" lon="2.388041010126472">
<ele>342</ele>
</trkpt>
<trkpt lat="39.608077006414533" lon="2.387888040393591">
<ele>342</ele>
</trkpt>
<trkpt lat="39.608076000586152" lon="2.387880999594927">
<ele>342</ele>
</trkpt>
<trkpt lat="39.60807197727263" lon="2.387858033180237">
<ele>341</ele>
</trkpt>
<trkpt lat="39.608055967837572" lon="2.387654017657042">
<ele>341</ele>
</trkpt>
<trkpt lat="39.608054039999843" lon="2.387629961594939">
<ele>341</ele>
</trkpt>
<trkpt lat="39.608041970059276" lon="2.387378001585603">
<ele>340</ele>
</trkpt>
<trkpt lat="39.608027972280979" lon="2.387357968837023">
<ele>340</ele>
</trkpt>
<trkpt lat="39.607954965904355" lon="2.387278005480766">
<ele>340</ele>
</trkpt>
<trkpt lat="39.607855975627899" lon="2.387154037132859">
<ele>340</ele>
</trkpt>
<trkpt lat="39.607826974242926" lon="2.387106008827686">
<ele>339</ele>
</trkpt>
<trkpt lat="39.607736030593514" lon="2.386909034103155">
<ele>339</ele>
</trkpt>
<trkpt lat="39.60770602338016" lon="2.386841978877783">
<ele>339</ele>
</trkpt>
<trkpt lat="39.607692025601864" lon="2.386726979166269">
<ele>338</ele>
</trkpt>
<trkpt lat="39.607697976753116" lon="2.386665958911181">
<ele>338</ele>
</trkpt>
<trkpt lat="39.607753967866302" lon="2.386545008048415">
<ele>338</ele>
</trkpt>
<trkpt lat="39.607830997556448" lon="2.386448029428721">
<ele>338</ele>
</trkpt>
<trkpt lat="39.607871985062957" lon="2.386346021667123">
<ele>337</ele>
</trkpt>
<trkpt lat="39.608010035008192" lon="2.386203026399016">
<ele>337</ele>
</trkpt>
<trkpt lat="39.608069965615869" lon="2.38614602945745">
<ele>337</ele>
</trkpt>
<trkpt lat="39.608194017782807" lon="2.38593396730721">
<ele>336</ele>
</trkpt>
<trkpt lat="39.608185971155763" lon="2.385692987591028">
<ele>336</ele>
</trkpt>
<trkpt lat="39.608142971992493" lon="2.385482015088201">
<ele>335</ele>
</trkpt>
<trkpt lat="39.608140960335732" lon="2.385467011481524">
<ele>334</ele>
</trkpt>
<trkpt lat="39.608130985870957" lon="2.385330973193049">
<ele>334</ele>
</trkpt>
<trkpt lat="39.608117993921041" lon="2.385272970423102">
<ele>333</ele>
</trkpt>
<trkpt lat="39.608132997527719" lon="2.385093010962009">
<ele>332</ele>
</trkpt>
<trkpt lat="39.608117993921041" lon="2.384853037074208">
<ele>331</ele>
</trkpt>
<trkpt lat="39.608084969222546" lon="2.384638963267207">
<ele>330</ele>
</trkpt>
<trkpt lat="39.608084969222546" lon="2.384539972990751">
<ele>330</ele>
</trkpt>
<trkpt lat="39.608130985870957" lon="2.384344004094601">
<ele>329</ele>
</trkpt>
<trkpt lat="39.608132997527719" lon="2.384296981617808">
<ele>328</ele>
</trkpt>
<trkpt lat="39.608035013079643" lon="2.384097995236516">
<ele>328</ele>
</trkpt>
<trkpt lat="39.60792101919651" lon="2.383918035775423">
<ele>328</ele>
</trkpt>
<trkpt lat="39.607914984226227" lon="2.38389004021883">
<ele>329</ele>
</trkpt>
<trkpt lat="39.607849018648267" lon="2.383808987215161">
<ele>329</ele>
</trkpt>
<trkpt lat="39.607798978686333" lon="2.383755007758737">
<ele>329</ele>
</trkpt>
<trkpt lat="39.607671992853284" lon="2.383723994717002">
<ele>329</ele>
</trkpt>
<trkpt lat="39.607480969280005" lon="2.383738998323679">
<ele>329</ele>
</trkpt>
<trkpt lat="39.607326993718743" lon="2.383732963353396">
<ele>330</ele>
</trkpt>
<trkpt lat="39.607305033132434" lon="2.383694993332028">
<ele>330</ele>
</trkpt>
<trkpt lat="39.60738399066031" lon="2.383506987243891">
<ele>330</ele>
</trkpt>
<trkpt lat="39.607395976781845" lon="2.383479997515678">
<ele>331</ele>
</trkpt>
<trkpt lat="39.60742799565196" lon="2.383444039151073">
<ele>332</ele>
</trkpt>
<trkpt lat="39.607494967058301" lon="2.383362986147404">
<ele>334</ele>
</trkpt>
<trkpt lat="39.607506031170487" lon="2.383345970883966">
<ele>335</ele>
</trkpt>
<trkpt lat="39.607628993690014" lon="2.383173974230886">
<ele>336</ele>
</trkpt>
<trkpt lat="39.607674004510045" lon="2.383073978126049">
<ele>337</ele>
</trkpt>
<trkpt lat="39.607711974531412" lon="2.382947998121381">
<ele>338</ele>
</trkpt>
<trkpt lat="39.607740975916386" lon="2.382875997573137">
<ele>340</ele>
</trkpt>
<trkpt lat="39.607752040028572" lon="2.38270802423358">
<ele>341</ele>
</trkpt>
<trkpt lat="39.607762014493346" lon="2.382590007036924">
<ele>342</ele>
</trkpt>
<trkpt lat="39.607761008664966" lon="2.382538039237261">
<ele>343</ele>
</trkpt>
<trkpt lat="39.607753967866302" lon="2.382485987618566">
<ele>344</ele>
</trkpt>
<trkpt lat="39.607777018100023" lon="2.382332012057304">
<ele>345</ele>
</trkpt>
<trkpt lat="39.607782969251275" lon="2.382307033985853">
<ele>346</ele>
</trkpt>
<trkpt lat="39.607823034748435" lon="2.382111987099052">
<ele>348</ele>
</trkpt>
<trkpt lat="39.60787802003324" lon="2.381975026801229">
<ele>349</ele>
</trkpt>
<trkpt lat="39.607880031690001" lon="2.381965974345803">
<ele>350</ele>
</trkpt>
<trkpt lat="39.607982961460948" lon="2.381802024319768">
<ele>351</ele>
</trkpt>
<trkpt lat="39.60798597894609" lon="2.381793977692723">
<ele>352</ele>
</trkpt>
<trkpt lat="39.608084969222546" lon="2.38165601156652">
<ele>353</ele>
</trkpt>
<trkpt lat="39.608139032498002" lon="2.381749972701073">
<ele>354</ele>
</trkpt>
<trkpt lat="39.608126040548086" lon="2.381861032918096">
<ele>354</ele>
</trkpt>
<trkpt lat="39.608128974214196" lon="2.381899002939463">
<ele>355</ele>
</trkpt>
<trkpt lat="39.608212960883975" lon="2.381924986839294">
<ele>356</ele>
</trkpt>
<trkpt lat="39.608220001682639" lon="2.381921969354153">
<ele>356</ele>
</trkpt>
<trkpt lat="39.608259983360767" lon="2.381887016817927">
<ele>357</ele>
</trkpt>
<trkpt lat="39.608347993344069" lon="2.3818089812994">
<ele>358</ele>
</trkpt>
<trkpt lat="39.608364002779126" lon="2.381790038198233">
<ele>358</ele>
</trkpt>
<trkpt lat="39.608481014147401" lon="2.381669003516436">
<ele>359</ele>
</trkpt>
<trkpt lat="39.608490988612175" lon="2.381653999909759">
<ele>360</ele>
</trkpt>
<trkpt lat="39.608515966683626" lon="2.381637990474701">
<ele>360</ele>
</trkpt>
<trkpt lat="39.608515966683626" lon="2.381628016009927">
<ele>361</ele>
</trkpt>
<trkpt lat="39.6085000410676" lon="2.381655005738139">
<ele>360</ele>
</trkpt>
<trkpt lat="39.608498029410839" lon="2.381658023223281">
<ele>360</ele>
</trkpt>
<trkpt lat="39.608517978340387" lon="2.381696999073029">
<ele>360</ele>
</trkpt>
<trkpt lat="39.608559971675277" lon="2.381773022934794">
<ele>359</ele>
</trkpt>
<trkpt lat="39.60863197222352" lon="2.38185198046267">
<ele>358</ele>
</trkpt>
<trkpt lat="39.60865099914372" lon="2.38187201321125">
<ele>358</ele>
</trkpt>
<trkpt lat="39.608764993026853" lon="2.381881987676024">
<ele>358</ele>
</trkpt>
<trkpt lat="39.608848979696631" lon="2.381838988512754">
<ele>357</ele>
</trkpt>
<trkpt lat="39.608872029930353" lon="2.381804035976529">
<ele>356</ele>
</trkpt>
<trkpt lat="39.608980994671583" lon="2.381674032658339">
<ele>356</ele>
</trkpt>
<trkpt lat="39.60903899744153" lon="2.38161301240325">
<ele>356</ele>
</trkpt>
<trkpt lat="39.609181992709637" lon="2.381470017135143">
<ele>357</ele>
</trkpt>
<trkpt lat="39.609219962731004" lon="2.381450990214944">
<ele>357</ele>
</trkpt>
<trkpt lat="39.60931601934135" lon="2.381372032687068">
<ele>357</ele>
</trkpt>
<trkpt lat="39.609437976032495" lon="2.381252003833652">
<ele>358</ele>
</trkpt>
<trkpt lat="39.609461026266217" lon="2.381221996620297">
<ele>358</ele>
</trkpt>
<trkpt lat="39.609535960480571" lon="2.381144966930151">
<ele>358</ele>
</trkpt>
<trkpt lat="39.60966001264751" lon="2.381090987473726">
<ele>358</ele>
</trkpt>
<trkpt lat="39.609741987660527" lon="2.381014041602612">
<ele>359</ele>
</trkpt>
<trkpt lat="39.609838966280222" lon="2.380985962226987">
<ele>359</ele>
</trkpt>
<trkpt lat="39.609890012070537" lon="2.380936006084085">
<ele>360</ele>
</trkpt>
<trkpt lat="39.609921025112271" lon="2.380872974172235">
<ele>361</ele>
</trkpt>
<trkpt lat="39.609967963770032" lon="2.38082000054419">
<ele>362</ele>
</trkpt>
<trkpt lat="39.610010040923953" lon="2.380770966410637">
<ele>363</ele>
</trkpt>
<trkpt lat="39.610096961259842" lon="2.380696032196283">
<ele>364</ele>
</trkpt>
<trkpt lat="39.610231993719935" lon="2.380567034706473">
<ele>365</ele>
</trkpt>
<trkpt lat="39.610268035903573" lon="2.380498973652721">
<ele>366</ele>
</trkpt>
<trkpt lat="39.610332995653152" lon="2.380321025848389">
<ele>367</ele>
</trkpt>
<trkpt lat="39.610340036451817" lon="2.380298981443048">
<ele>368</ele>
</trkpt>
<trkpt lat="39.610395021736622" lon="2.380171995609999">
<ele>369</ele>
</trkpt>
<trkpt lat="39.610394015908241" lon="2.380005028098822">
<ele>370</ele>
</trkpt>
<trkpt lat="39.610372977331281" lon="2.379941996186972">
<ele>370</ele>
</trkpt>
<trkpt lat="39.610380018129945" lon="2.379754995927215">
<ele>371</ele>
</trkpt>
<trkpt lat="39.61041497066617" lon="2.379643013700843">
<ele>372</ele>
</trkpt>
<trkpt lat="39.610460987314582" lon="2.379580987617374">
<ele>372</ele>
</trkpt>
<trkpt lat="39.610524019226432" lon="2.379437992349267">
<ele>373</ele>
</trkpt>
<trkpt lat="39.610614040866494" lon="2.379251997917891">
<ele>374</ele>
</trkpt>
<trkpt lat="39.610651005059481" lon="2.379104979336262">
<ele>375</ele>
</trkpt>
<trkpt lat="39.610682018101215" lon="2.37905602902174">
<ele>375</ele>
</trkpt>
<trkpt lat="39.610700039193034" lon="2.378938011825085">
<ele>376</ele>
</trkpt>
<trkpt lat="39.610699033364654" lon="2.378776995465159">
<ele>377</ele>
</trkpt>
<trkpt lat="39.610675983130932" lon="2.378752017393708">
<ele>377</ele>
</trkpt>
<trkpt lat="39.610577998682857" lon="2.378630982711911">
<ele>378</ele>
</trkpt>
<trkpt lat="39.610522007569671" lon="2.378552025184035">
<ele>379</ele>
</trkpt>
<trkpt lat="39.610417988151312" lon="2.378453034907579">
<ele>380</ele>
</trkpt>
<trkpt lat="39.6103909984231" lon="2.378433002158999">
<ele>380</ele>
</trkpt>
<trkpt lat="39.610286979004741" lon="2.378440964967012">
<ele>381</ele>
</trkpt>
<trkpt lat="39.610226964578032" lon="2.378383968025446">
<ele>382</ele>
</trkpt>
<trkpt lat="39.610190000385046" lon="2.378297969698906">
<ele>382</ele>
</trkpt>
<trkpt lat="39.610100984573364" lon="2.378166960552335">
<ele>383</ele>
</trkpt>
<trkpt lat="39.610102996230125" lon="2.378075011074543">
<ele>384</ele>
</trkpt>
<trkpt lat="39.610114982351661" lon="2.378019019961357">
<ele>385</ele>
</trkpt>
<trkpt lat="39.610163010656834" lon="2.377842999994755">
<ele>386</ele>
</trkpt>
<trkpt lat="39.610172985121608" lon="2.377821961417794">
<ele>387</ele>
</trkpt>
<trkpt lat="39.610207015648484" lon="2.377558015286923">
<ele>388</ele>
</trkpt>
<trkpt lat="39.6102390345186" lon="2.37735902890563">
<ele>388</ele>
</trkpt>
<trkpt lat="39.610266024246812" lon="2.377260960638523">
<ele>389</ele>
</trkpt>
<trkpt lat="39.610269041731954" lon="2.377237994223833">
<ele>390</ele>
</trkpt>
<trkpt lat="39.610318997874856" lon="2.377068009227514">
<ele>391</ele>
</trkpt>
<trkpt lat="39.610278010368347" lon="2.37680196762085">
<ele>392</ele>
</trkpt>
<trkpt lat="39.610271975398064" lon="2.376776989549398">
<ele>391</ele>
</trkpt>
<trkpt lat="39.610254960134625" lon="2.376652015373111">
<ele>391</ele>
</trkpt>
<trkpt lat="39.610254960134625" lon="2.376617984846234">
<ele>390</ele>
</trkpt>
<trkpt lat="39.610297959297895" lon="2.376494016498327">
<ele>389</ele>
</trkpt>
<trkpt lat="39.61030500009656" lon="2.376432996243238">
<ele>388</ele>
</trkpt>
<trkpt lat="39.61032503284514" lon="2.376336017623544">
<ele>388</ele>
</trkpt>
<trkpt lat="39.610354034230113" lon="2.376194028183818">
<ele>387</ele>
</trkpt>
<trkpt lat="39.610373983159661" lon="2.376095037907362">
<ele>386</ele>
</trkpt>
<trkpt lat="39.610360991209745" lon="2.375961011275649">
<ele>386</ele>
</trkpt>
<trkpt lat="39.610340036451817" lon="2.375873001292348">
<ele>385</ele>
</trkpt>
<trkpt lat="39.610331989824772" lon="2.375774011015892">
<ele>385</ele>
</trkpt>
<trkpt lat="39.610301982611418" lon="2.375655993819237">
<ele>386</ele>
</trkpt>
<trkpt lat="39.61030600592494" lon="2.375634033232927">
<ele>386</ele>
</trkpt>
<trkpt lat="39.610310029238462" lon="2.375608971342444">
<ele>386</ele>
</trkpt>
<trkpt lat="39.610295025631785" lon="2.375387018546462">
<ele>386</ele>
</trkpt>
<trkpt lat="39.610320003703237" lon="2.375304037705064">
<ele>387</ele>
</trkpt>
<trkpt lat="39.610326960682869" lon="2.375278975814581">
<ele>387</ele>
</trkpt>
<trkpt lat="39.61036903783679" lon="2.375035984441638">
<ele>387</ele>
</trkpt>
<trkpt lat="39.6103719715029" lon="2.374888965860009">
<ele>388</ele>
</trkpt>
<trkpt lat="39.61034900508821" lon="2.374799028038979">
<ele>388</ele>
</trkpt>
<trkpt lat="39.610356967896223" lon="2.374709006398916">
<ele>389</ele>
</trkpt>
<trkpt lat="39.610299970954657" lon="2.374615967273712">
<ele>391</ele>
</trkpt>
<trkpt lat="39.610297037288547" lon="2.37452301196754">
<ele>392</ele>
</trkpt>
<trkpt lat="39.610287984833121" lon="2.374422010034323">
<ele>393</ele>
</trkpt>
<trkpt lat="39.610270969569683" lon="2.374286977574229">
<ele>394</ele>
</trkpt>
<trkpt lat="39.610322015359998" lon="2.374181030318141">
<ele>396</ele>
</trkpt>
<trkpt lat="39.610360991209745" lon="2.374104000627995">
<ele>397</ele>
</trkpt>
<trkpt lat="39.610416982322931" lon="2.374012973159552">
<ele>398</ele>
</trkpt>
<trkpt lat="39.610449001193047" lon="2.373909959569573">
<ele>400</ele>
</trkpt>
<trkpt lat="39.610411031171679" lon="2.373769981786609">
<ele>401</ele>
</trkpt>
<trkpt lat="39.610440032556653" lon="2.373694963753223">
<ele>402</ele>
</trkpt>
<trkpt lat="39.610452018678188" lon="2.373662022873759">
<ele>404</ele>
</trkpt>
<trkpt lat="39.610503986477852" lon="2.37353403121233">
<ele>405</ele>
</trkpt>
<trkpt lat="39.610536005347967" lon="2.373426994308829">
<ele>406</ele>
</trkpt>
<trkpt lat="39.610527036711574" lon="2.37331903539598">
<ele>408</ele>
</trkpt>
<trkpt lat="39.610527036711574" lon="2.373279975727201">
<ele>409</ele>
</trkpt>
<trkpt lat="39.610516978427768" lon="2.373138992115855">
<ele>410</ele>
</trkpt>
<trkpt lat="39.610551008954644" lon="2.372979987412691">
<ele>411</ele>
</trkpt>
<trkpt lat="39.610575987026095" lon="2.372825006023049">
<ele>413</ele>
</trkpt>
<trkpt lat="39.610603982582688" lon="2.372616967186332">
<ele>414</ele>
</trkpt>
<trkpt lat="39.61062896065414" lon="2.372582014650106">
<ele>415</ele>
</trkpt>
<trkpt lat="39.610637007281184" lon="2.372495010495186">
<ele>417</ele>
</trkpt>
<trkpt lat="39.610663997009397" lon="2.372414963319898">
<ele>418</ele>
</trkpt>
<trkpt lat="39.610738009214401" lon="2.372279008850455">
<ele>419</ele>
</trkpt>
<trkpt lat="39.610790982842445" lon="2.372179012745619">
<ele>420</ele>
</trkpt>
<trkpt lat="39.610792994499207" lon="2.372083039954305">
<ele>422</ele>
</trkpt>
<trkpt lat="39.610796011984348" lon="2.371963011100888">
<ele>423</ele>
</trkpt>
<trkpt lat="39.610803974792361" lon="2.371850023046136">
<ele>424</ele>
</trkpt>
<trkpt lat="39.610788971185684" lon="2.371769975870848">
<ele>426</ele>
</trkpt>
<trkpt lat="39.610796011984348" lon="2.371650030836463">
<ele>427</ele>
</trkpt>
<trkpt lat="39.610811015591025" lon="2.37162203527987">
<ele>428</ele>
</trkpt>
<trkpt lat="39.610789977014065" lon="2.37138700671494">
<ele>428</ele>
</trkpt>
<trkpt lat="39.610787965357304" lon="2.371378960087895">
<ele>429</ele>
</trkpt>
<trkpt lat="39.610785031691194" lon="2.371370997279882">
<ele>430</ele>
</trkpt>
<trkpt lat="39.610780002549291" lon="2.371362028643489">
<ele>430</ele>
</trkpt>
<trkpt lat="39.610724011436105" lon="2.371268989518285">
<ele>431</ele>
</trkpt>
<trkpt lat="39.610661985352635" lon="2.371104033663869">
<ele>432</ele>
</trkpt>
<trkpt lat="39.610659973695874" lon="2.371093975380063">
<ele>433</ele>
</trkpt>
<trkpt lat="39.610646981745958" lon="2.370930025354028">
<ele>433</ele>
</trkpt>
<trkpt lat="39.610655028373003" lon="2.370786024257541">
<ele>434</ele>
</trkpt>
<trkpt lat="39.610651005059481" lon="2.370768003165722">
<ele>435</ele>
</trkpt>
<trkpt lat="39.610617980360985" lon="2.370717041194439">
<ele>435</ele>
</trkpt>
<trkpt lat="39.610568024218082" lon="2.370601035654545">
<ele>436</ele>
</trkpt>
<trkpt lat="39.610530976206064" lon="2.370531968772411">
<ele>436</ele>
</trkpt>
<trkpt lat="39.610489988699555" lon="2.370473966002464">
<ele>437</ele>
</trkpt>
<trkpt lat="39.610364008694887" lon="2.370366007089615">
<ele>438</ele>
</trkpt>
<trkpt lat="39.61032603867352" lon="2.370330970734358">
<ele>438</ele>
</trkpt>
<trkpt lat="39.610240962356329" lon="2.370300963521004">
<ele>439</ele>
</trkpt>
<trkpt lat="39.610157981514931" lon="2.370210019871593">
<ele>439</ele>
</trkpt>
<trkpt lat="39.61007097736001" lon="2.370138019323349">
<ele>440</ele>
</trkpt>
<trkpt lat="39.609985984861851" lon="2.370020002126694">
<ele>440</ele>
</trkpt>
<trkpt lat="39.609948014840484" lon="2.36988396383822">
<ele>440</ele>
</trkpt>
<trkpt lat="39.609920019283891" lon="2.369816992431879">
<ele>440</ele>
</trkpt>
<trkpt lat="39.609896969050169" lon="2.369710961356759">
<ele>440</ele>
</trkpt>
<trkpt lat="39.60994097404182" lon="2.369632003828883">
<ele>440</ele>
</trkpt>
<trkpt lat="39.609938962385058" lon="2.369485991075635">
<ele>440</ele>
</trkpt>
<trkpt lat="39.609937034547329" lon="2.369437962770462">
<ele>440</ele>
</trkpt>
<trkpt lat="39.609936028718948" lon="2.369408961385489">
<ele>440</ele>
</trkpt>
<trkpt lat="39.609997970983386" lon="2.369221039116383">
<ele>440</ele>
</trkpt>
<trkpt lat="39.610013980418444" lon="2.369189020246267">
<ele>440</ele>
</trkpt>
<trkpt lat="39.610110959038138" lon="2.369065973907709">
<ele>440</ele>
</trkpt>
<trkpt lat="39.610152030363679" lon="2.368968995288014">
<ele>440</ele>
</trkpt>
<trkpt lat="39.610157981514931" lon="2.368962960317731">
<ele>440</ele>
</trkpt>
<trkpt lat="39.610157981514931" lon="2.368962960317731">
<ele>440</ele>
</trkpt>
<trkpt lat="39.610162004828453" lon="2.368952985852957">
<ele>440</ele>
</trkpt>
<trkpt lat="39.610162004828453" lon="2.368952985852957">
<ele>439</ele>
</trkpt>
<trkpt lat="39.610163010656834" lon="2.368936976417899">
<ele>439</ele>
</trkpt>
<trkpt lat="39.610165022313595" lon="2.368932031095028">
<ele>439</ele>
</trkpt>
<trkpt lat="39.610168961808085" lon="2.368927001953125">
<ele>439</ele>
</trkpt>
<trkpt lat="39.610168961808085" lon="2.368927001953125">
<ele>439</ele>
</trkpt>
<trkpt lat="39.610163010656834" lon="2.36900101415813">
<ele>438</ele>
</trkpt>
<trkpt lat="39.610093021765351" lon="2.369077038019896">
<ele>438</ele>
</trkpt>
<trkpt lat="39.610053040087223" lon="2.369129005819559">
<ele>438</ele>
</trkpt>
<trkpt lat="39.609967963770032" lon="2.36932497471571">
<ele>438</ele>
</trkpt>
<trkpt lat="39.60996201261878" lon="2.369442991912365">
<ele>439</ele>
</trkpt>
<trkpt lat="39.609980033710599" lon="2.369591016322374">
<ele>439</ele>
</trkpt>
<trkpt lat="39.609914990141988" lon="2.369719007983804">
<ele>440</ele>
</trkpt>
<trkpt lat="39.60987500846386" lon="2.36977499909699">
<ele>440</ele>
</trkpt>
<trkpt lat="39.609808037057519" lon="2.369951019063592">
<ele>440</ele>
</trkpt>
<trkpt lat="39.609734024852514" lon="2.370043974369764">
<ele>441</ele>
</trkpt>
<trkpt lat="39.609680967405438" lon="2.370125027373433">
<ele>441</ele>
</trkpt>
<trkpt lat="39.609609972685575" lon="2.370216976851225">
<ele>442</ele>
</trkpt>
<trkpt lat="39.609582982957363" lon="2.370343962684274">
<ele>442</ele>
</trkpt>
<trkpt lat="39.609603015705943" lon="2.370472960174084">
<ele>442</ele>
</trkpt>
<trkpt lat="39.609547024592757" lon="2.370621990412474">
<ele>442</ele>
</trkpt>
<trkpt lat="39.609481981024146" lon="2.370657026767731">
<ele>443</ele>
</trkpt>
<trkpt lat="39.609348038211465" lon="2.370722992345691">
<ele>443</ele>
</trkpt>
<trkpt lat="39.609236977994442" lon="2.370777977630496">
<ele>443</ele>
</trkpt>
<trkpt lat="39.609186016023159" lon="2.370774038136005">
<ele>443</ele>
</trkpt>
<trkpt lat="39.609097000211477" lon="2.370752999559045">
<ele>443</ele>
</trkpt>
<trkpt lat="39.609049977734685" lon="2.370744030922651">
<ele>444</ele>
</trkpt>
<trkpt lat="39.608963979408145" lon="2.370710000395775">
<ele>444</ele>
</trkpt>
<trkpt lat="39.608901031315327" lon="2.370700025931001">
<ele>444</ele>
</trkpt>
<trkpt lat="39.608762981370091" lon="2.370727015659213">
<ele>444</ele>
</trkpt>
<trkpt lat="39.608696009963751" lon="2.370680999010801">
<ele>445</ele>
</trkpt>
<trkpt lat="39.608675977215171" lon="2.370664989575744">
<ele>445</ele>
</trkpt>
<trkpt lat="39.608551003038883" lon="2.37056901678443">
<ele>446</ele>
</trkpt>
<trkpt lat="39.608471039682627" lon="2.370520988479257">
<ele>446</ele>
</trkpt>
<trkpt lat="39.608399961143732" lon="2.370602963492274">
<ele>446</ele>
</trkpt>
<trkpt lat="39.608355034142733" lon="2.370731960982084">
<ele>447</ele>
</trkpt>
<trkpt lat="39.608269035816193" lon="2.370746964588761">
<ele>447</ele>
</trkpt>
<trkpt lat="39.608059991151094" lon="2.370732966810465">
<ele>448</ele>
</trkpt>
<trkpt lat="39.607976004481316" lon="2.370769008994103">
<ele>448</ele>
</trkpt>
<trkpt lat="39.607934011146426" lon="2.370760962367058">
<ele>448</ele>
</trkpt>
<trkpt lat="39.607868967577815" lon="2.370786024257541">
<ele>448</ele>
</trkpt>
<trkpt lat="39.607796967029572" lon="2.370857018977404">
<ele>448</ele>
</trkpt>
<trkpt lat="39.607732007279992" lon="2.370899012312293">
<ele>448</ele>
</trkpt>
<trkpt lat="39.607638968154788" lon="2.370971012860537">
<ele>448</ele>
</trkpt>
<trkpt lat="39.607504019513726" lon="2.371050976216793">
<ele>448</ele>
</trkpt>
<trkpt lat="39.607397988438606" lon="2.371124988421798">
<ele>448</ele>
</trkpt>
<trkpt lat="39.607370998710394" lon="2.371168993413448">
<ele>448</ele>
</trkpt>
<trkpt lat="39.607162037864327" lon="2.371223978698254">
<ele>448</ele>
</trkpt>
<trkpt lat="39.607065981253982" lon="2.371243005618453">
<ele>448</ele>
</trkpt>
<trkpt lat="39.60697403177619" lon="2.371262032538652">
<ele>447</ele>
</trkpt>
<trkpt lat="39.606877975165844" lon="2.371281981468201">
<ele>446</ele>
</trkpt>
<trkpt lat="39.606874035671353" lon="2.371265972033143">
<ele>444</ele>
</trkpt>
<trkpt lat="39.606859032064676" lon="2.371253985911608">
<ele>443</ele>
</trkpt>
<trkpt lat="39.606784014031291" lon="2.371209980919957">
<ele>442</ele>
</trkpt>
<trkpt lat="39.606753000989556" lon="2.371211992576718">
<ele>441</ele>
</trkpt>
<trkpt lat="39.606753000989556" lon="2.371210986748338">
<ele>440</ele>
</trkpt>
<trkpt lat="39.606733974069357" lon="2.3711939714849">
<ele>438</ele>
</trkpt>
<trkpt lat="39.606715030968189" lon="2.371161030605435">
<ele>437</ele>
</trkpt>
<trkpt lat="39.606710001826286" lon="2.370985010638833">
<ele>436</ele>
</trkpt>
<trkpt lat="39.606687035411596" lon="2.370938993990421">
<ele>434</ele>
</trkpt>
<trkpt lat="39.606591984629631" lon="2.370794992893934">
<ele>432</ele>
</trkpt>
<trkpt lat="39.606579998508096" lon="2.370750987902284">
<ele>430</ele>
</trkpt>
<trkpt lat="39.606544962152839" lon="2.370670018717647">
<ele>428</ele>
</trkpt>
<trkpt lat="39.606459969654679" lon="2.370578991249204">
<ele>426</ele>
</trkpt>
<trkpt lat="39.606385035440326" lon="2.370562981814146">
<ele>424</ele>
</trkpt>
<trkpt lat="39.606256959959865" lon="2.370470026507974">
<ele>422</ele>
</trkpt>
<trkpt lat="39.606222007423639" lon="2.370374975726008">
<ele>420</ele>
</trkpt>
<trkpt lat="39.606204992160201" lon="2.370304986834526">
<ele>418</ele>
</trkpt>
<trkpt lat="39.606158975511789" lon="2.370267016813159">
<ele>416</ele>
</trkpt>
<trkpt lat="39.606106001883745" lon="2.370167020708323">
<ele>414</ele>
</trkpt>
<trkpt lat="39.606099966913462" lon="2.370135001838207">
<ele>413</ele>
</trkpt>
<trkpt lat="39.606006005778909" lon="2.369979014620185">
<ele>411</ele>
</trkpt>
<trkpt lat="39.605925036594272" lon="2.369870971888304">
<ele>409</ele>
</trkpt>
<trkpt lat="39.605896035209298" lon="2.36979897134006">
<ele>408</ele>
</trkpt>
<trkpt lat="39.605829985812306" lon="2.369678020477295">
<ele>406</ele>
</trkpt>
<trkpt lat="39.605687996372581" lon="2.369489008560777">
<ele>404</ele>
</trkpt>
<trkpt lat="39.605647008866072" lon="2.369383983314037">
<ele>402</ele>
</trkpt>
<trkpt lat="39.605595041066408" lon="2.369287004694343">
<ele>401</ele>
</trkpt>
<trkpt lat="39.605519017204642" lon="2.369256997480989">
<ele>399</ele>
</trkpt>
<trkpt lat="39.605419021099806" lon="2.369287004694343">
<ele>397</ele>
</trkpt>
<trkpt lat="39.605393037199974" lon="2.36928298138082">
<ele>395</ele>
</trkpt>
<trkpt lat="39.605294968932867" lon="2.369269989430904">
<ele>393</ele>
</trkpt>
<trkpt lat="39.605196984484792" lon="2.36921701580286">
<ele>391</ele>
</trkpt>
<trkpt lat="39.605096988379955" lon="2.369102016091347">
<ele>390</ele>
</trkpt>
<trkpt lat="39.605059018358588" lon="2.369076032191515">
<ele>388</ele>
</trkpt>
<trkpt lat="39.604987017810345" lon="2.368963966146112">
<ele>386</ele>
</trkpt>
<trkpt lat="39.604993974789977" lon="2.368816025555134">
<ele>384</ele>
</trkpt>
<trkpt lat="39.604972014203668" lon="2.368736984208226">
<ele>382</ele>
</trkpt>
<trkpt lat="39.604851985350251" lon="2.368645034730434">
<ele>380</ele>
</trkpt>
<trkpt lat="39.604787025600672" lon="2.368671018630266">
<ele>378</ele>
</trkpt>
<trkpt lat="39.604695998132229" lon="2.368793981149793">
<ele>377</ele>
</trkpt>
<trkpt lat="39.604627015069127" lon="2.368876961991191">
<ele>375</ele>
</trkpt>
<trkpt lat="39.604589967057109" lon="2.368930019438267">
<ele>374</ele>
</trkpt>
<trkpt lat="39.604520983994007" lon="2.369019035249949">
<ele>372</ele>
</trkpt>
<trkpt lat="39.604496005922556" lon="2.3690249864012">
<ele>370</ele>
</trkpt>
<trkpt lat="39.604375977069139" lon="2.369062034413219">
<ele>369</ele>
</trkpt>
<trkpt lat="39.60420498624444" lon="2.36895801499486">
<ele>367</ele>
</trkpt>
<trkpt lat="39.604108007624745" lon="2.368892971426249">
<ele>366</ele>
</trkpt>
<trkpt lat="39.604044975712895" lon="2.368846032768488">
<ele>364</ele>
</trkpt>
<trkpt lat="39.603909021243453" lon="2.36878601834178">
<ele>364</ele>
</trkpt>
<trkpt lat="39.60390399210155" lon="2.368777971714735">
<ele>363</ele>
</trkpt>
<trkpt lat="39.603743981570005" lon="2.368778977543116">
<ele>363</ele>
</trkpt>
<trkpt lat="39.603684972971678" lon="2.368773026391864">
<ele>363</ele>
</trkpt>
<trkpt lat="39.603530997410417" lon="2.368741007521749">
<ele>362</ele>
</trkpt>
<trkpt lat="39.603384984657168" lon="2.368746036663652">
<ele>362</ele>
</trkpt>
<trkpt lat="39.6032780315727" lon="2.368687028065324">
<ele>362</ele>
</trkpt>
<trkpt lat="39.603242995217443" lon="2.368672024458647">
<ele>362</ele>
</trkpt>
<trkpt lat="39.603092959150672" lon="2.368603041395545">
<ele>361</ele>
</trkpt>
<trkpt lat="39.603016013279557" lon="2.368575967848301">
<ele>361</ele>
</trkpt>
<trkpt lat="39.602933032438159" lon="2.36852902919054">
<ele>360</ele>
</trkpt>
<trkpt lat="39.602882992476225" lon="2.36844202503562">
<ele>360</ele>
</trkpt>
<trkpt lat="39.602825995534658" lon="2.368355020880699">
<ele>359</ele>
</trkpt>
<trkpt lat="39.602775033563375" lon="2.368253013119102">
<ele>358</ele>
</trkpt>
<trkpt lat="39.602719964459538" lon="2.368158968165517">
<ele>358</ele>
</trkpt>
<trkpt lat="39.602557020261884" lon="2.36797004006803">
<ele>357</ele>
</trkpt>
<trkpt lat="39.602532964199781" lon="2.36795000731945">
<ele>356</ele>
</trkpt>
<trkpt lat="39.602439003065228" lon="2.367810029536486">
<ele>355</ele>
</trkpt>
<trkpt lat="39.602369014173746" lon="2.367703998461366">
<ele>355</ele>
</trkpt>
<trkpt lat="39.602351998910308" lon="2.367687989026308">
<ele>354</ele>
</trkpt>
<trkpt lat="39.60227002389729" lon="2.36756200902164">
<ele>353</ele>
</trkpt>
<trkpt lat="39.60220699198544" lon="2.367479028180242">
<ele>352</ele>
</trkpt>
<trkpt lat="39.602130968123674" lon="2.367341984063387">
<ele>351</ele>
</trkpt>
<trkpt lat="39.602089980617166" lon="2.367268977686763">
<ele>350</ele>
</trkpt>
<trkpt lat="39.60201202891767" lon="2.367105027660728">
<ele>349</ele>
</trkpt>
<trkpt lat="39.601966012269258" lon="2.366962032392621">
<ele>348</ele>
</trkpt>
<trkpt lat="39.601942040026188" lon="2.366857007145882">
<ele>347</ele>
</trkpt>
<trkpt lat="39.601888982579112" lon="2.366667995229363">
<ele>346</ele>
</trkpt>
<trkpt lat="39.601835003122687" lon="2.366547966375947">
<ele>345</ele>
</trkpt>
<trkpt lat="39.601812958717346" lon="2.366511002182961">
<ele>344</ele>
</trkpt>
<trkpt lat="39.601683039218187" lon="2.36629500053823">
<ele>343</ele>
</trkpt>
<trkpt lat="39.60167096927762" lon="2.366263987496495">
<ele>342</ele>
</trkpt>
<trkpt lat="39.6015390381217" lon="2.366083022207022">
<ele>341</ele>
</trkpt>
<trkpt lat="39.60145203396678" lon="2.365946983918548">
<ele>340</ele>
</trkpt>
<trkpt lat="39.601447004824877" lon="2.365942960605025">
<ele>340</ele>
</trkpt>
<trkpt lat="39.601297974586487" lon="2.365663005039096">
<ele>339</ele>
</trkpt>
<trkpt lat="39.601253969594836" lon="2.365556973963976">
<ele>338</ele>
</trkpt>
<trkpt lat="39.601200995966792" lon="2.365453038364649">
<ele>337</ele>
</trkpt>
<trkpt lat="39.601191021502018" lon="2.365427976474166">
<ele>336</ele>
</trkpt>
<trkpt lat="39.601081972941756" lon="2.365267965942621">
<ele>335</ele>
</trkpt>
<trkpt lat="39.601048026233912" lon="2.365227984264493">
<ele>334</ele>
</trkpt>
<trkpt lat="39.601011984050274" lon="2.365076020359993">
<ele>333</ele>
</trkpt>
<trkpt lat="39.600952975451946" lon="2.364950962364674">
<ele>332</ele>
</trkpt>
<trkpt lat="39.600926991552114" lon="2.364902012050152">
<ele>331</ele>
</trkpt>
<trkpt lat="39.600879969075322" lon="2.364797992631793">
<ele>330</ele>
</trkpt>
<trkpt lat="39.600841999053955" lon="2.364713000133634">
<ele>328</ele>
</trkpt>
<trkpt lat="39.600816015154123" lon="2.36466396600008">
<ele>327</ele>
</trkpt>
<trkpt lat="39.600777961313725" lon="2.364543015137315">
<ele>326</ele>
</trkpt>
<trkpt lat="39.60076698102057" lon="2.364505967125297">
<ele>325</ele>
</trkpt>
<trkpt lat="39.600650975480676" lon="2.36436297185719">
<ele>324</ele>
</trkpt>
<trkpt lat="39.600586015731096" lon="2.364298012107611">
<ele>323</ele>
</trkpt>
<trkpt lat="39.600494988262653" lon="2.364127021282911">
<ele>321</ele>
</trkpt>
<trkpt lat="39.600450983271003" lon="2.364068012684584">
<ele>320</ele>
</trkpt>
<trkpt lat="39.600415024906397" lon="2.364029036834836">
<ele>319</ele>
</trkpt>
<trkpt lat="39.600273035466671" lon="2.363799037411809">
<ele>318</ele>
</trkpt>
<trkpt lat="39.600192988291383" lon="2.363678002730012">
<ele>316</ele>
</trkpt>
<trkpt lat="39.60016499273479" lon="2.36363098025322">
<ele>315</ele>
</trkpt>
<trkpt lat="39.60005602799356" lon="2.363503994420171">
<ele>314</ele>
</trkpt>
<trkpt lat="39.600027026608586" lon="2.363506006076932">
<ele>312</ele>
</trkpt>
<trkpt lat="39.599957959726453" lon="2.363371979445219">
<ele>311</ele>
</trkpt>
<trkpt lat="39.599896017462015" lon="2.363258991390467">
<ele>310</ele>
</trkpt>
<trkpt lat="39.599871039390564" lon="2.363207023590803">
<ele>308</ele>
</trkpt>
<trkpt lat="39.599807001650333" lon="2.36311499029398">
<ele>306</ele>
</trkpt>
<trkpt lat="39.599700970575213" lon="2.362948022782803">
<ele>305</ele>
</trkpt>
<trkpt lat="39.599640034139156" lon="2.362876022234559">
<ele>304</ele>
</trkpt>
<trkpt lat="39.59962997585535" lon="2.362879039719701">
<ele>302</ele>
</trkpt>
<trkpt lat="39.599608015269041" lon="2.362849032506347">
<ele>300</ele>
</trkpt>
<trkpt lat="39.59952101111412" lon="2.36270503140986">
<ele>299</ele>
</trkpt>
<trkpt lat="39.599481029435992" lon="2.362628001719713">
<ele>298</ele>
</trkpt>
<trkpt lat="39.599443981423974" lon="2.362559018656611">
<ele>296</ele>
</trkpt>
<trkpt lat="39.599363012239337" lon="2.362518031150103">
<ele>294</ele>
</trkpt>
<trkpt lat="39.599270978942513" lon="2.362395990639925">
<ele>292</ele>
</trkpt>
<trkpt lat="39.59926201030612" lon="2.362333964556456">
<ele>290</ele>
</trkpt>
<trkpt lat="39.599255975335836" lon="2.362203039228916">
<ele>288</ele>
</trkpt>
<trkpt lat="39.599252035841346" lon="2.362155010923743">
<ele>286</ele>
</trkpt>
<trkpt lat="39.599338034167886" lon="2.361924005672336">
<ele>284</ele>
</trkpt>
<trkpt lat="39.599357983097434" lon="2.3619120195508">
<ele>282</ele>
</trkpt>
<trkpt lat="39.599470971152186" lon="2.361791990697384">
<ele>280</ele>
</trkpt>
<trkpt lat="39.599565016105771" lon="2.361717978492379">
<ele>278</ele>
</trkpt>
<trkpt lat="39.599707005545497" lon="2.361672967672348">
<ele>276</ele>
</trkpt>
<trkpt lat="39.599874978885055" lon="2.361693000420928">
<ele>274</ele>
</trkpt>
<trkpt lat="39.599900962784886" lon="2.361695012077689">
<ele>273</ele>
</trkpt>
<trkpt lat="39.600087963044643" lon="2.361708004027605">
<ele>272</ele>
</trkpt>
<trkpt lat="39.600084023550153" lon="2.361673973500729">
<ele>270</ele>
</trkpt>
<trkpt lat="39.600034989416599" lon="2.361585963517427">
<ele>268</ele>
</trkpt>
<trkpt lat="39.600019985809922" lon="2.36152502708137">
<ele>267</ele>
</trkpt>
<trkpt lat="39.599904986098409" lon="2.361468030139804">
<ele>266</ele>
</trkpt>
<trkpt lat="39.59984396584332" lon="2.361430982127786">
<ele>264</ele>
</trkpt>
<trkpt lat="39.599742041900754" lon="2.361345989629626">
<ele>262</ele>
</trkpt>
<trkpt lat="39.59973600693047" lon="2.361341966316104">
<ele>261</ele>
</trkpt>
<trkpt lat="39.599615978077054" lon="2.361243981868029">
<ele>260</ele>
</trkpt>
<trkpt lat="39.599583959206939" lon="2.361182039603591">
<ele>259</ele>
</trkpt>
<trkpt lat="39.599518999457359" lon="2.36107500270009">
<ele>259</ele>
</trkpt>
<trkpt lat="39.599488992244005" lon="2.360986992716789">
<ele>258</ele>
</trkpt>
<trkpt lat="39.599584965035319" lon="2.360984981060028">
<ele>257</ele>
</trkpt>
<trkpt lat="39.599601980298758" lon="2.360998978838325">
<ele>256</ele>
</trkpt>
<trkpt lat="39.599621007218957" lon="2.361041978001595">
<ele>256</ele>
</trkpt>
<trkpt lat="39.599709017202258" lon="2.3610969632864">
<ele>255</ele>
</trkpt>
<trkpt lat="39.599782023578882" lon="2.361128982156515">
<ele>254</ele>
</trkpt>
<trkpt lat="39.59988403134048" lon="2.361119007691741">
<ele>253</ele>
</trkpt>
<trkpt lat="39.59992703050375" lon="2.36109503544867">
<ele>252</ele>
</trkpt>
<trkpt lat="39.599831979721785" lon="2.360867969691753">
<ele>252</ele>
</trkpt>
<trkpt lat="39.599845977500081" lon="2.360848020762205">
<ele>251</ele>
</trkpt>
<trkpt lat="39.599846983328462" lon="2.360849026590586">
<ele>250</ele>
</trkpt>
<trkpt lat="39.599855029955506" lon="2.36083603464067">
<ele>250</ele>
</trkpt>
<trkpt lat="39.599925018846989" lon="2.360805021598935">
<ele>250</ele>
</trkpt>
<trkpt lat="39.599946979433298" lon="2.360806027427316">
<ele>250</ele>
</trkpt>
<trkpt lat="39.600114030763507" lon="2.36081600189209">
<ele>250</ele>
</trkpt>
<trkpt lat="39.600148983299732" lon="2.360798986628652">
<ele>250</ele>
</trkpt>
<trkpt lat="39.600239004939795" lon="2.360744001343846">
<ele>251</ele>
</trkpt>
<trkpt lat="39.600261971354485" lon="2.360704019665718">
<ele>251</ele>
</trkpt>
<trkpt lat="39.600249985232949" lon="2.360383998602629">
<ele>251</ele>
</trkpt>
<trkpt lat="39.600248979404569" lon="2.360338987782598">
<ele>251</ele>
</trkpt>
<trkpt lat="39.600161975249648" lon="2.360166991129518">
<ele>251</ele>
</trkpt>
<trkpt lat="39.600124005228281" lon="2.360061965882778">
<ele>250</ele>
</trkpt>
<trkpt lat="39.600070025771856" lon="2.359882006421685">
<ele>249</ele>
</trkpt>
<trkpt lat="39.600085029378533" lon="2.359832972288132">
<ele>247</ele>
</trkpt>
<trkpt lat="39.600118976086378" lon="2.359706992283464">
<ele>246</ele>
</trkpt>
<trkpt lat="39.60009902715683" lon="2.359646977856755">
<ele>245</ele>
</trkpt>
<trkpt lat="39.600077988579869" lon="2.359625017270446">
<ele>244</ele>
</trkpt>
<trkpt lat="39.59999400191009" lon="2.359396023675799">
<ele>243</ele>
</trkpt>
<trkpt lat="39.599984027445316" lon="2.359328968450427">
<ele>241</ele>
</trkpt>
<trkpt lat="39.599987966939807" lon="2.359177004545927">
<ele>240</ele>
</trkpt>
<trkpt lat="39.599937004968524" lon="2.359106009826064">
<ele>239</ele>
</trkpt>
<trkpt lat="39.599943039938807" lon="2.359074996784329">
<ele>239</ele>
</trkpt>
<trkpt lat="39.599922001361847" lon="2.358994027599692">
<ele>239</ele>
</trkpt>
<trkpt lat="39.59992703050375" lon="2.358880033716559">
<ele>239</ele>
</trkpt>
<trkpt lat="39.599935999140143" lon="2.358863018453121">
<ele>239</ele>
</trkpt>
<trkpt lat="39.599814964458346" lon="2.358680041506887">
<ele>239</ele>
</trkpt>
<trkpt lat="39.599761990830302" lon="2.358595971018076">
<ele>240</ele>
</trkpt>
<trkpt lat="39.599684039130807" lon="2.358532017096877">
<ele>240</ele>
</trkpt>
<trkpt lat="39.59967297501862" lon="2.35843101516366">
<ele>240</ele>
</trkpt>
<trkpt lat="39.599689990282059" lon="2.358393967151642">
<ele>240</ele>
</trkpt>
<trkpt lat="39.59962997585535" lon="2.358263041824102">
<ele>240</ele>
</trkpt>
<trkpt lat="39.599611032754183" lon="2.358248038217425">
<ele>240</ele>
</trkpt>
<trkpt lat="39.599612038582563" lon="2.358248038217425">
<ele>241</ele>
</trkpt>
<trkpt lat="39.599612038582563" lon="2.358248038217425">
<ele>242</ele>
</trkpt>
<trkpt lat="39.599612038582563" lon="2.358248038217425">
<ele>243</ele>
</trkpt>
<trkpt lat="39.599689990282059" lon="2.358393967151642">
<ele>244</ele>
</trkpt>
<trkpt lat="39.599670963361859" lon="2.358411988243461">
<ele>244</ele>
</trkpt>
<trkpt lat="39.59967297501862" lon="2.35843101516366">
<ele>245</ele>
</trkpt>
<trkpt lat="39.599761990830302" lon="2.358595971018076">
<ele>246</ele>
</trkpt>
<trkpt lat="39.599814964458346" lon="2.358680041506887">
<ele>247</ele>
</trkpt>
<trkpt lat="39.599895011633635" lon="2.358793029561639">
<ele>248</ele>
</trkpt>
<trkpt lat="39.599937004968524" lon="2.358817001804709">
<ele>249</ele>
</trkpt>
<trkpt lat="39.59992703050375" lon="2.358880033716559">
<ele>249</ele>
</trkpt>
<trkpt lat="39.599922001361847" lon="2.358994027599692">
<ele>249</ele>
</trkpt>
<trkpt lat="39.599937004968524" lon="2.359106009826064">
<ele>248</ele>
</trkpt>
<trkpt lat="39.599987966939807" lon="2.359177004545927">
<ele>248</ele>
</trkpt>
<trkpt lat="39.599984027445316" lon="2.359328968450427">
<ele>248</ele>
</trkpt>
<trkpt lat="39.59999400191009" lon="2.359396023675799">
<ele>248</ele>
</trkpt>
<trkpt lat="39.600010011345148" lon="2.359541030600667">
<ele>248</ele>
</trkpt>
<trkpt lat="39.600053010508418" lon="2.359614036977291">
<ele>247</ele>
</trkpt>
<trkpt lat="39.60009902715683" lon="2.359646977856755">
<ele>247</ele>
</trkpt>
<trkpt lat="39.600085029378533" lon="2.359832972288132">
<ele>247</ele>
</trkpt>
<trkpt lat="39.600070025771856" lon="2.359882006421685">
<ele>247</ele>
</trkpt>
<trkpt lat="39.600093998014927" lon="2.35999901778996">
<ele>247</ele>
</trkpt>
<trkpt lat="39.600124005228281" lon="2.360061965882778">
<ele>248</ele>
</trkpt>
<trkpt lat="39.600161975249648" lon="2.360166991129518">
<ele>248</ele>
</trkpt>
<trkpt lat="39.600248979404569" lon="2.360338987782598">
<ele>248</ele>
</trkpt>
<trkpt lat="39.600276974961162" lon="2.360548032447696">
<ele>248</ele>
</trkpt>
<trkpt lat="39.600268006324768" lon="2.360656997188926">
<ele>248</ele>
</trkpt>
<trkpt lat="39.600261971354485" lon="2.360704019665718">
<ele>249</ele>
</trkpt>
<trkpt lat="39.600148983299732" lon="2.360798986628652">
<ele>249</ele>
</trkpt>
<trkpt lat="39.600114030763507" lon="2.36081600189209">
<ele>249</ele>
</trkpt>
<trkpt lat="39.599946979433298" lon="2.360806027427316">
<ele>250</ele>
</trkpt>
<trkpt lat="39.599925018846989" lon="2.360805021598935">
<ele>250</ele>
</trkpt>
<trkpt lat="39.599845977500081" lon="2.360849026590586">
<ele>251</ele>
</trkpt>
<trkpt lat="39.599845977500081" lon="2.360848020762205">
<ele>252</ele>
</trkpt>
<trkpt lat="39.599831979721785" lon="2.360867969691753">
<ele>252</ele>
</trkpt>
<trkpt lat="39.599941028282046" lon="2.36098900437355">
<ele>253</ele>
</trkpt>
<trkpt lat="39.59992703050375" lon="2.36109503544867">
<ele>254</ele>
</trkpt>
<trkpt lat="39.59988403134048" lon="2.361119007691741">
<ele>255</ele>
</trkpt>
<trkpt lat="39.599782023578882" lon="2.361128982156515">
<ele>255</ele>
</trkpt>
<trkpt lat="39.599709017202258" lon="2.3610969632864">
<ele>256</ele>
</trkpt>
<trkpt lat="39.599621007218957" lon="2.361041978001595">
<ele>257</ele>
</trkpt>
<trkpt lat="39.599601980298758" lon="2.360998978838325">
<ele>257</ele>
</trkpt>
<trkpt lat="39.599488992244005" lon="2.360986992716789">
<ele>258</ele>
</trkpt>
<trkpt lat="39.599491003900766" lon="2.361055975779891">
<ele>259</ele>
</trkpt>
<trkpt lat="39.599518999457359" lon="2.36107500270009">
<ele>260</ele>
</trkpt>
<trkpt lat="39.599555963650346" lon="2.36113803461194">
<ele>260</ele>
</trkpt>
<trkpt lat="39.599615978077054" lon="2.361243981868029">
<ele>261</ele>
</trkpt>
<trkpt lat="39.599702982231975" lon="2.361328974366188">
<ele>262</ele>
</trkpt>
<trkpt lat="39.599742041900754" lon="2.361345989629626">
<ele>262</ele>
</trkpt>
<trkpt lat="39.59984396584332" lon="2.361430982127786">
<ele>263</ele>
</trkpt>
<trkpt lat="39.599904986098409" lon="2.361468030139804">
<ele>264</ele>
</trkpt>
<trkpt lat="39.599984027445316" lon="2.361537013202906">
<ele>266</ele>
</trkpt>
<trkpt lat="39.600019985809922" lon="2.36152502708137">
<ele>267</ele>
</trkpt>
<trkpt lat="39.600019985809922" lon="2.361541036516428">
<ele>268</ele>
</trkpt>
<trkpt lat="39.600034989416599" lon="2.361585963517427">
<ele>270</ele>
</trkpt>
<trkpt lat="39.600087963044643" lon="2.361708004027605">
<ele>271</ele>
</trkpt>
<trkpt lat="39.599958965554833" lon="2.36171898432076">
<ele>272</ele>
</trkpt>
<trkpt lat="39.599900962784886" lon="2.361695012077689">
<ele>273</ele>
</trkpt>
<trkpt lat="39.599874978885055" lon="2.361693000420928">
<ele>275</ele>
</trkpt>
<trkpt lat="39.599707005545497" lon="2.361672967672348">
<ele>276</ele>
</trkpt>
<trkpt lat="39.599565016105771" lon="2.361717978492379">
<ele>278</ele>
</trkpt>
<trkpt lat="39.599470971152186" lon="2.361791990697384">
<ele>280</ele>
</trkpt>
<trkpt lat="39.599357983097434" lon="2.3619120195508">
<ele>282</ele>
</trkpt>
<trkpt lat="39.599338034167886" lon="2.361924005672336">
<ele>284</ele>
</trkpt>
<trkpt lat="39.599250024184585" lon="2.362046968191862">
<ele>286</ele>
</trkpt>
<trkpt lat="39.599252035841346" lon="2.362155010923743">
<ele>287</ele>
</trkpt>
<trkpt lat="39.59926201030612" lon="2.362333964556456">
<ele>289</ele>
</trkpt>
<trkpt lat="39.599270978942513" lon="2.362395990639925">
<ele>291</ele>
</trkpt>
<trkpt lat="39.599363012239337" lon="2.362518031150103">
<ele>293</ele>
</trkpt>
<trkpt lat="39.599396958947182" lon="2.362528005614877">
<ele>295</ele>
</trkpt>
<trkpt lat="39.599469965323806" lon="2.362616015598178">
<ele>297</ele>
</trkpt>
<trkpt lat="39.599608015269041" lon="2.362849032506347">
<ele>299</ele>
</trkpt>
<trkpt lat="39.59962997585535" lon="2.362879039719701">
<ele>301</ele>
</trkpt>
<trkpt lat="39.599807001650333" lon="2.36311499029398">
<ele>303</ele>
</trkpt>
<trkpt lat="39.599871039390564" lon="2.363207023590803">
<ele>306</ele>
</trkpt>
<trkpt lat="39.599896017462015" lon="2.363258991390467">
<ele>308</ele>
</trkpt>
<trkpt lat="39.599957959726453" lon="2.363371979445219">
<ele>310</ele>
</trkpt>
<trkpt lat="39.600027026608586" lon="2.363506006076932">
<ele>312</ele>
</trkpt>
<trkpt lat="39.60005602799356" lon="2.363503994420171">
<ele>314</ele>
</trkpt>
<trkpt lat="39.60016499273479" lon="2.36363098025322">
<ele>316</ele>
</trkpt>
<trkpt lat="39.600192988291383" lon="2.363678002730012">
<ele>317</ele>
</trkpt>
<trkpt lat="39.600273035466671" lon="2.363799037411809">
<ele>319</ele>
</trkpt>
<trkpt lat="39.60033799521625" lon="2.363915964961052">
<ele>320</ele>
</trkpt>
<trkpt lat="39.600374037399888" lon="2.364021996036172">
<ele>321</ele>
</trkpt>
<trkpt lat="39.600408989936113" lon="2.364033982157707">
<ele>322</ele>
</trkpt>
<trkpt lat="39.600546034052968" lon="2.364229029044509">
<ele>324</ele>
</trkpt>
<trkpt lat="39.600586015731096" lon="2.364298012107611">
<ele>325</ele>
</trkpt>
<trkpt lat="39.600734040141106" lon="2.364471014589071">
<ele>326</ele>
</trkpt>
<trkpt lat="39.60076698102057" lon="2.364505967125297">
<ele>328</ele>
</trkpt>
<trkpt lat="39.600816015154123" lon="2.36466396600008">
<ele>329</ele>
</trkpt>
<trkpt lat="39.600822972133756" lon="2.364674024283886">
<ele>330</ele>
</trkpt>
<trkpt lat="39.600926991552114" lon="2.364902012050152">
<ele>331</ele>
</trkpt>
<trkpt lat="39.600952975451946" lon="2.364950962364674">
<ele>332</ele>
</trkpt>
<trkpt lat="39.601011984050274" lon="2.365076020359993">
<ele>333</ele>
</trkpt>
<trkpt lat="39.601048026233912" lon="2.365227984264493">
<ele>334</ele>
</trkpt>
<trkpt lat="39.601081972941756" lon="2.365267965942621">
<ele>336</ele>
</trkpt>
<trkpt lat="39.601150033995509" lon="2.365381037816405">
<ele>337</ele>
</trkpt>
<trkpt lat="39.601191021502018" lon="2.365427976474166">
<ele>338</ele>
</trkpt>
<trkpt lat="39.601253969594836" lon="2.365556973963976">
<ele>339</ele>
</trkpt>
<trkpt lat="39.601297974586487" lon="2.365663005039096">
<ele>340</ele>
</trkpt>
<trkpt lat="39.601358994841576" lon="2.365846987813711">
<ele>340</ele>
</trkpt>
<trkpt lat="39.601420015096664" lon="2.365913959220052">
<ele>341</ele>
</trkpt>
<trkpt lat="39.60145203396678" lon="2.365946983918548">
<ele>341</ele>
</trkpt>
<trkpt lat="39.6015390381217" lon="2.366083022207022">
<ele>342</ele>
</trkpt>
<trkpt lat="39.601620007306337" lon="2.366173965856433">
<ele>342</ele>
</trkpt>
<trkpt lat="39.60167096927762" lon="2.366263987496495">
<ele>342</ele>
</trkpt>
<trkpt lat="39.601757973432541" lon="2.366434978321195">
<ele>343</ele>
</trkpt>
<trkpt lat="39.601812958717346" lon="2.366511002182961">
<ele>343</ele>
</trkpt>
<trkpt lat="39.601888982579112" lon="2.366667995229363">
<ele>344</ele>
</trkpt>
<trkpt lat="39.601942040026188" lon="2.366857007145882">
<ele>344</ele>
</trkpt>
<trkpt lat="39.601966012269258" lon="2.366962032392621">
<ele>345</ele>
</trkpt>
<trkpt lat="39.60201202891767" lon="2.367105027660728">
<ele>346</ele>
</trkpt>
<trkpt lat="39.602082017809153" lon="2.367253974080086">
<ele>348</ele>
</trkpt>
<trkpt lat="39.602089980617166" lon="2.367268977686763">
<ele>349</ele>
</trkpt>
<trkpt lat="39.60220699198544" lon="2.367479028180242">
<ele>350</ele>
</trkpt>
<trkpt lat="39.60227002389729" lon="2.36756200902164">
<ele>351</ele>
</trkpt>
<trkpt lat="39.602351998910308" lon="2.367687989026308">
<ele>352</ele>
</trkpt>
<trkpt lat="39.602369014173746" lon="2.367703998461366">
<ele>354</ele>
</trkpt>
<trkpt lat="39.602439003065228" lon="2.367810029536486">
<ele>355</ele>
</trkpt>
<trkpt lat="39.602532964199781" lon="2.36795000731945">
<ele>356</ele>
</trkpt>
<trkpt lat="39.602557020261884" lon="2.36797004006803">
<ele>357</ele>
</trkpt>
<trkpt lat="39.60265701636672" lon="2.36809803172946">
<ele>357</ele>
</trkpt>
<trkpt lat="39.602719964459538" lon="2.368158968165517">
<ele>358</ele>
</trkpt>
<trkpt lat="39.602775033563375" lon="2.368253013119102">
<ele>358</ele>
</trkpt>
<trkpt lat="39.602825995534658" lon="2.368355020880699">
<ele>359</ele>
</trkpt>
<trkpt lat="39.602933032438159" lon="2.36852902919054">
<ele>360</ele>
</trkpt>
<trkpt lat="39.603016013279557" lon="2.368575967848301">
<ele>360</ele>
</trkpt>
<trkpt lat="39.603092959150672" lon="2.368603041395545">
<ele>361</ele>
</trkpt>
<trkpt lat="39.603184992447495" lon="2.368645034730434">
<ele>361</ele>
</trkpt>
<trkpt lat="39.603203013539314" lon="2.368651991710067">
<ele>362</ele>
</trkpt>
<trkpt lat="39.603384984657168" lon="2.368746036663652">
<ele>362</ele>
</trkpt>
<trkpt lat="39.603530997410417" lon="2.368741007521749">
<ele>362</ele>
</trkpt>
<trkpt lat="39.603684972971678" lon="2.368773026391864">
<ele>362</ele>
</trkpt>
<trkpt lat="39.603743981570005" lon="2.368778977543116">
<ele>362</ele>
</trkpt>
<trkpt lat="39.603864010423422" lon="2.368789035826922">
<ele>362</ele>
</trkpt>
<trkpt lat="39.603880019858479" lon="2.368785012513399">
<ele>363</ele>
</trkpt>
<trkpt lat="39.60390399210155" lon="2.368777971714735">
<ele>363</ele>
</trkpt>
<trkpt lat="39.604044975712895" lon="2.368846032768488">
<ele>363</ele>
</trkpt>
<trkpt lat="39.604108007624745" lon="2.368892971426249">
<ele>363</ele>
</trkpt>
<trkpt lat="39.60420498624444" lon="2.36895801499486">
<ele>363</ele>
</trkpt>
<trkpt lat="39.604315040633082" lon="2.369034038856626">
<ele>365</ele>
</trkpt>
<trkpt lat="39.604375977069139" lon="2.369062034413219">
<ele>367</ele>
</trkpt>
<trkpt lat="39.604496005922556" lon="2.3690249864012">
<ele>369</ele>
</trkpt>
<trkpt lat="39.604520983994007" lon="2.369019035249949">
<ele>371</ele>
</trkpt>
<trkpt lat="39.604560965672135" lon="2.368975030258298">
<ele>372</ele>
</trkpt>
<trkpt lat="39.604589967057109" lon="2.368930019438267">
<ele>374</ele>
</trkpt>
<trkpt lat="39.604695998132229" lon="2.368793981149793">
<ele>376</ele>
</trkpt>
<trkpt lat="39.60474100895226" lon="2.368738995864987">
<ele>378</ele>
</trkpt>
<trkpt lat="39.604836981743574" lon="2.368649980053306">
<ele>380</ele>
</trkpt>
<trkpt lat="39.604972014203668" lon="2.368736984208226">
<ele>382</ele>
</trkpt>
<trkpt lat="39.605000009760261" lon="2.368870005011559">
<ele>384</ele>
</trkpt>
<trkpt lat="39.604996992275119" lon="2.3690249864012">
<ele>386</ele>
</trkpt>
<trkpt lat="39.605059018358588" lon="2.369076032191515">
<ele>389</ele>
</trkpt>
<trkpt lat="39.605196984484792" lon="2.36921701580286">
<ele>391</ele>
</trkpt>
<trkpt lat="39.605294968932867" lon="2.369269989430904">
<ele>393</ele>
</trkpt>
<trkpt lat="39.605393037199974" lon="2.36928298138082">
<ele>395</ele>
</trkpt>
<trkpt lat="39.605419021099806" lon="2.369287004694343">
<ele>397</ele>
</trkpt>
<trkpt lat="39.605595041066408" lon="2.369287004694343">
<ele>400</ele>
</trkpt>
<trkpt lat="39.605647008866072" lon="2.369383983314037">
<ele>402</ele>
</trkpt>
<trkpt lat="39.605687996372581" lon="2.369489008560777">
<ele>404</ele>
</trkpt>
<trkpt lat="39.605757985264063" lon="2.369568971917033">
<ele>406</ele>
</trkpt>
<trkpt lat="39.605810036882758" lon="2.369630998000503">
<ele>408</ele>
</trkpt>
<trkpt lat="39.605854963883758" lon="2.369718002155423">
<ele>409</ele>
</trkpt>
<trkpt lat="39.605925036594272" lon="2.369870971888304">
<ele>411</ele>
</trkpt>
<trkpt lat="39.606006005778909" lon="2.369979014620185">
<ele>413</ele>
</trkpt>
<trkpt lat="39.606063002720475" lon="2.370063001289964">
<ele>415</ele>
</trkpt>
<trkpt lat="39.606099966913462" lon="2.370135001838207">
<ele>417</ele>
</trkpt>
<trkpt lat="39.606158975511789" lon="2.370267016813159">
<ele>418</ele>
</trkpt>
<trkpt lat="39.606170961633325" lon="2.370305992662907">
<ele>420</ele>
</trkpt>
<trkpt lat="39.606256959959865" lon="2.370470026507974">
<ele>422</ele>
</trkpt>
<trkpt lat="39.606308005750179" lon="2.37054998986423">
<ele>424</ele>
</trkpt>
<trkpt lat="39.606385035440326" lon="2.370562981814146">
<ele>426</ele>
</trkpt>
<trkpt lat="39.606544962152839" lon="2.370670018717647">
<ele>428</ele>
</trkpt>
<trkpt lat="39.606555020436645" lon="2.370691979303956">
<ele>430</ele>
</trkpt>
<trkpt lat="39.606579998508096" lon="2.370750987902284">
<ele>432</ele>
</trkpt>
<trkpt lat="39.606641018763185" lon="2.370862970128655">
<ele>434</ele>
</trkpt>
<trkpt lat="39.606687035411596" lon="2.370938993990421">
<ele>436</ele>
</trkpt>
<trkpt lat="39.606708995997906" lon="2.37114803865552">
<ele>438</ele>
</trkpt>
<trkpt lat="39.606733974069357" lon="2.3711939714849">
<ele>440</ele>
</trkpt>
<trkpt lat="39.606753000989556" lon="2.371210986748338">
<ele>442</ele>
</trkpt>
<trkpt lat="39.606789965182543" lon="2.371218027547002">
<ele>442</ele>
</trkpt>
<trkpt lat="39.606859032064676" lon="2.371253985911608">
<ele>443</ele>
</trkpt>
<trkpt lat="39.606874035671353" lon="2.371265972033143">
<ele>444</ele>
</trkpt>
<trkpt lat="39.60697403177619" lon="2.371262032538652">
<ele>444</ele>
</trkpt>
<trkpt lat="39.607065981253982" lon="2.371243005618453">
<ele>444</ele>
</trkpt>
<trkpt lat="39.607162037864327" lon="2.371223978698254">
<ele>445</ele>
</trkpt>
<trkpt lat="39.607291035354137" lon="2.371190031990409">
<ele>446</ele>
</trkpt>
<trkpt lat="39.607370998710394" lon="2.371168993413448">
<ele>446</ele>
</trkpt>
<trkpt lat="39.607504019513726" lon="2.371050976216793">
<ele>446</ele>
</trkpt>
<trkpt lat="39.607638968154788" lon="2.370971012860537">
<ele>447</ele>
</trkpt>
<trkpt lat="39.607732007279992" lon="2.370899012312293">
<ele>446</ele>
</trkpt>
<trkpt lat="39.607796967029572" lon="2.370857018977404">
<ele>445</ele>
</trkpt>
<trkpt lat="39.607868967577815" lon="2.370786024257541">
<ele>444</ele>
</trkpt>
<trkpt lat="39.607934011146426" lon="2.370760962367058">
<ele>443</ele>
</trkpt>
<trkpt lat="39.608059991151094" lon="2.370732966810465">
<ele>442</ele>
</trkpt>
<trkpt lat="39.60820198059082" lon="2.370749982073903">
<ele>442</ele>
</trkpt>
<trkpt lat="39.608269035816193" lon="2.370746964588761">
<ele>441</ele>
</trkpt>
<trkpt lat="39.608355034142733" lon="2.370731960982084">
<ele>440</ele>
</trkpt>
<trkpt lat="39.608399961143732" lon="2.370602963492274">
<ele>439</ele>
</trkpt>
<trkpt lat="39.608471039682627" lon="2.370520988479257">
<ele>438</ele>
</trkpt>
<trkpt lat="39.608551003038883" lon="2.37056901678443">
<ele>438</ele>
</trkpt>
<trkpt lat="39.608675977215171" lon="2.370664989575744">
<ele>439</ele>
</trkpt>
<trkpt lat="39.608696009963751" lon="2.370680999010801">
<ele>439</ele>
</trkpt>
<trkpt lat="39.608827019110322" lon="2.370723998174071">
<ele>439</ele>
</trkpt>
<trkpt lat="39.608914023265243" lon="2.370702037587762">
<ele>440</ele>
</trkpt>
<trkpt lat="39.608963979408145" lon="2.370710000395775">
<ele>440</ele>
</trkpt>
<trkpt lat="39.609049977734685" lon="2.370744030922651">
<ele>440</ele>
</trkpt>
<trkpt lat="39.609186016023159" lon="2.370774038136005">
<ele>440</ele>
</trkpt>
<trkpt lat="39.609236977994442" lon="2.370777977630496">
<ele>441</ele>
</trkpt>
<trkpt lat="39.609348038211465" lon="2.370722992345691">
<ele>441</ele>
</trkpt>
<trkpt lat="39.609481981024146" lon="2.370657026767731">
<ele>441</ele>
</trkpt>
<trkpt lat="39.609547024592757" lon="2.370621990412474">
<ele>441</ele>
</trkpt>
<trkpt lat="39.609603015705943" lon="2.370472960174084">
<ele>440</ele>
</trkpt>
<trkpt lat="39.609582982957363" lon="2.370343962684274">
<ele>440</ele>
</trkpt>
<trkpt lat="39.609609972685575" lon="2.370216976851225">
<ele>440</ele>
</trkpt>
<trkpt lat="39.609680967405438" lon="2.370125027373433">
<ele>440</ele>
</trkpt>
<trkpt lat="39.609734024852514" lon="2.370043974369764">
<ele>440</ele>
</trkpt>
<trkpt lat="39.609808037057519" lon="2.369951019063592">
<ele>439</ele>
</trkpt>
<trkpt lat="39.609869979321957" lon="2.369785979390144">
<ele>439</ele>
</trkpt>
<trkpt lat="39.60987500846386" lon="2.36977499909699">
<ele>439</ele>
</trkpt>
<trkpt lat="39.609980033710599" lon="2.369591016322374">
<ele>439</ele>
</trkpt>
<trkpt lat="39.60996201261878" lon="2.369442991912365">
<ele>439</ele>
</trkpt>
<trkpt lat="39.609967963770032" lon="2.36932497471571">
<ele>440</ele>
</trkpt>
<trkpt lat="39.610037030652165" lon="2.369170999154449">
<ele>440</ele>
</trkpt>
<trkpt lat="39.610053040087223" lon="2.369129005819559">
<ele>440</ele>
</trkpt>
<trkpt lat="39.610125962644815" lon="2.369050970301032">
<ele>440</ele>
</trkpt>
<trkpt lat="39.610163010656834" lon="2.36900101415813">
<ele>440</ele>
</trkpt>
<trkpt lat="39.610168961808085" lon="2.368927001953125">
<ele>441</ele>
</trkpt>
<trkpt lat="39.610168961808085" lon="2.368927001953125">
<ele>441</ele>
</trkpt>
<trkpt lat="39.610165022313595" lon="2.368932031095028">
<ele>441</ele>
</trkpt>
<trkpt lat="39.610164016485214" lon="2.368934964761138">
<ele>441</ele>
</trkpt>
<trkpt lat="39.610163010656834" lon="2.368936976417899">
<ele>441</ele>
</trkpt>
<trkpt lat="39.610162004828453" lon="2.368952985852957">
<ele>440</ele>
</trkpt>
<trkpt lat="39.610162004828453" lon="2.368952985852957">
<ele>440</ele>
</trkpt>
<trkpt lat="39.610157981514931" lon="2.368962960317731">
<ele>440</ele>
</trkpt>
<trkpt lat="39.610157981514931" lon="2.368962960317731">
<ele>440</ele>
</trkpt>
<trkpt lat="39.610152030363679" lon="2.368968995288014">
<ele>439</ele>
</trkpt>
<trkpt lat="39.610125962644815" lon="2.3690440133214">
<ele>439</ele>
</trkpt>
<trkpt lat="39.610110959038138" lon="2.369065973907709">
<ele>438</ele>
</trkpt>
<trkpt lat="39.610032001510262" lon="2.36915297806263">
<ele>438</ele>
</trkpt>
<trkpt lat="39.609997970983386" lon="2.369221039116383">
<ele>438</ele>
</trkpt>
<trkpt lat="39.609953965991735" lon="2.369349030777812">
<ele>437</ele>
</trkpt>
<trkpt lat="39.609949020668864" lon="2.369355987757444">
<ele>437</ele>
</trkpt>
<trkpt lat="39.609936028718948" lon="2.369428994134069">
<ele>436</ele>
</trkpt>
<trkpt lat="39.609937034547329" lon="2.369437962770462">
<ele>436</ele>
</trkpt>
<trkpt lat="39.609938962385058" lon="2.369525972753763">
<ele>436</ele>
</trkpt>
<trkpt lat="39.609925970435143" lon="2.369661005213857">
<ele>436</ele>
</trkpt>
<trkpt lat="39.609892023727298" lon="2.36975597217679">
<ele>435</ele>
</trkpt>
<trkpt lat="39.609948014840484" lon="2.36988396383822">
<ele>435</ele>
</trkpt>
<trkpt lat="39.609985984861851" lon="2.370020002126694">
<ele>435</ele>
</trkpt>
<trkpt lat="39.610020015388727" lon="2.370057972148061">
<ele>435</ele>
</trkpt>
<trkpt lat="39.610081035643816" lon="2.370157968252897">
<ele>435</ele>
</trkpt>
<trkpt lat="39.61017700843513" lon="2.37022502347827">
<ele>434</ele>
</trkpt>
<trkpt lat="39.610297037288547" lon="2.370326025411487">
<ele>434</ele>
</trkpt>
<trkpt lat="39.610316986218095" lon="2.370328959077597">
<ele>434</ele>
</trkpt>
<trkpt lat="39.610407007858157" lon="2.370396014302969">
<ele>434</ele>
</trkpt>
<trkpt lat="39.610469033941627" lon="2.370450999587774">
<ele>433</ele>
</trkpt>
<trkpt lat="39.610568024218082" lon="2.370601035654545">
<ele>433</ele>
</trkpt>
<trkpt lat="39.610617980360985" lon="2.370717041194439">
<ele>432</ele>
</trkpt>
<trkpt lat="39.610651005059481" lon="2.370768003165722">
<ele>432</ele>
</trkpt>
<trkpt lat="39.610646981745958" lon="2.370930025354028">
<ele>432</ele>
</trkpt>
<trkpt lat="39.610656034201384" lon="2.371068997308612">
<ele>431</ele>
</trkpt>
<trkpt lat="39.610659973695874" lon="2.371093975380063">
<ele>431</ele>
</trkpt>
<trkpt lat="39.610710013657808" lon="2.371218027547002">
<ele>430</ele>
</trkpt>
<trkpt lat="39.610714036971331" lon="2.371226996183395">
<ele>430</ele>
</trkpt>
<trkpt lat="39.610724011436105" lon="2.371268989518285">
<ele>429</ele>
</trkpt>
<trkpt lat="39.610764998942614" lon="2.37132296897471">
<ele>428</ele>
</trkpt>
<trkpt lat="39.610787965357304" lon="2.371378960087895">
<ele>427</ele>
</trkpt>
<trkpt lat="39.610789977014065" lon="2.37138700671494">
<ele>426</ele>
</trkpt>
<trkpt lat="39.610805986449122" lon="2.371530001983047">
<ele>425</ele>
</trkpt>
<trkpt lat="39.610811015591025" lon="2.37162203527987">
<ele>424</ele>
</trkpt>
<trkpt lat="39.610788971185684" lon="2.371769975870848">
<ele>423</ele>
</trkpt>
<trkpt lat="39.610805986449122" lon="2.37183996476233">
<ele>422</ele>
</trkpt>
<trkpt lat="39.610803974792361" lon="2.371850023046136">
<ele>421</ele>
</trkpt>
<trkpt lat="39.610796011984348" lon="2.371963011100888">
<ele>420</ele>
</trkpt>
<trkpt lat="39.610792994499207" lon="2.372083039954305">
<ele>419</ele>
</trkpt>
<trkpt lat="39.610790982842445" lon="2.372179012745619">
<ele>418</ele>
</trkpt>
<trkpt lat="39.610738009214401" lon="2.372279008850455">
<ele>417</ele>
</trkpt>
<trkpt lat="39.610695010051131" lon="2.372364001348615">
<ele>416</ele>
</trkpt>
<trkpt lat="39.610637007281184" lon="2.372495010495186">
<ele>414</ele>
</trkpt>
<trkpt lat="39.610603982582688" lon="2.372616967186332">
<ele>413</ele>
</trkpt>
<trkpt lat="39.610576992854476" lon="2.372748982161284">
<ele>412</ele>
</trkpt>
<trkpt lat="39.610571963712573" lon="2.372778989374638">
<ele>411</ele>
</trkpt>
<trkpt lat="39.61056400090456" lon="2.372938999906182">
<ele>410</ele>
</trkpt>
<trkpt lat="39.610551008954644" lon="2.372979987412691">
<ele>409</ele>
</trkpt>
<trkpt lat="39.610529970377684" lon="2.373113008216023">
<ele>408</ele>
</trkpt>
<trkpt lat="39.610517984256148" lon="2.373173022642732">
<ele>406</ele>
</trkpt>
<trkpt lat="39.610527036711574" lon="2.373279975727201">
<ele>405</ele>
</trkpt>
<trkpt lat="39.610527036711574" lon="2.37331903539598">
<ele>403</ele>
</trkpt>
<trkpt lat="39.610503986477852" lon="2.37353403121233">
<ele>402</ele>
</trkpt>
<trkpt lat="39.610452018678188" lon="2.373662022873759">
<ele>401</ele>
</trkpt>
<trkpt lat="39.610440032556653" lon="2.373694963753223">
<ele>399</ele>
</trkpt>
<trkpt lat="39.610452018678188" lon="2.3738360311836">
<ele>398</ele>
</trkpt>
<trkpt lat="39.610449001193047" lon="2.373909959569573">
<ele>396</ele>
</trkpt>
<trkpt lat="39.610416982322931" lon="2.374012973159552">
<ele>395</ele>
</trkpt>
<trkpt lat="39.610360991209745" lon="2.374104000627995">
<ele>394</ele>
</trkpt>
<trkpt lat="39.610322015359998" lon="2.374181030318141">
<ele>392</ele>
</trkpt>
<trkpt lat="39.610270969569683" lon="2.374286977574229">
<ele>391</ele>
</trkpt>
<trkpt lat="39.610287984833121" lon="2.374422010034323">
<ele>390</ele>
</trkpt>
<trkpt lat="39.610297037288547" lon="2.37452301196754">
<ele>388</ele>
</trkpt>
<trkpt lat="39.610356967896223" lon="2.374709006398916">
<ele>387</ele>
</trkpt>
<trkpt lat="39.610350010916591" lon="2.37476198002696">
<ele>386</ele>
</trkpt>
<trkpt lat="39.61034900508821" lon="2.374799028038979">
<ele>385</ele>
</trkpt>
<trkpt lat="39.610379012301564" lon="2.374988961964846">
<ele>383</ele>
</trkpt>
<trkpt lat="39.61036903783679" lon="2.375035984441638">
<ele>382</ele>
</trkpt>
<trkpt lat="39.61037096567452" lon="2.375138998031616">
<ele>382</ele>
</trkpt>
<trkpt lat="39.610366020351648" lon="2.37521200440824">
<ele>383</ele>
</trkpt>
<trkpt lat="39.610326960682869" lon="2.375278975814581">
<ele>383</ele>
</trkpt>
<trkpt lat="39.610300976783037" lon="2.375486008822918">
<ele>383</ele>
</trkpt>
<trkpt lat="39.610302988439798" lon="2.375549962744117">
<ele>384</ele>
</trkpt>
<trkpt lat="39.61030600592494" lon="2.375634033232927">
<ele>384</ele>
</trkpt>
<trkpt lat="39.610331989824772" lon="2.375774011015892">
<ele>384</ele>
</trkpt>
<trkpt lat="39.610336013138294" lon="2.375795971602202">
<ele>384</ele>
</trkpt>
<trkpt lat="39.610365014523268" lon="2.376069976016879">
<ele>385</ele>
</trkpt>
<trkpt lat="39.610377000644803" lon="2.376136025413871">
<ele>385</ele>
</trkpt>
<trkpt lat="39.610350010916591" lon="2.37626301124692">
<ele>385</ele>
</trkpt>
<trkpt lat="39.610321009531617" lon="2.376357978209853">
<ele>386</ele>
</trkpt>
<trkpt lat="39.610265018418431" lon="2.376567022874951">
<ele>386</ele>
</trkpt>
<trkpt lat="39.610271975398064" lon="2.376776989549398">
<ele>387</ele>
</trkpt>
<trkpt lat="39.610278010368347" lon="2.37680196762085">
<ele>387</ele>
</trkpt>
<trkpt lat="39.610318997874856" lon="2.376923002302647">
<ele>387</ele>
</trkpt>
<trkpt lat="39.610335007309914" lon="2.377000031992793">
<ele>388</ele>
</trkpt>
<trkpt lat="39.610298965126276" lon="2.377128023654223">
<ele>388</ele>
</trkpt>
<trkpt lat="39.610280022025108" lon="2.377176973968744">
<ele>389</ele>
</trkpt>
<trkpt lat="39.610238028690219" lon="2.377334972843528">
<ele>389</ele>
</trkpt>
<trkpt lat="39.610207015648484" lon="2.377558015286923">
<ele>388</ele>
</trkpt>
<trkpt lat="39.610197963193059" lon="2.377661028876901">
<ele>387</ele>
</trkpt>
<trkpt lat="39.610182037577033" lon="2.377750966697931">
<ele>385</ele>
</trkpt>
<trkpt lat="39.610163010656834" lon="2.377842999994755">
<ele>384</ele>
</trkpt>
<trkpt lat="39.610131997615099" lon="2.377968979999423">
<ele>383</ele>
</trkpt>
<trkpt lat="39.610124034807086" lon="2.377992030233145">
<ele>382</ele>
</trkpt>
<trkpt lat="39.610165022313595" lon="2.378265028819442">
<ele>381</ele>
</trkpt>
<trkpt lat="39.610190000385046" lon="2.378297969698906">
<ele>379</ele>
</trkpt>
<trkpt lat="39.610286979004741" lon="2.378440964967012">
<ele>378</ele>
</trkpt>
<trkpt lat="39.6103909984231" lon="2.378433002158999">
<ele>377</ele>
</trkpt>
<trkpt lat="39.610503986477852" lon="2.378530986607075">
<ele>377</ele>
</trkpt>
<trkpt lat="39.610522007569671" lon="2.378552025184035">
<ele>376</ele>
</trkpt>
<trkpt lat="39.610599037259817" lon="2.378713041543961">
<ele>376</ele>
</trkpt>
<trkpt lat="39.610643964260817" lon="2.378742964938283">
<ele>375</ele>
</trkpt>
<trkpt lat="39.610709007829428" lon="2.378909010440111">
<ele>375</ele>
</trkpt>
<trkpt lat="39.610700039193034" lon="2.378938011825085">
<ele>375</ele>
</trkpt>
<trkpt lat="39.610697021707892" lon="2.378963995724917">
<ele>374</ele>
</trkpt>
<trkpt lat="39.610651005059481" lon="2.379104979336262">
<ele>374</ele>
</trkpt>
<trkpt lat="39.610643964260817" lon="2.379181003198028">
<ele>373</ele>
</trkpt>
<trkpt lat="39.610575987026095" lon="2.379347970709205">
<ele>373</ele>
</trkpt>
<trkpt lat="39.610497029498219" lon="2.379489038139582">
<ele>372</ele>
</trkpt>
<trkpt lat="39.61041497066617" lon="2.379643013700843">
<ele>372</ele>
</trkpt>
<trkpt lat="39.610380018129945" lon="2.379754995927215">
<ele>371</ele>
</trkpt>
<trkpt lat="39.610365014523268" lon="2.379864966496825">
<ele>370</ele>
</trkpt>
<trkpt lat="39.610372977331281" lon="2.379941996186972">
<ele>370</ele>
</trkpt>
<trkpt lat="39.610394015908241" lon="2.380005028098822">
<ele>369</ele>
</trkpt>
<trkpt lat="39.610410025343299" lon="2.380154980346561">
<ele>368</ele>
</trkpt>
<trkpt lat="39.610395021736622" lon="2.380171995609999">
<ele>367</ele>
</trkpt>
<trkpt lat="39.610340036451817" lon="2.380298981443048">
<ele>367</ele>
</trkpt>
<trkpt lat="39.610312040895224" lon="2.380453962832689">
<ele>366</ele>
</trkpt>
<trkpt lat="39.610268035903573" lon="2.380498973652721">
<ele>365</ele>
</trkpt>
<trkpt lat="39.610163010656834" lon="2.380643980577588">
<ele>364</ele>
</trkpt>
<trkpt lat="39.610096961259842" lon="2.380696032196283">
<ele>363</ele>
</trkpt>
<trkpt lat="39.610010040923953" lon="2.380770966410637">
<ele>362</ele>
</trkpt>
<trkpt lat="39.609967963770032" lon="2.38082000054419">
<ele>362</ele>
</trkpt>
<trkpt lat="39.609914990141988" lon="2.380878003314138">
<ele>361</ele>
</trkpt>
<trkpt lat="39.609893029555678" lon="2.38092502579093">
<ele>360</ele>
</trkpt>
<trkpt lat="39.609741987660527" lon="2.381014041602612">
<ele>359</ele>
</trkpt>
<trkpt lat="39.60966001264751" lon="2.381090987473726">
<ele>358</ele>
</trkpt>
<trkpt lat="39.60959698073566" lon="2.381099034100771">
<ele>357</ele>
</trkpt>
<trkpt lat="39.609507964923978" lon="2.381170028820634">
<ele>357</ele>
</trkpt>
<trkpt lat="39.609437976032495" lon="2.381252003833652">
<ele>357</ele>
</trkpt>
<trkpt lat="39.609352983534336" lon="2.381336996331811">
<ele>357</ele>
</trkpt>
<trkpt lat="39.60931601934135" lon="2.381372032687068">
<ele>357</ele>
</trkpt>
<trkpt lat="39.609219962731004" lon="2.381450990214944">
<ele>358</ele>
</trkpt>
<trkpt lat="39.609074033796787" lon="2.38157101906836">
<ele>358</ele>
</trkpt>
<trkpt lat="39.609040003269911" lon="2.381615024060011">
<ele>358</ele>
</trkpt>
<trkpt lat="39.608892984688282" lon="2.381790038198233">
<ele>358</ele>
</trkpt>
<trkpt lat="39.608873035758734" lon="2.381804035976529">
<ele>358</ele>
</trkpt>
<trkpt lat="39.6088039688766" lon="2.381880981847644">
<ele>358</ele>
</trkpt>
<trkpt lat="39.608720988035202" lon="2.381889028474689">
<ele>358</ele>
</trkpt>
<trkpt lat="39.60863197222352" lon="2.38185198046267">
<ele>359</ele>
</trkpt>
<trkpt lat="39.608559971675277" lon="2.381773022934794">
<ele>360</ele>
</trkpt>
<trkpt lat="39.608517978340387" lon="2.381696999073029">
<ele>360</ele>
</trkpt>
<trkpt lat="39.6085000410676" lon="2.381655005738139">
<ele>360</ele>
</trkpt>
<trkpt lat="39.608515966683626" lon="2.381628016009927">
<ele>361</ele>
</trkpt>
<trkpt lat="39.608515966683626" lon="2.381637990474701">
<ele>360</ele>
</trkpt>
<trkpt lat="39.608490988612175" lon="2.381653999909759">
<ele>359</ele>
</trkpt>
<trkpt lat="39.608481014147401" lon="2.381669003516436">
<ele>359</ele>
</trkpt>
<trkpt lat="39.608364002779126" lon="2.381790038198233">
<ele>358</ele>
</trkpt>
<trkpt lat="39.608347993344069" lon="2.3818089812994">
<ele>357</ele>
</trkpt>
<trkpt lat="39.608259983360767" lon="2.381887016817927">
<ele>356</ele>
</trkpt>
<trkpt lat="39.608220001682639" lon="2.381921969354153">
<ele>355</ele>
</trkpt>
<trkpt lat="39.608126040548086" lon="2.381861032918096">
<ele>355</ele>
</trkpt>
<trkpt lat="39.608130985870957" lon="2.381834965199232">
<ele>354</ele>
</trkpt>
<trkpt lat="39.608139032498002" lon="2.381749972701073">
<ele>353</ele>
</trkpt>
<trkpt lat="39.608084969222546" lon="2.38165601156652">
<ele>352</ele>
</trkpt>
<trkpt lat="39.608025960624218" lon="2.381693981587887">
<ele>351</ele>
</trkpt>
<trkpt lat="39.60798597894609" lon="2.381793977692723">
<ele>350</ele>
</trkpt>
<trkpt lat="39.607930993661284" lon="2.381863966584206">
<ele>349</ele>
</trkpt>
<trkpt lat="39.607880031690001" lon="2.381965974345803">
<ele>348</ele>
</trkpt>
<trkpt lat="39.607823034748435" lon="2.382111987099052">
<ele>348</ele>
</trkpt>
<trkpt lat="39.607800990343094" lon="2.382167978212237">
<ele>347</ele>
</trkpt>
<trkpt lat="39.607780035585165" lon="2.38227903842926">
<ele>346</ele>
</trkpt>
<trkpt lat="39.607777018100023" lon="2.382332012057304">
<ele>345</ele>
</trkpt>
<trkpt lat="39.607753967866302" lon="2.382485987618566">
<ele>344</ele>
</trkpt>
<trkpt lat="39.607761008664966" lon="2.382538039237261">
<ele>343</ele>
</trkpt>
<trkpt lat="39.607762014493346" lon="2.382590007036924">
<ele>342</ele>
</trkpt>
<trkpt lat="39.607752040028572" lon="2.38270802423358">
<ele>340</ele>
</trkpt>
<trkpt lat="39.607740975916386" lon="2.382875997573137">
<ele>339</ele>
</trkpt>
<trkpt lat="39.607711974531412" lon="2.382947998121381">
<ele>338</ele>
</trkpt>
<trkpt lat="39.607674004510045" lon="2.383073978126049">
<ele>337</ele>
</trkpt>
<trkpt lat="39.607628993690014" lon="2.383173974230886">
<ele>336</ele>
</trkpt>
<trkpt lat="39.607564033940434" lon="2.383269025012851">
<ele>334</ele>
</trkpt>
<trkpt lat="39.607506031170487" lon="2.383345970883966">
<ele>333</ele>
</trkpt>
<trkpt lat="39.607494967058301" lon="2.383362986147404">
<ele>332</ele>
</trkpt>
<trkpt lat="39.60742799565196" lon="2.383444039151073">
<ele>332</ele>
</trkpt>
<trkpt lat="39.60738399066031" lon="2.383506987243891">
<ele>332</ele>
</trkpt>
<trkpt lat="39.607310984283686" lon="2.383641013875604">
<ele>331</ele>
</trkpt>
<trkpt lat="39.607305033132434" lon="2.383694993332028">
<ele>331</ele>
</trkpt>
<trkpt lat="39.607480969280005" lon="2.383738998323679">
<ele>331</ele>
</trkpt>
<trkpt lat="39.607671992853284" lon="2.383723994717002">
<ele>331</ele>
</trkpt>
<trkpt lat="39.607798978686333" lon="2.383755007758737">
<ele>331</ele>
</trkpt>
<trkpt lat="39.607849018648267" lon="2.383808987215161">
<ele>330</ele>
</trkpt>
<trkpt lat="39.607914984226227" lon="2.38389004021883">
<ele>330</ele>
</trkpt>
<trkpt lat="39.60792101919651" lon="2.383918035775423">
<ele>330</ele>
</trkpt>
<trkpt lat="39.608035013079643" lon="2.384097995236516">
<ele>331</ele>
</trkpt>
<trkpt lat="39.608105001971126" lon="2.384217018261552">
<ele>331</ele>
</trkpt>
<trkpt lat="39.608132997527719" lon="2.384296981617808">
<ele>332</ele>
</trkpt>
<trkpt lat="39.608084969222546" lon="2.384539972990751">
<ele>332</ele>
</trkpt>
<trkpt lat="39.608084969222546" lon="2.384638963267207">
<ele>333</ele>
</trkpt>
<trkpt lat="39.608117993921041" lon="2.384853037074208">
<ele>334</ele>
</trkpt>
<trkpt lat="39.608132997527719" lon="2.385093010962009">
<ele>334</ele>
</trkpt>
<trkpt lat="39.608117993921041" lon="2.385272970423102">
<ele>335</ele>
</trkpt>
<trkpt lat="39.608130985870957" lon="2.385330973193049">
<ele>335</ele>
</trkpt>
<trkpt lat="39.608140960335732" lon="2.385467011481524">
<ele>336</ele>
</trkpt>
<trkpt lat="39.608142971992493" lon="2.385482015088201">
<ele>336</ele>
</trkpt>
<trkpt lat="39.608185971155763" lon="2.385692987591028">
<ele>337</ele>
</trkpt>
<trkpt lat="39.608194017782807" lon="2.38593396730721">
<ele>337</ele>
</trkpt>
<trkpt lat="39.608124028891325" lon="2.386071011424065">
<ele>337</ele>
</trkpt>
<trkpt lat="39.608069965615869" lon="2.38614602945745">
<ele>338</ele>
</trkpt>
<trkpt lat="39.607871985062957" lon="2.386346021667123">
<ele>338</ele>
</trkpt>
<trkpt lat="39.607830997556448" lon="2.386448029428721">
<ele>338</ele>
</trkpt>
<trkpt lat="39.607753967866302" lon="2.386545008048415">
<ele>338</ele>
</trkpt>
<trkpt lat="39.607697976753116" lon="2.386665958911181">
<ele>339</ele>
</trkpt>
<trkpt lat="39.607692025601864" lon="2.386726979166269">
<ele>339</ele>
</trkpt>
<trkpt lat="39.60770602338016" lon="2.386841978877783">
<ele>339</ele>
</trkpt>
<trkpt lat="39.607736030593514" lon="2.386909034103155">
<ele>339</ele>
</trkpt>
<trkpt lat="39.607826974242926" lon="2.387106008827686">
<ele>340</ele>
</trkpt>
<trkpt lat="39.607855975627899" lon="2.387154037132859">
<ele>340</ele>
</trkpt>
<trkpt lat="39.607954965904355" lon="2.387278005480766">
<ele>340</ele>
</trkpt>
<trkpt lat="39.608027972280979" lon="2.387357968837023">
<ele>340</ele>
</trkpt>
<trkpt lat="39.608041970059276" lon="2.387378001585603">
<ele>341</ele>
</trkpt>
<trkpt lat="39.608057979494333" lon="2.387571958824992">
<ele>341</ele>
</trkpt>
<trkpt lat="39.608054039999843" lon="2.387629961594939">
<ele>341</ele>
</trkpt>
<trkpt lat="39.608055967837572" lon="2.387654017657042">
<ele>341</ele>
</trkpt>
<trkpt lat="39.60807197727263" lon="2.387858033180237">
<ele>342</ele>
</trkpt>
<trkpt lat="39.608076000586152" lon="2.387880999594927">
<ele>342</ele>
</trkpt>
<trkpt lat="39.608077006414533" lon="2.387888040393591">
<ele>342</ele>
</trkpt>
<trkpt lat="39.607995031401515" lon="2.388041010126472">
<ele>342</ele>
</trkpt>
<trkpt lat="39.607821023091674" lon="2.388130025938153">
<ele>342</ele>
</trkpt>
<trkpt lat="39.607610972598195" lon="2.388117033988237">
<ele>342</ele>
</trkpt>
<trkpt lat="39.607544001191854" lon="2.388147041201592">
<ele>342</ele>
</trkpt>
<trkpt lat="39.607423972338438" lon="2.388285007327795">
<ele>342</ele>
</trkpt>
<trkpt lat="39.607393965125084" lon="2.388350972905755">
<ele>343</ele>
</trkpt>
<trkpt lat="39.607272008433938" lon="2.38844602368772">
<ele>343</ele>
</trkpt>
<trkpt lat="39.607245018705726" lon="2.388460021466017">
<ele>343</ele>
</trkpt>
<trkpt lat="39.607118032872677" lon="2.388457003980875">
<ele>343</ele>
</trkpt>
<trkpt lat="39.606961961835623" lon="2.388421967625618">
<ele>343</ele>
</trkpt>
<trkpt lat="39.606784014031291" lon="2.38838198594749">
<ele>344</ele>
</trkpt>
<trkpt lat="39.606729028746486" lon="2.388389026746154">
<ele>345</ele>
</trkpt>
<trkpt lat="39.606552002951503" lon="2.388473013415933">
<ele>346</ele>
</trkpt>
<trkpt lat="39.606405990198255" lon="2.388477036729455">
<ele>347</ele>
</trkpt>
<trkpt lat="39.606373971328139" lon="2.388465972617269">
<ele>348</ele>
</trkpt>
<trkpt lat="39.606285039335489" lon="2.388459015637636">
<ele>349</ele>
</trkpt>
<trkpt lat="39.606171967461705" lon="2.388442000374198">
<ele>350</ele>
</trkpt>
<trkpt lat="39.606016986072063" lon="2.388423979282379">
<ele>351</ele>
</trkpt>
<trkpt lat="39.605915984138846" lon="2.388433031737804">
<ele>352</ele>
</trkpt>
<trkpt lat="39.605855969712138" lon="2.388449041172862">
<ele>353</ele>
</trkpt>
<trkpt lat="39.605726972222328" lon="2.388581978157163">
<ele>353</ele>
</trkpt>
<trkpt lat="39.605672992765903" lon="2.388742994517088">
<ele>353</ele>
</trkpt>
<trkpt lat="39.605678021907806" lon="2.38896201364696">
<ele>353</ele>
</trkpt>
<trkpt lat="39.605681039392948" lon="2.388992020860314">
<ele>353</ele>
</trkpt>
<trkpt lat="39.605691013857722" lon="2.38919603638351">
<ele>353</ele>
</trkpt>
<trkpt lat="39.605757985264063" lon="2.389441961422563">
<ele>353</ele>
</trkpt>
<trkpt lat="39.605783969163895" lon="2.389517985284329">
<ele>353</ele>
</trkpt>
<trkpt lat="39.605849012732506" lon="2.389794001355767">
<ele>353</ele>
</trkpt>
<trkpt lat="39.605917995795608" lon="2.390015032142401">
<ele>353</ele>
</trkpt>
<trkpt lat="39.605972981080413" lon="2.390202032402158">
<ele>353</ele>
</trkpt>
<trkpt lat="39.606017991900444" lon="2.390320971608162">
<ele>353</ele>
</trkpt>
<trkpt lat="39.606027966365218" lon="2.390360031276941">
<ele>353</ele>
</trkpt>
<trkpt lat="39.606097033247352" lon="2.390596987679601">
<ele>352</ele>
</trkpt>
<trkpt lat="39.606119999662042" lon="2.390679968520999">
<ele>352</ele>
</trkpt>
<trkpt lat="39.606178002431989" lon="2.390866968780756">
<ele>352</ele>
</trkpt>
<trkpt lat="39.606184037402272" lon="2.390892030671239">
<ele>352</ele>
</trkpt>
<trkpt lat="39.606218989938498" lon="2.391006024554372">
<ele>352</ele>
</trkpt>
<trkpt lat="39.606212032958865" lon="2.391168968752027">
<ele>351</ele>
</trkpt>
<trkpt lat="39.60620298050344" lon="2.391313975676894">
<ele>351</ele>
</trkpt>
<trkpt lat="39.606193006038666" lon="2.39141196012497">
<ele>351</ele>
</trkpt>
<trkpt lat="39.606178002431989" lon="2.391553027555347">
<ele>352</ele>
</trkpt>
<trkpt lat="39.606129974126816" lon="2.391871036961675">
<ele>353</ele>
</trkpt>
<trkpt lat="39.606097033247352" lon="2.392074968665838">
<ele>354</ele>
</trkpt>
<trkpt lat="39.606085969135165" lon="2.392116962000728">
<ele>355</ele>
</trkpt>
<trkpt lat="39.606059985235333" lon="2.392307985574007">
<ele>356</ele>
</trkpt>
<trkpt lat="39.606023021042347" lon="2.392488028854132">
<ele>356</ele>
</trkpt>
<trkpt lat="39.605969963595271" lon="2.392548965290189">
<ele>357</ele>
</trkpt>
<trkpt lat="39.605848006904125" lon="2.392600011080504">
<ele>358</ele>
</trkpt>
<trkpt lat="39.605668969452381" lon="2.392667988315225">
<ele>359</ele>
</trkpt>
<trkpt lat="39.605547012761235" lon="2.392659019678831">
<ele>360</ele>
</trkpt>
<trkpt lat="39.605489009991288" lon="2.392615014687181">
<ele>361</ele>
</trkpt>
<trkpt lat="39.605411980301142" lon="2.392556006088853">
<ele>362</ele>
</trkpt>
<trkpt lat="39.605333022773266" lon="2.392502026632428">
<ele>363</ele>
</trkpt>
<trkpt lat="39.605260016396642" lon="2.39246497862041">
<ele>364</ele>
</trkpt>
<trkpt lat="39.605196984484792" lon="2.392387026920915">
<ele>364</ele>
</trkpt>
<trkpt lat="39.605121966451406" lon="2.392327012494206">
<ele>365</ele>
</trkpt>
<trkpt lat="39.605097994208336" lon="2.39246497862041">
<ele>366</ele>
</trkpt>
<trkpt lat="39.605139987543225" lon="2.392518036067486">
<ele>367</ele>
</trkpt>
<trkpt lat="39.605238977819681" lon="2.392683997750282">
<ele>368</ele>
</trkpt>
<trkpt lat="39.605244006961584" lon="2.392693972215056">
<ele>369</ele>
</trkpt>
<trkpt lat="39.605324976146221" lon="2.392862029373646">
<ele>371</ele>
</trkpt>
<trkpt lat="39.605350960046053" lon="2.392896981909871">
<ele>372</ele>
</trkpt>
<trkpt lat="39.605490015819669" lon="2.393153971061111">
<ele>374</ele>
</trkpt>
<trkpt lat="39.605561010539532" lon="2.393296966329217">
<ele>376</ele>
</trkpt>
<trkpt lat="39.605588000267744" lon="2.393335020169616">
<ele>378</ele>
</trkpt>
<trkpt lat="39.605687996372581" lon="2.393449014052749">
<ele>379</ele>
</trkpt>
<trkpt lat="39.605715991929173" lon="2.393493019044399">
<ele>381</ele>
</trkpt>
<trkpt lat="39.605816993862391" lon="2.393637020140886">
<ele>383</ele>
</trkpt>
<trkpt lat="39.605891006067395" lon="2.393787978217006">
<ele>384</ele>
</trkpt>
<trkpt lat="39.605865022167563" lon="2.393867019563913">
<ele>386</ele>
</trkpt>
<trkpt lat="39.605795033276081" lon="2.394002974033356">
<ele>386</ele>
</trkpt>
<trkpt lat="39.605747004970908" lon="2.394091989845038">
<ele>386</ele>
</trkpt>
<trkpt lat="39.605742981657386" lon="2.394155021756887">
<ele>386</ele>
</trkpt>
<trkpt lat="39.605758991092443" lon="2.394202966243029">
<ele>386</ele>
</trkpt>
<trkpt lat="39.605786986649036" lon="2.394250994548202">
<ele>386</ele>
</trkpt>
<trkpt lat="39.605908021330833" lon="2.39448401145637">
<ele>385</ele>
</trkpt>
<trkpt lat="39.605935011059046" lon="2.394574033096433">
<ele>385</ele>
</trkpt>
<trkpt lat="39.605939034372568" lon="2.394717028364539">
<ele>385</ele>
</trkpt>
<trkpt lat="39.605907015502453" lon="2.394825993105769">
<ele>385</ele>
</trkpt>
<trkpt lat="39.605863010510802" lon="2.394982986152172">
<ele>385</ele>
</trkpt>
<trkpt lat="39.605850018560886" lon="2.395008970052004">
<ele>384</ele>
</trkpt>
<trkpt lat="39.605766031891108" lon="2.395176021382213">
<ele>383</ele>
</trkpt>
<trkpt lat="39.605685984715819" lon="2.395314993336797">
<ele>382</ele>
</trkpt>
<trkpt lat="39.605618007481098" lon="2.395427981391549">
<ele>381</ele>
</trkpt>
<trkpt lat="39.605568973347545" lon="2.395491013303399">
<ele>380</ele>
</trkpt>
<trkpt lat="39.605488004162908" lon="2.395599978044629">
<ele>380</ele>
</trkpt>
<trkpt lat="39.60547199472785" lon="2.395617999136448">
<ele>379</ele>
</trkpt>
<trkpt lat="39.605392031371593" lon="2.395683964714408">
<ele>378</ele>
</trkpt>
<trkpt lat="39.605360012501478" lon="2.395699974149466">
<ele>377</ele>
</trkpt>
<trkpt lat="39.605244006961584" lon="2.39577298052609">
<ele>376</ele>
</trkpt>
<trkpt lat="39.605139987543225" lon="2.395870964974165">
<ele>374</ele>
</trkpt>
<trkpt lat="39.605088019743562" lon="2.395984036847949">
<ele>373</ele>
</trkpt>
<trkpt lat="39.605175023898482" lon="2.396056959405541">
<ele>372</ele>
</trkpt>
<trkpt lat="39.605306033045053" lon="2.396106999367476">
<ele>370</ele>
</trkpt>
<trkpt lat="39.605393037199974" lon="2.396196015179157">
<ele>368</ele>
</trkpt>
<trkpt lat="39.605371998623013" lon="2.39626700989902">
<ele>367</ele>
</trkpt>
<trkpt lat="39.605307038873434" lon="2.3963319696486">
<ele>366</ele>
</trkpt>
<trkpt lat="39.605202013626695" lon="2.396410005167127">
<ele>364</ele>
</trkpt>
<trkpt lat="39.605074021965265" lon="2.396527016535401">
<ele>362</ele>
</trkpt>
<trkpt lat="39.604996992275119" lon="2.396618966013193">
<ele>361</ele>
</trkpt>
<trkpt lat="39.604929015040398" lon="2.396785011515021">
<ele>360</ele>
</trkpt>
<trkpt lat="39.604932032525539" lon="2.396829016506672">
<ele>359</ele>
</trkpt>
<trkpt lat="39.604906970635056" lon="2.396943010389805">
<ele>358</ele>
</trkpt>
<trkpt lat="39.60487000644207" lon="2.39706002175808">
<ele>357</ele>
</trkpt>
<trkpt lat="39.60484704002738" lon="2.397221960127354">
<ele>356</ele>
</trkpt>
<trkpt lat="39.604848967865109" lon="2.397437961772084">
<ele>356</ele>
</trkpt>
<trkpt lat="39.604881992563605" lon="2.397580035030842">
<ele>355</ele>
</trkpt>
<trkpt lat="39.604905964806676" lon="2.397622028365731">
<ele>354</ele>
</trkpt>
<trkpt lat="39.60495600476861" lon="2.397711966186762">
<ele>353</ele>
</trkpt>
<trkpt lat="39.605065975338221" lon="2.397926039993763">
<ele>352</ele>
</trkpt>
<trkpt lat="39.605178963392973" lon="2.398108011111617">
<ele>352</ele>
</trkpt>
<trkpt lat="39.605238977819681" lon="2.398289982229471">
<ele>352</ele>
</trkpt>
<trkpt lat="39.605344003066421" lon="2.398455021902919">
<ele>353</ele>
</trkpt>
<trkpt lat="39.605358000844717" lon="2.398476982489228">
<ele>353</ele>
</trkpt>
<trkpt lat="39.605480041354895" lon="2.398674041032791">
<ele>353</ele>
</trkpt>
<trkpt lat="39.605599986389279" lon="2.398875039070845">
<ele>353</ele>
</trkpt>
<trkpt lat="39.605704005807638" lon="2.399060027673841">
<ele>353</ele>
</trkpt>
<trkpt lat="39.605733007192612" lon="2.399123981595039">
<ele>354</ele>
</trkpt>
<trkpt lat="39.605824034661055" lon="2.399392034858465">
<ele>354</ele>
</trkpt>
<trkpt lat="39.605897963047028" lon="2.399512985721231">
<ele>354</ele>
</trkpt>
<trkpt lat="39.605977004393935" lon="2.399653969332576">
<ele>353</ele>
</trkpt>
<trkpt lat="39.606012040749192" lon="2.399733010679483">
<ele>353</ele>
</trkpt>
<trkpt lat="39.606069037690759" lon="2.399847004562616">
<ele>352</ele>
</trkpt>
<trkpt lat="39.606086974963546" lon="2.399895032867789">
<ele>351</ele>
</trkpt>
<trkpt lat="39.606164004653692" lon="2.400010032579303">
<ele>350</ele>
</trkpt>
<trkpt lat="39.606222007423639" lon="2.400098964571953">
<ele>350</ele>
</trkpt>
<trkpt lat="39.60624597966671" lon="2.400147998705506">
<ele>349</ele>
</trkpt>
<trkpt lat="39.606357961893082" lon="2.40032703615725">
<ele>348</ele>
</trkpt>
<trkpt lat="39.606361985206604" lon="2.400341033935547">
<ele>348</ele>
</trkpt>
<trkpt lat="39.606458963826299" lon="2.400505989789963">
<ele>347</ele>
</trkpt>
<trkpt lat="39.606463992968202" lon="2.400519987568259">
<ele>347</ele>
</trkpt>
<trkpt lat="39.606575975194573" lon="2.400689972564578">
<ele>347</ele>
</trkpt>
<trkpt lat="39.606616962701082" lon="2.400773959234357">
<ele>347</ele>
</trkpt>
<trkpt lat="39.606677982956171" lon="2.400888036936522">
<ele>347</ele>
</trkpt>
<trkpt lat="39.606716958805919" lon="2.400991972535849">
<ele>347</ele>
</trkpt>
<trkpt lat="39.60676297545433" lon="2.401096997782588">
<ele>347</ele>
</trkpt>
<trkpt lat="39.606849979609251" lon="2.401274023577571">
<ele>347</ele>
</trkpt>
<trkpt lat="39.60693396627903" lon="2.401429004967213">
<ele>347</ele>
</trkpt>
<trkpt lat="39.606989035382867" lon="2.401535036042333">
<ele>347</ele>
</trkpt>
<trkpt lat="39.607018958777189" lon="2.401563031598926">
<ele>347</ele>
</trkpt>
<trkpt lat="39.607098000124097" lon="2.401714995503426">
<ele>348</ele>
</trkpt>
<trkpt lat="39.607107974588871" lon="2.401760006323457">
<ele>348</ele>
</trkpt>
<trkpt lat="39.607131024822593" lon="2.401898978278041">
<ele>348</ele>
</trkpt>
<trkpt lat="39.607132030650973" lon="2.402143981307745">
<ele>349</ele>
</trkpt>
<trkpt lat="39.607119038701057" lon="2.402252024039626">
<ele>350</ele>
</trkpt>
<trkpt lat="39.60710696876049" lon="2.402349002659321">
<ele>350</ele>
</trkpt>
<trkpt lat="39.607062041759491" lon="2.402485040947795">
<ele>350</ele>
</trkpt>
<trkpt lat="39.607035974040627" lon="2.402652008458972">
<ele>351</ele>
</trkpt>
<trkpt lat="39.607008984312415" lon="2.402731971815229">
<ele>352</ele>
</trkpt>
<trkpt lat="39.606964979320765" lon="2.402889970690012">
<ele>352</ele>
</trkpt>
<trkpt lat="39.606920974329114" lon="2.403065990656614">
<ele>353</ele>
</trkpt>
<trkpt lat="39.606921980157495" lon="2.403093986213207">
<ele>354</ele>
</trkpt>
<trkpt lat="39.606897002086043" lon="2.403347035869956">
<ele>355</ele>
</trkpt>
<trkpt lat="39.606884010136127" lon="2.403494976460934">
<ele>356</ele>
</trkpt>
<trkpt lat="39.606918962672353" lon="2.40372397005558">
<ele>356</ele>
</trkpt>
<trkpt lat="39.606938995420933" lon="2.403794964775443">
<ele>357</ele>
</trkpt>
<trkpt lat="39.606961961835623" lon="2.40397903136909">
<ele>358</ele>
</trkpt>
<trkpt lat="39.606991969048977" lon="2.404133006930351">
<ele>359</ele>
</trkpt>
<trkpt lat="39.607052989304066" lon="2.404311038553715">
<ele>360</ele>
</trkpt>
<trkpt lat="39.607122978195548" lon="2.404399970546365">
<ele>361</ele>
</trkpt>
<trkpt lat="39.607143010944128" lon="2.404418997466564">
<ele>360</ele>
</trkpt>
<trkpt lat="39.607263961806893" lon="2.404513964429498">
<ele>360</ele>
</trkpt>
<trkpt lat="39.607393965125084" lon="2.404636004939675">
<ele>359</ele>
</trkpt>
<trkpt lat="39.607498990371823" lon="2.404811019077897">
<ele>359</ele>
</trkpt>
<trkpt lat="39.607538972049952" lon="2.404853012412787">
<ele>358</ele>
</trkpt>
<trkpt lat="39.60762002505362" lon="2.405038001015782">
<ele>357</ele>
</trkpt>
<trkpt lat="39.60761901922524" lon="2.405241010710597">
<ele>357</ele>
</trkpt>
<trkpt lat="39.607602003961802" lon="2.405353998765349">
<ele>356</ele>
</trkpt>
<trkpt lat="39.607514999806881" lon="2.405544016510248">
<ele>356</ele>
</trkpt>
<trkpt lat="39.607484992593527" lon="2.405577041208744">
<ele>355</ele>
</trkpt>
<trkpt lat="39.607464037835598" lon="2.405692040920258">
<ele>354</ele>
</trkpt>
<trkpt lat="39.607461020350456" lon="2.405695980414748">
<ele>354</ele>
</trkpt>
<trkpt lat="39.607315007597208" lon="2.405839981511235">
<ele>354</ele>
</trkpt>
<trkpt lat="39.607177041471004" lon="2.405941989272833">
<ele>353</ele>
</trkpt>
<trkpt lat="39.607036979869008" lon="2.405998986214399">
<ele>352</ele>
</trkpt>
<trkpt lat="39.60688803344965" lon="2.406064029783011">
<ele>352</ele>
</trkpt>
<trkpt lat="39.606789965182543" lon="2.406078027561307">
<ele>352</ele>
</trkpt>
<trkpt lat="39.606687035411596" lon="2.406115997582674">
<ele>351</ele>
</trkpt>
<trkpt lat="39.606624003499746" lon="2.406129995360971">
<ele>350</ele>
</trkpt>
<trkpt lat="39.606441026553512" lon="2.406162014231086">
<ele>350</ele>
</trkpt>
<trkpt lat="39.606324015185237" lon="2.406172994524241">
<ele>349</ele>
</trkpt>
<trkpt lat="39.606183031573892" lon="2.406175006181002">
<ele>348</ele>
</trkpt>
<trkpt lat="39.60613701492548" lon="2.406164025887847">
<ele>347</ele>
</trkpt>
<trkpt lat="39.606103990226984" lon="2.406172994524241">
<ele>346</ele>
</trkpt>
<trkpt lat="39.606028972193599" lon="2.406148016452789">
<ele>346</ele>
</trkpt>
<trkpt lat="39.60588002577424" lon="2.406117003411055">
<ele>345</ele>
</trkpt>
<trkpt lat="39.605853036046028" lon="2.406092025339603">
<ele>344</ele>
</trkpt>
<trkpt lat="39.605739964172244" lon="2.406097976490855">
<ele>343</ele>
</trkpt>
<trkpt lat="39.605668969452381" lon="2.406123960390687">
<ele>342</ele>
</trkpt>
<trkpt lat="39.605521028861403" lon="2.406232003122568">
<ele>341</ele>
</trkpt>
<trkpt lat="39.605350960046053" lon="2.406382039189339">
<ele>341</ele>
</trkpt>
<trkpt lat="39.6052569989115" lon="2.406559986993671">
<ele>341</ele>
</trkpt>
<trkpt lat="39.605227997526526" lon="2.406612038612366">
<ele>341</ele>
</trkpt>
<trkpt lat="39.605151973664761" lon="2.406798033043742">
<ele>341</ele>
</trkpt>
<trkpt lat="39.605119032785296" lon="2.406846983358264">
<ele>340</ele>
</trkpt>
<trkpt lat="39.605052983388305" lon="2.407034989446402">
<ele>340</ele>
</trkpt>
<trkpt lat="39.60499900393188" lon="2.407157029956579">
<ele>340</ele>
</trkpt>
<trkpt lat="39.604924991726875" lon="2.407294996082783">
<ele>340</ele>
</trkpt>
<trkpt lat="39.604858020320535" lon="2.40746296942234">
<ele>340</ele>
</trkpt>
<trkpt lat="39.604815021157265" lon="2.407550979405642">
<ele>340</ele>
</trkpt>
<trkpt lat="39.604749977588654" lon="2.407659022137523">
<ele>340</ele>
</trkpt>
<trkpt lat="39.604733968153596" lon="2.407780978828669">
<ele>341</ele>
</trkpt>
<trkpt lat="39.604729022830725" lon="2.407820038497448">
<ele>341</ele>
</trkpt>
<trkpt lat="39.604780990630388" lon="2.408030005171895">
<ele>342</ele>
</trkpt>
<trkpt lat="39.604786019772291" lon="2.408103011548519">
<ele>342</ele>
</trkpt>
<trkpt lat="39.604824995622039" lon="2.408358994871378">
<ele>342</ele>
</trkpt>
<trkpt lat="39.60480404086411" lon="2.408437030389905">
<ele>343</ele>
</trkpt>
<trkpt lat="39.604791970923543" lon="2.408486986532807">
<ele>343</ele>
</trkpt>
<trkpt lat="39.604790965095162" lon="2.408485980704427">
<ele>344</ele>
</trkpt>
<trkpt lat="39.604775039479136" lon="2.408482041209936">
<ele>344</ele>
</trkpt>
</trkseg>
</trk>
</gpx>
