<?xml version="1.0" encoding="UTF-8"?>
<gpx version="1.1"
creator="Smartprofil-Office - http://www.rother.de"
xmlns:xsi="http://www.w3.org/2001/XMLSchema-instance"
xmlns="http://www.topografix.com/GPX/1/1"
xsi:schemaLocation="http://www.topografix.com/GPX/1/1 http://www.topografix.com/GPX/1/1/gpx.xsd">
<metadata>

<bounds minlat="39.800690962001681" minlon="2.847678009420633" maxlat="39.821386970579624" maxlon="2.892391020432115"/>
</metadata>
<wpt lat="39.820550037547946" lon="2.884532986208797">
<ele>480</ele>
<name>49_Lluc (1)</name>
<cmt></cmt>
<desc></desc>
<sym>Crossing</sym>
</wpt>

<wpt lat="39.820614997297525" lon="2.872264981269836">
<ele>663</ele>
<name>49_Ma-10 (2)</name>
<cmt></cmt>
<desc></desc>
<sym>Crossing</sym>
</wpt>

<wpt lat="39.814951010048389" lon="2.853402011096478">
<ele>1071</ele>
<name>49_Casa de Neu d’en Galileu (3)</name>
<cmt></cmt>
<desc></desc>
<sym>Crossing</sym>
</wpt>

<wpt lat="39.81342600658536" lon="2.864447012543678">
<ele>1181</ele>
<name>49_Puig d’en Galileu (4)</name>
<cmt></cmt>
<desc></desc>
<sym>Crossing</sym>
</wpt>

<wpt lat="39.808558970689774" lon="2.852066019549966">
<ele>1205</ele>
<name>49_Coll des Prat (5)</name>
<cmt></cmt>
<desc></desc>
<sym>Crossing</sym>
</wpt>

<wpt lat="39.806027971208096" lon="2.852981993928552">
<ele>1365</ele>
<name>49_Puig de Massanella (6)</name>
<cmt></cmt>
<desc></desc>
<sym>Crossing</sym>
</wpt>

<wpt lat="39.801893010735512" lon="2.864725962281227">
<ele>1027</ele>
<name>49_Avenc des Camí (7)</name>
<cmt></cmt>
<desc></desc>
<sym>Crossing</sym>
</wpt>

<wpt lat="39.800704959779978" lon="2.870952039957047">
<ele>824</ele>
<name>49_Coll de sa Línia (8)</name>
<cmt></cmt>
<desc></desc>
<sym>Crossing</sym>
</wpt>

<wpt lat="39.812510032206774" lon="2.889701016247273">
<ele>579</ele>
<name>49_Coll de sa Batalla (9)</name>
<cmt></cmt>
<desc></desc>
<sym>Crossing</sym>
</wpt>

<trk>
<name>Mal_49_Massanella_2</name>
<trkseg>
<trkpt lat="39.820550037547946" lon="2.884532986208797">
<ele>480</ele>
</trkpt>
<trkpt lat="39.820550037547946" lon="2.884540027007461">
<ele>486</ele>
</trkpt>
<trkpt lat="39.820550037547946" lon="2.884540027007461">
<ele>491</ele>
</trkpt>
<trkpt lat="39.820552971214056" lon="2.884523011744022">
<ele>497</ele>
</trkpt>
<trkpt lat="39.820423973724246" lon="2.884358977898955">
<ele>502</ele>
</trkpt>
<trkpt lat="39.820350967347622" lon="2.884266022592783">
<ele>507</ele>
</trkpt>
<trkpt lat="39.820253988727927" lon="2.884184969589114">
<ele>513</ele>
</trkpt>
<trkpt lat="39.820147035643458" lon="2.884094025939703">
<ele>518</ele>
</trkpt>
<trkpt lat="39.820002028718591" lon="2.884030994027853">
<ele>524</ele>
</trkpt>
<trkpt lat="39.819988030940294" lon="2.884010039269924">
<ele>529</ele>
</trkpt>
<trkpt lat="39.819908989593387" lon="2.883866960182786">
<ele>535</ele>
</trkpt>
<trkpt lat="39.819899015128613" lon="2.883759001269937">
<ele>536</ele>
</trkpt>
<trkpt lat="39.819749984890223" lon="2.883645007386804">
<ele>537</ele>
</trkpt>
<trkpt lat="39.819627022370696" lon="2.883617011830211">
<ele>538</ele>
</trkpt>
<trkpt lat="39.81955099850893" lon="2.883532019332051">
<ele>539</ele>
</trkpt>
<trkpt lat="39.819544041529298" lon="2.883520033210516">
<ele>540</ele>
</trkpt>
<trkpt lat="39.81954999268055" lon="2.883477034047246">
<ele>541</ele>
</trkpt>
<trkpt lat="39.819483021274209" lon="2.883377959951758">
<ele>542</ele>
</trkpt>
<trkpt lat="39.819318987429142" lon="2.883325992152095">
<ele>543</ele>
</trkpt>
<trkpt lat="39.819294009357691" lon="2.883322974666953">
<ele>544</ele>
</trkpt>
<trkpt lat="39.819192001596093" lon="2.883285004645586">
<ele>545</ele>
</trkpt>
<trkpt lat="39.819030985236168" lon="2.88316497579217">
<ele>546</ele>
</trkpt>
<trkpt lat="39.818973988294601" lon="2.883131029084325">
<ele>548</ele>
</trkpt>
<trkpt lat="39.819087982177734" lon="2.883058022707701">
<ele>550</ele>
</trkpt>
<trkpt lat="39.819169035181403" lon="2.883026003837585">
<ele>551</ele>
</trkpt>
<trkpt lat="39.81931203044951" lon="2.882925001904368">
<ele>553</ele>
</trkpt>
<trkpt lat="39.81927196495235" lon="2.882846966385841">
<ele>553</ele>
</trkpt>
<trkpt lat="39.819294009357691" lon="2.882685028016567">
<ele>555</ele>
</trkpt>
<trkpt lat="39.819338014349341" lon="2.882581008598208">
<ele>557</ele>
</trkpt>
<trkpt lat="39.819363998249173" lon="2.882462991401553">
<ele>558</ele>
</trkpt>
<trkpt lat="39.819342037662864" lon="2.882414041087031">
<ele>560</ele>
</trkpt>
<trkpt lat="39.819338014349341" lon="2.882313039153814">
<ele>560</ele>
</trkpt>
<trkpt lat="39.819319993257523" lon="2.882083961740136">
<ele>562</ele>
</trkpt>
<trkpt lat="39.819313958287239" lon="2.881956975907087">
<ele>563</ele>
</trkpt>
<trkpt lat="39.819296021014452" lon="2.8818320017308">
<ele>563</ele>
</trkpt>
<trkpt lat="39.819289986044168" lon="2.881793025881052">
<ele>565</ele>
</trkpt>
<trkpt lat="39.819289986044168" lon="2.881793025881052">
<ele>565</ele>
</trkpt>
<trkpt lat="39.819286968559027" lon="2.881793025881052">
<ele>566</ele>
</trkpt>
<trkpt lat="39.819286968559027" lon="2.881783973425627">
<ele>567</ele>
</trkpt>
<trkpt lat="39.819285040721297" lon="2.881779028102756">
<ele>568</ele>
</trkpt>
<trkpt lat="39.819313958287239" lon="2.881494965404272">
<ele>569</ele>
</trkpt>
<trkpt lat="39.819342037662864" lon="2.881334032863379">
<ele>569</ele>
</trkpt>
<trkpt lat="39.81937799602747" lon="2.881226995959878">
<ele>571</ele>
</trkpt>
<trkpt lat="39.819457037374377" lon="2.881190031766892">
<ele>572</ele>
</trkpt>
<trkpt lat="39.819519985467196" lon="2.881105039268732">
<ele>573</ele>
</trkpt>
<trkpt lat="39.819609001278877" lon="2.881057010963559">
<ele>574</ele>
</trkpt>
<trkpt lat="39.819673961028457" lon="2.880946034565568">
<ele>574</ele>
</trkpt>
<trkpt lat="39.819729030132294" lon="2.880802033469081">
<ele>576</ele>
</trkpt>
<trkpt lat="39.819745039567351" lon="2.88077998906374">
<ele>577</ele>
</trkpt>
<trkpt lat="39.819817962124944" lon="2.880616039037705">
<ele>578</ele>
</trkpt>
<trkpt lat="39.819940002635121" lon="2.880397019907832">
<ele>579</ele>
</trkpt>
<trkpt lat="39.819994987919927" lon="2.880313033238053">
<ele>580</ele>
</trkpt>
<trkpt lat="39.82004402205348" lon="2.880239021033049">
<ele>582</ele>
</trkpt>
<trkpt lat="39.820193974301219" lon="2.880074987187982">
<ele>582</ele>
</trkpt>
<trkpt lat="39.820257006213069" lon="2.879928974434733">
<ele>584</ele>
</trkpt>
<trkpt lat="39.820308974012733" lon="2.879800982773304">
<ele>586</ele>
</trkpt>
<trkpt lat="39.820392038673162" lon="2.879793019965291">
<ele>587</ele>
</trkpt>
<trkpt lat="39.820395978167653" lon="2.879597973078489">
<ele>589</ele>
</trkpt>
<trkpt lat="39.820448029786348" lon="2.879535024985671">
<ele>589</ele>
</trkpt>
<trkpt lat="39.820422967895865" lon="2.879423964768648">
<ele>591</ele>
</trkpt>
<trkpt lat="39.820420034229755" lon="2.879338972270489">
<ele>593</ele>
</trkpt>
<trkpt lat="39.820501003414392" lon="2.879250962287188">
<ele>594</ele>
</trkpt>
<trkpt lat="39.820545008406043" lon="2.879157001152635">
<ele>596</ele>
</trkpt>
<trkpt lat="39.820598987862468" lon="2.879052981734276">
<ele>596</ele>
</trkpt>
<trkpt lat="39.820694038644433" lon="2.87895399145782">
<ele>598</ele>
</trkpt>
<trkpt lat="39.820766961202025" lon="2.878850977867842">
<ele>600</ele>
</trkpt>
<trkpt lat="39.820853965356946" lon="2.878720974549651">
<ele>601</ele>
</trkpt>
<trkpt lat="39.820905011147261" lon="2.878588959574699">
<ele>603</ele>
</trkpt>
<trkpt lat="39.820938035845757" lon="2.878453005105257">
<ele>603</ele>
</trkpt>
<trkpt lat="39.821039959788322" lon="2.878358038142324">
<ele>606</ele>
</trkpt>
<trkpt lat="39.821105003356934" lon="2.878257036209106">
<ele>608</ele>
</trkpt>
<trkpt lat="39.821116989478469" lon="2.878220994025469">
<ele>609</ele>
</trkpt>
<trkpt lat="39.821169963106513" lon="2.878044974058867">
<ele>610</ele>
</trkpt>
<trkpt lat="39.821200976148248" lon="2.877942966297269">
<ele>611</ele>
</trkpt>
<trkpt lat="39.82122503221035" lon="2.877774992957711">
<ele>612</ele>
</trkpt>
<trkpt lat="39.82120499946177" lon="2.877687988802791">
<ele>614</ele>
</trkpt>
<trkpt lat="39.821211034432054" lon="2.87755697965622">
<ele>615</ele>
</trkpt>
<trkpt lat="39.821257973089814" lon="2.877447009086609">
<ele>616</ele>
</trkpt>
<trkpt lat="39.821294015273452" lon="2.87736201658845">
<ele>617</ele>
</trkpt>
<trkpt lat="39.821330979466438" lon="2.877261014655232">
<ele>618</ele>
</trkpt>
<trkpt lat="39.821338020265102" lon="2.877136040478945">
<ele>620</ele>
</trkpt>
<trkpt lat="39.821356041356921" lon="2.87706202827394">
<ele>621</ele>
</trkpt>
<trkpt lat="39.821386970579624" lon="2.87691199220717">
<ele>623</ele>
</trkpt>
<trkpt lat="39.821385964751244" lon="2.876800009980798">
<ele>623</ele>
</trkpt>
<trkpt lat="39.821303989738226" lon="2.876835968345404">
<ele>625</ele>
</trkpt>
<trkpt lat="39.82127096503973" lon="2.876873016357422">
<ele>627</ele>
</trkpt>
<trkpt lat="39.821170968934894" lon="2.876947028562427">
<ele>628</ele>
</trkpt>
<trkpt lat="39.821099974215031" lon="2.87702196277678">
<ele>630</ele>
</trkpt>
<trkpt lat="39.821031996980309" lon="2.877091029658914">
<ele>630</ele>
</trkpt>
<trkpt lat="39.820914985612035" lon="2.877211980521679">
<ele>632</ele>
</trkpt>
<trkpt lat="39.820826975628734" lon="2.877240981906653">
<ele>633</ele>
</trkpt>
<trkpt lat="39.820778025314212" lon="2.877231007441878">
<ele>635</ele>
</trkpt>
<trkpt lat="39.820814989507198" lon="2.877162024378777">
<ele>637</ele>
</trkpt>
<trkpt lat="39.820832004770637" lon="2.877075020223856">
<ele>638</ele>
</trkpt>
<trkpt lat="39.820872992277145" lon="2.87688902579248">
<ele>640</ele>
</trkpt>
<trkpt lat="39.820866035297513" lon="2.876757010817528">
<ele>641</ele>
</trkpt>
<trkpt lat="39.820869974792004" lon="2.87665500305593">
<ele>642</ele>
</trkpt>
<trkpt lat="39.820864023640752" lon="2.876527011394501">
<ele>644</ele>
</trkpt>
<trkpt lat="39.82083803974092" lon="2.876378986984491">
<ele>645</ele>
</trkpt>
<trkpt lat="39.820862011983991" lon="2.876248983666301">
<ele>647</ele>
</trkpt>
<trkpt lat="39.820857988670468" lon="2.876121997833252">
<ele>648</ele>
</trkpt>
<trkpt lat="39.820850025862455" lon="2.876022001728416">
<ele>649</ele>
</trkpt>
<trkpt lat="39.820838961750269" lon="2.875878000631928">
<ele>650</ele>
</trkpt>
<trkpt lat="39.820876009762287" lon="2.875747997313738">
<ele>650</ele>
</trkpt>
<trkpt lat="39.820937030017376" lon="2.875634003430605">
<ele>651</ele>
</trkpt>
<trkpt lat="39.821048006415367" lon="2.875480027869344">
<ele>651</ele>
</trkpt>
<trkpt lat="39.821102991700172" lon="2.875333009287715">
<ele>652</ele>
</trkpt>
<trkpt lat="39.8211620002985" lon="2.875206023454666">
<ele>653</ele>
</trkpt>
<trkpt lat="39.821194019168615" lon="2.87515003234148">
<ele>653</ele>
</trkpt>
<trkpt lat="39.821269959211349" lon="2.875032015144825">
<ele>654</ele>
</trkpt>
<trkpt lat="39.821299966424704" lon="2.874926989898086">
<ele>654</ele>
</trkpt>
<trkpt lat="39.821341037750244" lon="2.874781982973218">
<ele>655</ele>
</trkpt>
<trkpt lat="39.821349000558257" lon="2.87476303987205">
<ele>657</ele>
</trkpt>
<trkpt lat="39.821369033306837" lon="2.874505966901779">
<ele>657</ele>
</trkpt>
<trkpt lat="39.821315975859761" lon="2.874400019645691">
<ele>659</ele>
</trkpt>
<trkpt lat="39.821295021101832" lon="2.874359032139182">
<ele>659</ele>
</trkpt>
<trkpt lat="39.821188990026712" lon="2.87429197691381">
<ele>660</ele>
</trkpt>
<trkpt lat="39.821130987256765" lon="2.874204972758889">
<ele>662</ele>
</trkpt>
<trkpt lat="39.821094023063779" lon="2.874062983319163">
<ele>662</ele>
</trkpt>
<trkpt lat="39.821092011407018" lon="2.874043034389615">
<ele>664</ele>
</trkpt>
<trkpt lat="39.821078013628721" lon="2.873924011364579">
<ele>664</ele>
</trkpt>
<trkpt lat="39.82105303555727" lon="2.873816974461079">
<ele>664</ele>
</trkpt>
<trkpt lat="39.821007018908858" lon="2.873740028589964">
<ele>663</ele>
</trkpt>
<trkpt lat="39.820961002260447" lon="2.873641038313508">
<ele>663</ele>
</trkpt>
<trkpt lat="39.820957984775305" lon="2.873626034706831">
<ele>663</ele>
</trkpt>
<trkpt lat="39.820913979783654" lon="2.873443979769945">
<ele>661</ele>
</trkpt>
<trkpt lat="39.820910962298512" lon="2.873437022790313">
<ele>661</ele>
</trkpt>
<trkpt lat="39.820905011147261" lon="2.873417995870113">
<ele>660</ele>
</trkpt>
<trkpt lat="39.82086100615561" lon="2.873351024463773">
<ele>660</ele>
</trkpt>
<trkpt lat="39.820806020870805" lon="2.873222026973963">
<ele>660</ele>
</trkpt>
<trkpt lat="39.820745000615716" lon="2.873078025877476">
<ele>659</ele>
</trkpt>
<trkpt lat="39.820678029209375" lon="2.872913992032409">
<ele>660</ele>
</trkpt>
<trkpt lat="39.82064500451088" lon="2.872762028127909">
<ele>660</ele>
</trkpt>
<trkpt lat="39.820653973147273" lon="2.872628001496196">
<ele>660</ele>
</trkpt>
<trkpt lat="39.820657996460795" lon="2.872574022039771">
<ele>661</ele>
</trkpt>
<trkpt lat="39.820695966482162" lon="2.872404959052801">
<ele>661</ele>
</trkpt>
<trkpt lat="39.820648021996021" lon="2.872310997918248">
<ele>662</ele>
</trkpt>
<trkpt lat="39.820626983419061" lon="2.872277973219752">
<ele>661</ele>
</trkpt>
<trkpt lat="39.820622960105538" lon="2.872273027896881">
<ele>662</ele>
</trkpt>
<trkpt lat="39.820614997297525" lon="2.872264981269836">
<ele>663</ele>
</trkpt>
<trkpt lat="39.820614997297525" lon="2.872265987098217">
<ele>664</ele>
</trkpt>
<trkpt lat="39.820616003125906" lon="2.872265987098217">
<ele>665</ele>
</trkpt>
<trkpt lat="39.820616003125906" lon="2.872265987098217">
<ele>666</ele>
</trkpt>
<trkpt lat="39.820614997297525" lon="2.872263975441456">
<ele>667</ele>
</trkpt>
<trkpt lat="39.820462027564645" lon="2.872351985424757">
<ele>668</ele>
</trkpt>
<trkpt lat="39.820355996489525" lon="2.872409988194704">
<ele>669</ele>
</trkpt>
<trkpt lat="39.820256000384688" lon="2.872418034821749">
<ele>670</ele>
</trkpt>
<trkpt lat="39.820165978744626" lon="2.872380986809731">
<ele>671</ele>
</trkpt>
<trkpt lat="39.820032035931945" lon="2.872306974604726">
<ele>672</ele>
</trkpt>
<trkpt lat="39.819932039827108" lon="2.872295994311571">
<ele>673</ele>
</trkpt>
<trkpt lat="39.819843024015427" lon="2.872308986261487">
<ele>674</ele>
</trkpt>
<trkpt lat="39.819782003760338" lon="2.872337987646461">
<ele>676</ele>
</trkpt>
<trkpt lat="39.819654012098908" lon="2.872447036206722">
<ele>678</ele>
</trkpt>
<trkpt lat="39.81955099850893" lon="2.872510990127921">
<ele>679</ele>
</trkpt>
<trkpt lat="39.819472040981054" lon="2.872604029253125">
<ele>680</ele>
</trkpt>
<trkpt lat="39.819413032382727" lon="2.872671000659466">
<ele>682</ele>
</trkpt>
<trkpt lat="39.819327034056187" lon="2.872762028127909">
<ele>684</ele>
</trkpt>
<trkpt lat="39.819310018792748" lon="2.872828999534249">
<ele>685</ele>
</trkpt>
<trkpt lat="39.81931496411562" lon="2.872975012287498">
<ele>686</ele>
</trkpt>
<trkpt lat="39.819371039047837" lon="2.873111972585321">
<ele>688</ele>
</trkpt>
<trkpt lat="39.819435998797417" lon="2.873171987012029">
<ele>690</ele>
</trkpt>
<trkpt lat="39.819494001567364" lon="2.873322023078799">
<ele>692</ele>
</trkpt>
<trkpt lat="39.819459971040487" lon="2.873440962284803">
<ele>694</ele>
</trkpt>
<trkpt lat="39.819446979090571" lon="2.873468035832048">
<ele>696</ele>
</trkpt>
<trkpt lat="39.819404985755682" lon="2.873595021665096">
<ele>698</ele>
</trkpt>
<trkpt lat="39.819400040432811" lon="2.87360399030149">
<ele>699</ele>
</trkpt>
<trkpt lat="39.819232989102602" lon="2.873846981674433">
<ele>701</ele>
</trkpt>
<trkpt lat="39.819188984110951" lon="2.873910013586283">
<ele>703</ele>
</trkpt>
<trkpt lat="39.81909703463316" lon="2.873952006921172">
<ele>705</ele>
</trkpt>
<trkpt lat="39.819020004943013" lon="2.873923005536199">
<ele>707</ele>
</trkpt>
<trkpt lat="39.818945992738008" lon="2.87381898611784">
<ele>709</ele>
</trkpt>
<trkpt lat="39.818890001624823" lon="2.873758971691132">
<ele>710</ele>
</trkpt>
<trkpt lat="39.818792017176747" lon="2.873680014163256">
<ele>712</ele>
</trkpt>
<trkpt lat="39.818680034950376" lon="2.87356099113822">
<ele>714</ele>
</trkpt>
<trkpt lat="39.818612979725003" lon="2.873525032773614">
<ele>716</ele>
</trkpt>
<trkpt lat="39.818505020812154" lon="2.873329985886812">
<ele>717</ele>
</trkpt>
<trkpt lat="39.818435031920671" lon="2.87321699783206">
<ele>719</ele>
</trkpt>
<trkpt lat="39.818373005837202" lon="2.873128987848759">
<ele>721</ele>
</trkpt>
<trkpt lat="39.818316008895636" lon="2.872985992580652">
<ele>722</ele>
</trkpt>
<trkpt lat="39.818332018330693" lon="2.872825982049108">
<ele>724</ele>
</trkpt>
<trkpt lat="39.818372000008821" lon="2.872652979567647">
<ele>725</ele>
</trkpt>
<trkpt lat="39.818355990573764" lon="2.872592965140939">
<ele>727</ele>
</trkpt>
<trkpt lat="39.818406030535698" lon="2.872451981529594">
<ele>728</ele>
</trkpt>
<trkpt lat="39.818456992506981" lon="2.872263975441456">
<ele>729</ele>
</trkpt>
<trkpt lat="39.818486999720335" lon="2.872129026800394">
<ele>730</ele>
</trkpt>
<trkpt lat="39.81851901859045" lon="2.871983014047146">
<ele>732</ele>
</trkpt>
<trkpt lat="39.818451963365078" lon="2.871875977143645">
<ele>733</ele>
</trkpt>
<trkpt lat="39.818377029150724" lon="2.871889974921942">
<ele>734</ele>
</trkpt>
<trkpt lat="39.818267980590463" lon="2.871895004063845">
<ele>736</ele>
</trkpt>
<trkpt lat="39.818211989477277" lon="2.871892992407084">
<ele>737</ele>
</trkpt>
<trkpt lat="39.818183993920684" lon="2.871839012950659">
<ele>738</ele>
</trkpt>
<trkpt lat="39.818165972828865" lon="2.871622005477548">
<ele>739</ele>
</trkpt>
<trkpt lat="39.818139988929033" lon="2.871492002159357">
<ele>740</ele>
</trkpt>
<trkpt lat="39.818145018070936" lon="2.871322017163038">
<ele>741</ele>
</trkpt>
<trkpt lat="39.818142000585794" lon="2.871181033551693">
<ele>742</ele>
</trkpt>
<trkpt lat="39.818095983937383" lon="2.871057987213135">
<ele>742</ele>
</trkpt>
<trkpt lat="39.81804602779448" lon="2.871096963062882">
<ele>743</ele>
</trkpt>
<trkpt lat="39.818019960075617" lon="2.871122024953365">
<ele>744</ele>
</trkpt>
<trkpt lat="39.817944020032883" lon="2.871216991916299">
<ele>745</ele>
</trkpt>
<trkpt lat="39.817861961200833" lon="2.87132696248591">
<ele>746</ele>
</trkpt>
<trkpt lat="39.817785015329719" lon="2.871384965255857">
<ele>747</ele>
</trkpt>
<trkpt lat="39.817689964547753" lon="2.871435005217791">
<ele>748</ele>
</trkpt>
<trkpt lat="39.817569013684988" lon="2.871445985510945">
<ele>750</ele>
</trkpt>
<trkpt lat="39.81746600009501" lon="2.871426036581397">
<ele>751</ele>
</trkpt>
<trkpt lat="39.817395005375147" lon="2.87132696248591">
<ele>752</ele>
</trkpt>
<trkpt lat="39.817297020927072" lon="2.871350012719631">
<ele>753</ele>
</trkpt>
<trkpt lat="39.817262990400195" lon="2.87136996164918">
<ele>754</ele>
</trkpt>
<trkpt lat="39.817169029265642" lon="2.871398963034153">
<ele>756</ele>
</trkpt>
<trkpt lat="39.817096022889018" lon="2.871385971084237">
<ele>757</ele>
</trkpt>
<trkpt lat="39.817000972107053" lon="2.871309025213122">
<ele>758</ele>
</trkpt>
<trkpt lat="39.816970964893699" lon="2.871134011074901">
<ele>759</ele>
</trkpt>
<trkpt lat="39.817024022340775" lon="2.871020017191768">
<ele>759</ele>
</trkpt>
<trkpt lat="39.817084036767483" lon="2.87089697085321">
<ele>760</ele>
</trkpt>
<trkpt lat="39.817154025658965" lon="2.870732014998794">
<ele>760</ele>
</trkpt>
<trkpt lat="39.817194007337093" lon="2.870539985597134">
<ele>761</ele>
</trkpt>
<trkpt lat="39.817191995680332" lon="2.870522970333695">
<ele>762</ele>
</trkpt>
<trkpt lat="39.817197024822235" lon="2.870480976998806">
<ele>762</ele>
</trkpt>
<trkpt lat="39.817222002893686" lon="2.8703379817307">
<ele>763</ele>
</trkpt>
<trkpt lat="39.817259972915053" lon="2.87018702365458">
<ele>763</ele>
</trkpt>
<trkpt lat="39.81729500927031" lon="2.87005802616477">
<ele>764</ele>
</trkpt>
<trkpt lat="39.8173370026052" lon="2.869878988713026">
<ele>764</ele>
</trkpt>
<trkpt lat="39.81740104034543" lon="2.86975703202188">
<ele>764</ele>
</trkpt>
<trkpt lat="39.817507993429899" lon="2.869660975411534">
<ele>764</ele>
</trkpt>
<trkpt lat="39.81766096316278" lon="2.869558967649937">
<ele>764</ele>
</trkpt>
<trkpt lat="39.817737992852926" lon="2.869469029828906">
<ele>764</ele>
</trkpt>
<trkpt lat="39.817803958430886" lon="2.869323017075658">
<ele>764</ele>
</trkpt>
<trkpt lat="39.81787595897913" lon="2.869217991828919">
<ele>764</ele>
</trkpt>
<trkpt lat="39.817928010597825" lon="2.869153032079339">
<ele>764</ele>
</trkpt>
<trkpt lat="39.817989030852914" lon="2.8690289799124">
<ele>764</ele>
</trkpt>
<trkpt lat="39.818034041672945" lon="2.868948010727763">
<ele>764</ele>
</trkpt>
<trkpt lat="39.818151975050569" lon="2.868735026568174">
<ele>764</ele>
</trkpt>
<trkpt lat="39.81821802444756" lon="2.868592031300068">
<ele>763</ele>
</trkpt>
<trkpt lat="39.81823998503387" lon="2.868513995781541">
<ele>763</ele>
</trkpt>
<trkpt lat="39.818227998912334" lon="2.868421040475369">
<ele>762</ele>
</trkpt>
<trkpt lat="39.818246020004153" lon="2.868349039927125">
<ele>762</ele>
</trkpt>
<trkpt lat="39.818249037489295" lon="2.868143012747169">
<ele>762</ele>
</trkpt>
<trkpt lat="39.818275021389127" lon="2.868076963350177">
<ele>761</ele>
</trkpt>
<trkpt lat="39.818302011117339" lon="2.867944026365876">
<ele>761</ele>
</trkpt>
<trkpt lat="39.818317014724016" lon="2.867858028039336">
<ele>760</ele>
</trkpt>
<trkpt lat="39.818354984745383" lon="2.867736993357539">
<ele>760</ele>
</trkpt>
<trkpt lat="39.818456992506981" lon="2.867577988654375">
<ele>762</ele>
</trkpt>
<trkpt lat="39.818453975021839" lon="2.867496013641357">
<ele>764</ele>
</trkpt>
<trkpt lat="39.818421034142375" lon="2.867324016988277">
<ele>765</ele>
</trkpt>
<trkpt lat="39.818394966423512" lon="2.867256961762905">
<ele>767</ele>
</trkpt>
<trkpt lat="39.818309973925352" lon="2.867077002301812">
<ele>769</ele>
</trkpt>
<trkpt lat="39.818288013339043" lon="2.866937024518848">
<ele>771</ele>
</trkpt>
<trkpt lat="39.818259011954069" lon="2.866805009543896">
<ele>773</ele>
</trkpt>
<trkpt lat="39.818249037489295" lon="2.866713982075453">
<ele>774</ele>
</trkpt>
<trkpt lat="39.81832698918879" lon="2.866508960723877">
<ele>776</ele>
</trkpt>
<trkpt lat="39.818381974473596" lon="2.866393039003015">
<ele>778</ele>
</trkpt>
<trkpt lat="39.818446012213826" lon="2.866234034299851">
<ele>779</ele>
</trkpt>
<trkpt lat="39.818479958921671" lon="2.866112999618053">
<ele>780</ele>
</trkpt>
<trkpt lat="39.818474007770419" lon="2.865988025441766">
<ele>781</ele>
</trkpt>
<trkpt lat="39.818479036912322" lon="2.865823991596699">
<ele>782</ele>
</trkpt>
<trkpt lat="39.818481970578432" lon="2.865699017420411">
<ele>783</ele>
</trkpt>
<trkpt lat="39.818516001105309" lon="2.865572031587362">
<ele>784</ele>
</trkpt>
<trkpt lat="39.818556988611817" lon="2.865420989692211">
<ele>785</ele>
</trkpt>
<trkpt lat="39.818563023582101" lon="2.865343960002065">
<ele>786</ele>
</trkpt>
<trkpt lat="39.818578027188778" lon="2.865214040502906">
<ele>787</ele>
</trkpt>
<trkpt lat="39.81860501691699" lon="2.865066016092897">
<ele>788</ele>
</trkpt>
<trkpt lat="39.818574003875256" lon="2.865028968080878">
<ele>790</ele>
</trkpt>
<trkpt lat="39.818483982235193" lon="2.865113960579038">
<ele>791</ele>
</trkpt>
<trkpt lat="39.818401001393795" lon="2.865200964733958">
<ele>793</ele>
</trkpt>
<trkpt lat="39.818319026380777" lon="2.865275982767344">
<ele>794</ele>
</trkpt>
<trkpt lat="39.818249037489295" lon="2.865323005244136">
<ele>796</ele>
</trkpt>
<trkpt lat="39.818129008635879" lon="2.865370027720928">
<ele>798</ele>
</trkpt>
<trkpt lat="39.818057008087635" lon="2.865373967215419">
<ele>799</ele>
</trkpt>
<trkpt lat="39.818054996430874" lon="2.865214962512255">
<ele>801</ele>
</trkpt>
<trkpt lat="39.818049967288971" lon="2.865081019699574">
<ele>802</ele>
</trkpt>
<trkpt lat="39.81804896146059" lon="2.864947998896241">
<ele>804</ele>
</trkpt>
<trkpt lat="39.818071005865932" lon="2.864826964214444">
<ele>805</ele>
</trkpt>
<trkpt lat="39.818056002259254" lon="2.864654967561364">
<ele>806</ele>
</trkpt>
<trkpt lat="39.818032030016184" lon="2.8645149897784">
<ele>806</ele>
</trkpt>
<trkpt lat="39.817997999489307" lon="2.864356990903616">
<ele>807</ele>
</trkpt>
<trkpt lat="39.817947959527373" lon="2.864242997020483">
<ele>808</ele>
</trkpt>
<trkpt lat="39.817889034748077" lon="2.864118022844195">
<ele>809</ele>
</trkpt>
<trkpt lat="39.81787696480751" lon="2.864103019237518">
<ele>810</ele>
</trkpt>
<trkpt lat="39.817816028371453" lon="2.863925993442535">
<ele>810</ele>
</trkpt>
<trkpt lat="39.817764982581139" lon="2.863791966810823">
<ele>811</ele>
</trkpt>
<trkpt lat="39.817731035873294" lon="2.863696999847889">
<ele>812</ele>
</trkpt>
<trkpt lat="39.817675966769457" lon="2.863464988768101">
<ele>813</ele>
</trkpt>
<trkpt lat="39.817634979262948" lon="2.863329034298658">
<ele>814</ele>
</trkpt>
<trkpt lat="39.817623998969793" lon="2.863317970186472">
<ele>815</ele>
</trkpt>
<trkpt lat="39.817512016743422" lon="2.863196013495326">
<ele>816</ele>
</trkpt>
<trkpt lat="39.817429035902023" lon="2.863129964098334">
<ele>817</ele>
</trkpt>
<trkpt lat="39.817312024533749" lon="2.862974982708693">
<ele>818</ele>
</trkpt>
<trkpt lat="39.817285034805536" lon="2.862913962453604">
<ele>819</ele>
</trkpt>
<trkpt lat="39.817191995680332" lon="2.862831987440586">
<ele>820</ele>
</trkpt>
<trkpt lat="39.817099962383509" lon="2.862803991883993">
<ele>821</ele>
</trkpt>
<trkpt lat="39.817081019282341" lon="2.862737020477653">
<ele>822</ele>
</trkpt>
<trkpt lat="39.817139022052288" lon="2.86255999468267">
<ele>823</ele>
</trkpt>
<trkpt lat="39.817056963220239" lon="2.862493023276329">
<ele>825</ele>
</trkpt>
<trkpt lat="39.816983034834266" lon="2.862392021343112">
<ele>826</ele>
</trkpt>
<trkpt lat="39.816917991265655" lon="2.862276015803218">
<ele>828</ele>
</trkpt>
<trkpt lat="39.816873986274004" lon="2.862142994999886">
<ele>829</ele>
</trkpt>
<trkpt lat="39.816803997382522" lon="2.862033024430275">
<ele>830</ele>
</trkpt>
<trkpt lat="39.816768039017916" lon="2.861905032768846">
<ele>832</ele>
</trkpt>
<trkpt lat="39.816755969077349" lon="2.861779974773526">
<ele>833</ele>
</trkpt>
<trkpt lat="39.816765021532774" lon="2.861724989488721">
<ele>835</ele>
</trkpt>
<trkpt lat="39.816753035411239" lon="2.861583000048995">
<ele>836</ele>
</trkpt>
<trkpt lat="39.816699977964163" lon="2.861445033922792">
<ele>838</ele>
</trkpt>
<trkpt lat="39.816704001277685" lon="2.86135702393949">
<ele>840</ele>
</trkpt>
<trkpt lat="39.816719004884362" lon="2.861229032278061">
<ele>842</ele>
</trkpt>
<trkpt lat="39.816712969914079" lon="2.861054018139839">
<ele>844</ele>
</trkpt>
<trkpt lat="39.816739037632942" lon="2.860893001779914">
<ele>846</ele>
</trkpt>
<trkpt lat="39.816788993775845" lon="2.86075503565371">
<ele>847</ele>
</trkpt>
<trkpt lat="39.816811038181186" lon="2.860652022063732">
<ele>849</ele>
</trkpt>
<trkpt lat="39.816827969625592" lon="2.860559988766909">
<ele>851</ele>
</trkpt>
<trkpt lat="39.816789999604225" lon="2.860422022640705">
<ele>853</ele>
</trkpt>
<trkpt lat="39.816744988784194" lon="2.860293025150895">
<ele>855</ele>
</trkpt>
<trkpt lat="39.816731996834278" lon="2.860229993239045">
<ele>856</ele>
</trkpt>
<trkpt lat="39.816727973520756" lon="2.86021901294589">
<ele>858</ele>
</trkpt>
<trkpt lat="39.81669302098453" lon="2.860122034326196">
<ele>860</ele>
</trkpt>
<trkpt lat="39.816569974645972" lon="2.860186994075775">
<ele>861</ele>
</trkpt>
<trkpt lat="39.816571986302733" lon="2.860184982419014">
<ele>862</ele>
</trkpt>
<trkpt lat="39.816570980474353" lon="2.860143994912505">
<ele>864</ele>
</trkpt>
<trkpt lat="39.816594030708075" lon="2.860021032392979">
<ele>866</ele>
</trkpt>
<trkpt lat="39.816602999344468" lon="2.859948026016355">
<ele>867</ele>
</trkpt>
<trkpt lat="39.81652001850307" lon="2.860059002414346">
<ele>868</ele>
</trkpt>
<trkpt lat="39.816458998247981" lon="2.860074006021023">
<ele>870</ele>
</trkpt>
<trkpt lat="39.816511971876025" lon="2.859878037124872">
<ele>872</ele>
</trkpt>
<trkpt lat="39.816509960219264" lon="2.859752979129553">
<ele>875</ele>
</trkpt>
<trkpt lat="39.816507026553154" lon="2.859691036865115">
<ele>877</ele>
</trkpt>
<trkpt lat="39.816451035439968" lon="2.859703022986651">
<ele>880</ele>
</trkpt>
<trkpt lat="39.816504009068012" lon="2.859565978869796">
<ele>882</ele>
</trkpt>
<trkpt lat="39.816524963825941" lon="2.859481992200017">
<ele>884</ele>
</trkpt>
<trkpt lat="39.816569974645972" lon="2.859349977225065">
<ele>887</ele>
</trkpt>
<trkpt lat="39.816579027101398" lon="2.859241012483835">
<ele>889</ele>
</trkpt>
<trkpt lat="39.816492022946477" lon="2.859276970848441">
<ele>892</ele>
</trkpt>
<trkpt lat="39.816536027938128" lon="2.859184015542269">
<ele>894</ele>
</trkpt>
<trkpt lat="39.816565029323101" lon="2.859073039144278">
<ele>896</ele>
</trkpt>
<trkpt lat="39.816484982147813" lon="2.859114026650786">
<ele>898</ele>
</trkpt>
<trkpt lat="39.816402001306415" lon="2.859173035249114">
<ele>901</ele>
</trkpt>
<trkpt lat="39.816343998536468" lon="2.859222991392016">
<ele>903</ele>
</trkpt>
<trkpt lat="39.816316002979875" lon="2.859200024977326">
<ele>905</ele>
</trkpt>
<trkpt lat="39.816341986879706" lon="2.859101034700871">
<ele>907</ele>
</trkpt>
<trkpt lat="39.816308962181211" lon="2.859052000567317">
<ele>909</ele>
</trkpt>
<trkpt lat="39.81624199077487" lon="2.859084019437432">
<ele>912</ele>
</trkpt>
<trkpt lat="39.816194968298078" lon="2.859135987237096">
<ele>914</ele>
</trkpt>
<trkpt lat="39.816222963854671" lon="2.85901403054595">
<ele>916</ele>
</trkpt>
<trkpt lat="39.816248025745153" lon="2.858905987814069">
<ele>919</ele>
</trkpt>
<trkpt lat="39.81626302935183" lon="2.858730973675847">
<ele>922</ele>
</trkpt>
<trkpt lat="39.816192034631968" lon="2.858785036951304">
<ele>924</ele>
</trkpt>
<trkpt lat="39.816132020205259" lon="2.858857037499547">
<ele>927</ele>
</trkpt>
<trkpt lat="39.816053984686732" lon="2.858945969492197">
<ele>930</ele>
</trkpt>
<trkpt lat="39.816032024100423" lon="2.858958039432764">
<ele>933</ele>
</trkpt>
<trkpt lat="39.815907971933484" lon="2.859041020274162">
<ele>936</ele>
</trkpt>
<trkpt lat="39.815804958343506" lon="2.859180998057127">
<ele>938</ele>
</trkpt>
<trkpt lat="39.81570303440094" lon="2.859332961961627">
<ele>941</ele>
</trkpt>
<trkpt lat="39.815679984167218" lon="2.859432036057115">
<ele>944</ele>
</trkpt>
<trkpt lat="39.815638996660709" lon="2.859390964731574">
<ele>947</ele>
</trkpt>
<trkpt lat="39.815648971125484" lon="2.859328016638756">
<ele>950</ele>
</trkpt>
<trkpt lat="39.815637990832329" lon="2.859121989458799">
<ele>953</ele>
</trkpt>
<trkpt lat="39.815651988610625" lon="2.859052000567317">
<ele>956</ele>
</trkpt>
<trkpt lat="39.815667998045683" lon="2.858972037211061">
<ele>959</ele>
</trkpt>
<trkpt lat="39.815539000555873" lon="2.859031967818737">
<ele>962</ele>
</trkpt>
<trkpt lat="39.815504970028996" lon="2.859071027487516">
<ele>965</ele>
</trkpt>
<trkpt lat="39.815483009442687" lon="2.859177980571985">
<ele>968</ele>
</trkpt>
<trkpt lat="39.81536197476089" lon="2.859257021918893">
<ele>971</ele>
</trkpt>
<trkpt lat="39.815227026119828" lon="2.859295997768641">
<ele>974</ele>
</trkpt>
<trkpt lat="39.815287040546536" lon="2.859156019985676">
<ele>977</ele>
</trkpt>
<trkpt lat="39.815311012789607" lon="2.859083013609052">
<ele>979</ele>
</trkpt>
<trkpt lat="39.815161982551217" lon="2.85910002887249">
<ele>982</ele>
</trkpt>
<trkpt lat="39.815100040286779" lon="2.859121989458799">
<ele>985</ele>
</trkpt>
<trkpt lat="39.815168017521501" lon="2.859033979475498">
<ele>988</ele>
</trkpt>
<trkpt lat="39.815217973664403" lon="2.858912022784352">
<ele>990</ele>
</trkpt>
<trkpt lat="39.815239012241364" lon="2.858835998922586">
<ele>993</ele>
</trkpt>
<trkpt lat="39.815118983387947" lon="2.858834993094206">
<ele>996</ele>
</trkpt>
<trkpt lat="39.815060980618" lon="2.858872041106224">
<ele>998</ele>
</trkpt>
<trkpt lat="39.814968025311828" lon="2.859000032767654">
<ele>1001</ele>
</trkpt>
<trkpt lat="39.814913962036371" lon="2.859101034700871">
<ele>1003</ele>
</trkpt>
<trkpt lat="39.814882026985288" lon="2.859112014994025">
<ele>1006</ele>
</trkpt>
<trkpt lat="39.814894013106823" lon="2.859055018052459">
<ele>1008</ele>
</trkpt>
<trkpt lat="39.814896024763584" lon="2.858823006972671">
<ele>1010</ele>
</trkpt>
<trkpt lat="39.814936006441712" lon="2.858737008646131">
<ele>1012</ele>
</trkpt>
<trkpt lat="39.814979005604982" lon="2.858652016147971">
<ele>1015</ele>
</trkpt>
<trkpt lat="39.81503801420331" lon="2.858541961759329">
<ele>1017</ele>
</trkpt>
<trkpt lat="39.815059974789619" lon="2.858532993122935">
<ele>1019</ele>
</trkpt>
<trkpt lat="39.815095011144876" lon="2.858343981206417">
<ele>1022</ele>
</trkpt>
<trkpt lat="39.815089982002974" lon="2.858230993151665">
<ele>1024</ele>
</trkpt>
<trkpt lat="39.815105991438031" lon="2.858148012310267">
<ele>1027</ele>
</trkpt>
<trkpt lat="39.815224008634686" lon="2.858025971800089">
<ele>1029</ele>
</trkpt>
<trkpt lat="39.815376978367567" lon="2.858032006770372">
<ele>1032</ele>
</trkpt>
<trkpt lat="39.815482003614306" lon="2.858071988448501">
<ele>1034</ele>
</trkpt>
<trkpt lat="39.815515028312802" lon="2.857980960980058">
<ele>1037</ele>
</trkpt>
<trkpt lat="39.815580993890762" lon="2.857736041769385">
<ele>1040</ele>
</trkpt>
<trkpt lat="39.815605971962214" lon="2.857602015137672">
<ele>1042</ele>
</trkpt>
<trkpt lat="39.815632039681077" lon="2.857549963518977">
<ele>1045</ele>
</trkpt>
<trkpt lat="39.815665986388922" lon="2.857434041798115">
<ele>1047</ele>
</trkpt>
<trkpt lat="39.815696999430656" lon="2.857308983802795">
<ele>1050</ele>
</trkpt>
<trkpt lat="39.815731029957533" lon="2.857178980484605">
<ele>1051</ele>
</trkpt>
<trkpt lat="39.815749973058701" lon="2.85708099603653">
<ele>1051</ele>
</trkpt>
<trkpt lat="39.815798001363873" lon="2.856949986889958">
<ele>1052</ele>
</trkpt>
<trkpt lat="39.815813004970551" lon="2.856827024370432">
<ele>1052</ele>
</trkpt>
<trkpt lat="39.815818034112453" lon="2.856761980801821">
<ele>1053</ele>
</trkpt>
<trkpt lat="39.815819961950183" lon="2.856641029939055">
<ele>1054</ele>
</trkpt>
<trkpt lat="39.81578903272748" lon="2.856500968337059">
<ele>1054</ele>
</trkpt>
<trkpt lat="39.815776040777564" lon="2.856426034122706">
<ele>1055</ele>
</trkpt>
<trkpt lat="39.815752990543842" lon="2.856299970299006">
<ele>1055</ele>
</trkpt>
<trkpt lat="39.81570596806705" lon="2.856198968365789">
<ele>1056</ele>
</trkpt>
<trkpt lat="39.81561996974051" lon="2.856116993352771">
<ele>1056</ele>
</trkpt>
<trkpt lat="39.815548975020647" lon="2.856021020561457">
<ele>1057</ele>
</trkpt>
<trkpt lat="39.815532965585589" lon="2.855992019176483">
<ele>1058</ele>
</trkpt>
<trkpt lat="39.815444033592939" lon="2.855881964787841">
<ele>1058</ele>
</trkpt>
<trkpt lat="39.815472029149532" lon="2.855650037527084">
<ele>1058</ele>
</trkpt>
<trkpt lat="39.815522991120815" lon="2.855503018945456">
<ele>1059</ele>
</trkpt>
<trkpt lat="39.815515028312802" lon="2.855417020618916">
<ele>1060</ele>
</trkpt>
<trkpt lat="39.815480997785926" lon="2.855301015079022">
<ele>1060</ele>
</trkpt>
<trkpt lat="39.815456019714475" lon="2.85527897067368">
<ele>1060</ele>
</trkpt>
<trkpt lat="39.815370021387935" lon="2.855172017589212">
<ele>1061</ele>
</trkpt>
<trkpt lat="39.815357029438019" lon="2.855160031467676">
<ele>1062</ele>
</trkpt>
<trkpt lat="39.815315036103129" lon="2.854944029822946">
<ele>1062</ele>
</trkpt>
<trkpt lat="39.815295003354549" lon="2.854833975434303">
<ele>1062</ele>
</trkpt>
<trkpt lat="39.815277988091111" lon="2.854700032621622">
<ele>1063</ele>
</trkpt>
<trkpt lat="39.815300032496452" lon="2.854609005153179">
<ele>1064</ele>
</trkpt>
<trkpt lat="39.815313024446368" lon="2.854500962421298">
<ele>1064</ele>
</trkpt>
<trkpt lat="39.815303971990943" lon="2.854431979358196">
<ele>1064</ele>
</trkpt>
<trkpt lat="39.815322998911142" lon="2.854328965768218">
<ele>1065</ele>
</trkpt>
<trkpt lat="39.815320987254381" lon="2.854296024888754">
<ele>1066</ele>
</trkpt>
<trkpt lat="39.815325010567904" lon="2.854252019897103">
<ele>1066</ele>
</trkpt>
<trkpt lat="39.815322998911142" lon="2.854227963835001">
<ele>1066</ele>
</trkpt>
<trkpt lat="39.815325010567904" lon="2.854201979935169">
<ele>1067</ele>
</trkpt>
<trkpt lat="39.815314030274749" lon="2.854083962738514">
<ele>1067</ele>
</trkpt>
<trkpt lat="39.815320987254381" lon="2.854056973010302">
<ele>1068</ele>
</trkpt>
<trkpt lat="39.81531897559762" lon="2.854001987725496">
<ele>1068</ele>
</trkpt>
<trkpt lat="39.815304977819324" lon="2.853958988562226">
<ele>1068</ele>
</trkpt>
<trkpt lat="39.81516701169312" lon="2.853783974424005">
<ele>1069</ele>
</trkpt>
<trkpt lat="39.815034996718168" lon="2.853669980540872">
<ele>1069</ele>
</trkpt>
<trkpt lat="39.815013958141208" lon="2.85362203605473">
<ele>1069</ele>
</trkpt>
<trkpt lat="39.814962996169925" lon="2.853506030514836">
<ele>1070</ele>
</trkpt>
<trkpt lat="39.814953021705151" lon="2.853403016924858">
<ele>1070</ele>
</trkpt>
<trkpt lat="39.814953021705151" lon="2.853403016924858">
<ele>1071</ele>
</trkpt>
<trkpt lat="39.814951010048389" lon="2.853402011096478">
<ele>1071</ele>
</trkpt>
<trkpt lat="39.814951010048389" lon="2.853402011096478">
<ele>1071</ele>
</trkpt>
<trkpt lat="39.814951010048389" lon="2.853402011096478">
<ele>1070</ele>
</trkpt>
<trkpt lat="39.814951010048389" lon="2.853402011096478">
<ele>1070</ele>
</trkpt>
<trkpt lat="39.814951010048389" lon="2.853402011096478">
<ele>1071</ele>
</trkpt>
<trkpt lat="39.814951010048389" lon="2.853402011096478">
<ele>1071</ele>
</trkpt>
<trkpt lat="39.81495201587677" lon="2.853402011096478">
<ele>1070</ele>
</trkpt>
<trkpt lat="39.814950004220009" lon="2.853395976126194">
<ele>1070</ele>
</trkpt>
<trkpt lat="39.81495201587677" lon="2.853389019146562">
<ele>1071</ele>
</trkpt>
<trkpt lat="39.814950004220009" lon="2.853383990004659">
<ele>1070</ele>
</trkpt>
<trkpt lat="39.814951010048389" lon="2.853382984176278">
<ele>1070</ele>
</trkpt>
<trkpt lat="39.81495201587677" lon="2.853379966691136">
<ele>1070</ele>
</trkpt>
<trkpt lat="39.815002977848053" lon="2.853567972779274">
<ele>1071</ele>
</trkpt>
<trkpt lat="39.815100040286779" lon="2.853711973875761">
<ele>1070</ele>
</trkpt>
<trkpt lat="39.81525301001966" lon="2.853890005499125">
<ele>1070</ele>
</trkpt>
<trkpt lat="39.815287040546536" lon="2.853942979127169">
<ele>1070</ele>
</trkpt>
<trkpt lat="39.815298020839691" lon="2.85405496135354">
<ele>1070</ele>
</trkpt>
<trkpt lat="39.815299026668072" lon="2.854220001026988">
<ele>1071</ele>
</trkpt>
<trkpt lat="39.815279999747872" lon="2.854371964931488">
<ele>1070</ele>
</trkpt>
<trkpt lat="39.815270025283098" lon="2.854426028206945">
<ele>1070</ele>
</trkpt>
<trkpt lat="39.81518997810781" lon="2.854548990726471">
<ele>1070</ele>
</trkpt>
<trkpt lat="39.815162988379598" lon="2.854602970182896">
<ele>1073</ele>
</trkpt>
<trkpt lat="39.815102973952889" lon="2.854715036228299">
<ele>1074</ele>
</trkpt>
<trkpt lat="39.815104985609651" lon="2.85482601262629">
<ele>1075</ele>
</trkpt>
<trkpt lat="39.814959978684783" lon="2.854968002066016">
<ele>1077</ele>
</trkpt>
<trkpt lat="39.814922008663416" lon="2.854971019551158">
<ele>1079</ele>
</trkpt>
<trkpt lat="39.814788987860084" lon="2.855089958757162">
<ele>1081</ele>
</trkpt>
<trkpt lat="39.814731990918517" lon="2.85521199926734">
<ele>1082</ele>
</trkpt>
<trkpt lat="39.814697038382292" lon="2.855262039229274">
<ele>1084</ele>
</trkpt>
<trkpt lat="39.814571980386972" lon="2.855465970933437">
<ele>1086</ele>
</trkpt>
<trkpt lat="39.814515989273787" lon="2.855590023100376">
<ele>1088</ele>
</trkpt>
<trkpt lat="39.81443895958364" lon="2.855680966749787">
<ele>1090</ele>
</trkpt>
<trkpt lat="39.814377017319202" lon="2.855790015310049">
<ele>1092</ele>
</trkpt>
<trkpt lat="39.814308034256101" lon="2.855852041393518">
<ele>1093</ele>
</trkpt>
<trkpt lat="39.814239973202348" lon="2.856024960055947">
<ele>1096</ele>
</trkpt>
<trkpt lat="39.814154980704188" lon="2.856012973934412">
<ele>1098</ele>
</trkpt>
<trkpt lat="39.814112987369299" lon="2.856131996959448">
<ele>1100</ele>
</trkpt>
<trkpt lat="39.814068982377648" lon="2.856250014156103">
<ele>1102</ele>
</trkpt>
<trkpt lat="39.814009973779321" lon="2.856340035796166">
<ele>1103</ele>
</trkpt>
<trkpt lat="39.81396202929318" lon="2.856396026909351">
<ele>1106</ele>
</trkpt>
<trkpt lat="39.813892040401697" lon="2.856379011645913">
<ele>1108</ele>
</trkpt>
<trkpt lat="39.813805958256125" lon="2.856548996642232">
<ele>1109</ele>
</trkpt>
<trkpt lat="39.813757007941604" lon="2.856659973040223">
<ele>1110</ele>
</trkpt>
<trkpt lat="39.813724989071488" lon="2.85675703547895">
<ele>1112</ele>
</trkpt>
<trkpt lat="39.813711997121572" lon="2.857006983831525">
<ele>1113</ele>
</trkpt>
<trkpt lat="39.813725994899869" lon="2.857089964672923">
<ele>1114</ele>
</trkpt>
<trkpt lat="39.81374703347683" lon="2.857134975492954">
<ele>1116</ele>
</trkpt>
<trkpt lat="39.813739992678165" lon="2.857290040701628">
<ele>1118</ele>
</trkpt>
<trkpt lat="39.813787015154958" lon="2.857418032363057">
<ele>1119</ele>
</trkpt>
<trkpt lat="39.813789026811719" lon="2.857430018484592">
<ele>1120</ele>
</trkpt>
<trkpt lat="39.813797995448112" lon="2.857547029852867">
<ele>1121</ele>
</trkpt>
<trkpt lat="39.813753990456462" lon="2.857619030401111">
<ele>1121</ele>
</trkpt>
<trkpt lat="39.813779974356294" lon="2.857802007347345">
<ele>1123</ele>
</trkpt>
<trkpt lat="39.813795983791351" lon="2.857840983197093">
<ele>1124</ele>
</trkpt>
<trkpt lat="39.813777962699533" lon="2.858004011213779">
<ele>1124</ele>
</trkpt>
<trkpt lat="39.813795983791351" lon="2.858210960403085">
<ele>1124</ele>
</trkpt>
<trkpt lat="39.813757007941604" lon="2.858284972608089">
<ele>1126</ele>
</trkpt>
<trkpt lat="39.813760025426745" lon="2.858342975378037">
<ele>1127</ele>
</trkpt>
<trkpt lat="39.813695987686515" lon="2.858471972867847">
<ele>1127</ele>
</trkpt>
<trkpt lat="39.813695987686515" lon="2.858509020879865">
<ele>1127</ele>
</trkpt>
<trkpt lat="39.813751978799701" lon="2.858609016984701">
<ele>1128</ele>
</trkpt>
<trkpt lat="39.813732029870152" lon="2.858773972839117">
<ele>1128</ele>
</trkpt>
<trkpt lat="39.813699005171657" lon="2.858843961730599">
<ele>1127</ele>
</trkpt>
<trkpt lat="39.813722977414727" lon="2.858997015282512">
<ele>1126</ele>
</trkpt>
<trkpt lat="39.813687019050121" lon="2.859035991132259">
<ele>1125</ele>
</trkpt>
<trkpt lat="39.81362096965313" lon="2.859191978350282">
<ele>1125</ele>
</trkpt>
<trkpt lat="39.813566990196705" lon="2.859298009425402">
<ele>1123</ele>
</trkpt>
<trkpt lat="39.81357503682375" lon="2.8593809902668">
<ele>1122</ele>
</trkpt>
<trkpt lat="39.813573025166988" lon="2.859427006915212">
<ele>1121</ele>
</trkpt>
<trkpt lat="39.813590962439775" lon="2.859500013291836">
<ele>1121</ele>
</trkpt>
<trkpt lat="39.813593979924917" lon="2.859533959999681">
<ele>1120</ele>
</trkpt>
<trkpt lat="39.813537988811731" lon="2.859852975234389">
<ele>1120</ele>
</trkpt>
<trkpt lat="39.81351301074028" lon="2.859966969117522">
<ele>1121</ele>
</trkpt>
<trkpt lat="39.813501024618745" lon="2.860119016841054">
<ele>1121</ele>
</trkpt>
<trkpt lat="39.8135120049119" lon="2.860153969377279">
<ele>1123</ele>
</trkpt>
<trkpt lat="39.813521979376674" lon="2.860278021544218">
<ele>1123</ele>
</trkpt>
<trkpt lat="39.813520973548293" lon="2.86030400544405">
<ele>1123</ele>
</trkpt>
<trkpt lat="39.813528014346957" lon="2.860382962971926">
<ele>1124</ele>
</trkpt>
<trkpt lat="39.813518039882183" lon="2.860409030690789">
<ele>1125</ele>
</trkpt>
<trkpt lat="39.81349197216332" lon="2.860467033460736">
<ele>1126</ele>
</trkpt>
<trkpt lat="39.813475040718913" lon="2.860597958788276">
<ele>1126</ele>
</trkpt>
<trkpt lat="39.813476968556643" lon="2.860710024833679">
<ele>1126</ele>
</trkpt>
<trkpt lat="39.813432963564992" lon="2.860791999846697">
<ele>1127</ele>
</trkpt>
<trkpt lat="39.813422989100218" lon="2.86099299788475">
<ele>1128</ele>
</trkpt>
<trkpt lat="39.813442016020417" lon="2.86105502396822">
<ele>1128</ele>
</trkpt>
<trkpt lat="39.813442016020417" lon="2.86105502396822">
<ele>1128</ele>
</trkpt>
<trkpt lat="39.813504964113235" lon="2.861149990931153">
<ele>1128</ele>
</trkpt>
<trkpt lat="39.813537988811731" lon="2.861244035884738">
<ele>1130</ele>
</trkpt>
<trkpt lat="39.813590962439775" lon="2.861311007291079">
<ele>1130</ele>
</trkpt>
<trkpt lat="39.813584005460143" lon="2.861490966752172">
<ele>1130</ele>
</trkpt>
<trkpt lat="39.81359800323844" lon="2.861561961472035">
<ele>1130</ele>
</trkpt>
<trkpt lat="39.81359800323844" lon="2.861692970618606">
<ele>1131</ele>
</trkpt>
<trkpt lat="39.813574030995369" lon="2.861842000856996">
<ele>1131</ele>
</trkpt>
<trkpt lat="39.813551986590028" lon="2.862012991681695">
<ele>1131</ele>
</trkpt>
<trkpt lat="39.813530026003718" lon="2.862189011648297">
<ele>1131</ele>
</trkpt>
<trkpt lat="39.813528014346957" lon="2.86221600137651">
<ele>1132</ele>
</trkpt>
<trkpt lat="39.813475962728262" lon="2.862329995259643">
<ele>1132</ele>
</trkpt>
<trkpt lat="39.813467999920249" lon="2.862496040761471">
<ele>1132</ele>
</trkpt>
<trkpt lat="39.813402034342289" lon="2.862590001896024">
<ele>1132</ele>
</trkpt>
<trkpt lat="39.813391976058483" lon="2.862601988017559">
<ele>1132</ele>
</trkpt>
<trkpt lat="39.813407985493541" lon="2.862826958298683">
<ele>1136</ele>
</trkpt>
<trkpt lat="39.813412008807063" lon="2.862901976332068">
<ele>1139</ele>
</trkpt>
<trkpt lat="39.81338401325047" lon="2.86303399130702">
<ele>1141</ele>
</trkpt>
<trkpt lat="39.813356017693877" lon="2.86311998963356">
<ele>1144</ele>
</trkpt>
<trkpt lat="39.813335984945297" lon="2.863287962973118">
<ele>1148</ele>
</trkpt>
<trkpt lat="39.813385019078851" lon="2.86337798461318">
<ele>1151</ele>
</trkpt>
<trkpt lat="39.813412008807063" lon="2.863605972379446">
<ele>1154</ele>
</trkpt>
<trkpt lat="39.813373032957315" lon="2.863717032596469">
<ele>1156</ele>
</trkpt>
<trkpt lat="39.813337996602058" lon="2.863810993731022">
<ele>1159</ele>
</trkpt>
<trkpt lat="39.813345959410071" lon="2.863960023969412">
<ele>1163</ele>
</trkpt>
<trkpt lat="39.813355011865497" lon="2.863969998434186">
<ele>1164</ele>
</trkpt>
<trkpt lat="39.813407985493541" lon="2.864178037270904">
<ele>1166</ele>
</trkpt>
<trkpt lat="39.813373032957315" lon="2.86425699479878">
<ele>1167</ele>
</trkpt>
<trkpt lat="39.813388036563993" lon="2.864333018660545">
<ele>1170</ele>
</trkpt>
<trkpt lat="39.813388958573341" lon="2.864351039752364">
<ele>1171</ele>
</trkpt>
<trkpt lat="39.813444027677178" lon="2.864425973966718">
<ele>1173</ele>
</trkpt>
<trkpt lat="39.813440004363656" lon="2.864453969523311">
<ele>1174</ele>
</trkpt>
<trkpt lat="39.813433969393373" lon="2.864447012543678">
<ele>1177</ele>
</trkpt>
<trkpt lat="39.81342701241374" lon="2.864440977573395">
<ele>1180</ele>
</trkpt>
<trkpt lat="39.81342600658536" lon="2.864447012543678">
<ele>1181</ele>
</trkpt>
<trkpt lat="39.81342600658536" lon="2.864447012543678">
<ele>1179</ele>
</trkpt>
<trkpt lat="39.81342600658536" lon="2.864447012543678">
<ele>1176</ele>
</trkpt>
<trkpt lat="39.81342600658536" lon="2.864447012543678">
<ele>1173</ele>
</trkpt>
<trkpt lat="39.813435981050134" lon="2.86444902420044">
<ele>1170</ele>
</trkpt>
<trkpt lat="39.813371021300554" lon="2.864375011995435">
<ele>1169</ele>
</trkpt>
<trkpt lat="39.813365992158651" lon="2.864220030605793">
<ele>1166</ele>
</trkpt>
<trkpt lat="39.813385019078851" lon="2.864044010639191">
<ele>1163</ele>
</trkpt>
<trkpt lat="39.81338401325047" lon="2.863895986229181">
<ele>1161</ele>
</trkpt>
<trkpt lat="39.81336297467351" lon="2.863795990124345">
<ele>1159</ele>
</trkpt>
<trkpt lat="39.813369009643793" lon="2.863611001521349">
<ele>1156</ele>
</trkpt>
<trkpt lat="39.813388958573341" lon="2.86352701485157">
<ele>1153</ele>
</trkpt>
<trkpt lat="39.813374038785696" lon="2.863432969897986">
<ele>1151</ele>
</trkpt>
<trkpt lat="39.813333973288536" lon="2.863256027922034">
<ele>1149</ele>
</trkpt>
<trkpt lat="39.813375966623425" lon="2.863088976591826">
<ele>1146</ele>
</trkpt>
<trkpt lat="39.813366997987032" lon="2.862961990758777">
<ele>1143</ele>
</trkpt>
<trkpt lat="39.813399016857147" lon="2.862905999645591">
<ele>1141</ele>
</trkpt>
<trkpt lat="39.813428018242121" lon="2.862859982997179">
<ele>1139</ele>
</trkpt>
<trkpt lat="39.813373032957315" lon="2.862681029364467">
<ele>1136</ele>
</trkpt>
<trkpt lat="39.813372027128935" lon="2.8626240324229">
<ele>1133</ele>
</trkpt>
<trkpt lat="39.813442016020417" lon="2.862513978034258">
<ele>1131</ele>
</trkpt>
<trkpt lat="39.813467999920249" lon="2.862501991912723">
<ele>1131</ele>
</trkpt>
<trkpt lat="39.813464982435107" lon="2.862471984699369">
<ele>1132</ele>
</trkpt>
<trkpt lat="39.813473029062152" lon="2.862370982766151">
<ele>1133</ele>
</trkpt>
<trkpt lat="39.813538994640112" lon="2.86219303496182">
<ele>1132</ele>
</trkpt>
<trkpt lat="39.813553998246789" lon="2.86206403747201">
<ele>1133</ele>
</trkpt>
<trkpt lat="39.813561961054802" lon="2.862037969753146">
<ele>1133</ele>
</trkpt>
<trkpt lat="39.813600014895201" lon="2.861816016957164">
<ele>1133</ele>
</trkpt>
<trkpt lat="39.813612001016736" lon="2.861780980601907">
<ele>1133</ele>
</trkpt>
<trkpt lat="39.813617030158639" lon="2.861563973128796">
<ele>1135</ele>
</trkpt>
<trkpt lat="39.813592974096537" lon="2.861397005617619">
<ele>1135</ele>
</trkpt>
<trkpt lat="39.813592974096537" lon="2.861388036981225">
<ele>1133</ele>
</trkpt>
<trkpt lat="39.813532959669828" lon="2.86122802644968">
<ele>1133</ele>
</trkpt>
<trkpt lat="39.81347001157701" lon="2.861090982332826">
<ele>1132</ele>
</trkpt>
<trkpt lat="39.81342701241374" lon="2.861063992604613">
<ele>1132</ele>
</trkpt>
<trkpt lat="39.813327016308904" lon="2.861115960404277">
<ele>1132</ele>
</trkpt>
<trkpt lat="39.813299020752311" lon="2.861129036173224">
<ele>1131</ele>
</trkpt>
<trkpt lat="39.813176980242133" lon="2.861074972897768">
<ele>1131</ele>
</trkpt>
<trkpt lat="39.813111014664173" lon="2.860990986227989">
<ele>1129</ele>
</trkpt>
<trkpt lat="39.813097016885877" lon="2.860985035076737">
<ele>1129</ele>
</trkpt>
<trkpt lat="39.813012024387717" lon="2.860973970964551">
<ele>1128</ele>
</trkpt>
<trkpt lat="39.81295301578939" lon="2.860951004549861">
<ele>1128</ele>
</trkpt>
<trkpt lat="39.812870034947991" lon="2.860761992633343">
<ele>1126</ele>
</trkpt>
<trkpt lat="39.812850002199411" lon="2.860723016783595">
<ele>1125</ele>
</trkpt>
<trkpt lat="39.812818989157677" lon="2.860658979043365">
<ele>1124</ele>
</trkpt>
<trkpt lat="39.81269502080977" lon="2.860632995143533">
<ele>1121</ele>
</trkpt>
<trkpt lat="39.812642969191074" lon="2.8604999743402">
<ele>1120</ele>
</trkpt>
<trkpt lat="39.812620002776384" lon="2.860441971570253">
<ele>1120</ele>
</trkpt>
<trkpt lat="39.812607010826468" lon="2.860239967703819">
<ele>1119</ele>
</trkpt>
<trkpt lat="39.812544984742999" lon="2.860060008242726">
<ele>1117</ele>
</trkpt>
<trkpt lat="39.812474995851517" lon="2.859974009916186">
<ele>1116</ele>
</trkpt>
<trkpt lat="39.812441971153021" lon="2.85993997938931">
<ele>1113</ele>
</trkpt>
<trkpt lat="39.812356978654861" lon="2.859818022698164">
<ele>1110</ele>
</trkpt>
<trkpt lat="39.812318002805114" lon="2.859766976907849">
<ele>1109</ele>
</trkpt>
<trkpt lat="39.812215995043516" lon="2.859692964702845">
<ele>1107</ele>
</trkpt>
<trkpt lat="39.81218196451664" lon="2.859428012743592">
<ele>1104</ele>
</trkpt>
<trkpt lat="39.812180958688259" lon="2.859393982216716">
<ele>1102</ele>
</trkpt>
<trkpt lat="39.81218196451664" lon="2.859212011098862">
<ele>1100</ele>
</trkpt>
<trkpt lat="39.812168972566724" lon="2.85907999612391">
<ele>1097</ele>
</trkpt>
<trkpt lat="39.81218196451664" lon="2.858986034989357">
<ele>1095</ele>
</trkpt>
<trkpt lat="39.812109963968396" lon="2.858974970877171">
<ele>1093</ele>
</trkpt>
<trkpt lat="39.812070988118649" lon="2.859021993353963">
<ele>1090</ele>
</trkpt>
<trkpt lat="39.812039975076914" lon="2.859135987237096">
<ele>1088</ele>
</trkpt>
<trkpt lat="39.812011979520321" lon="2.859106985852122">
<ele>1085</ele>
</trkpt>
<trkpt lat="39.811954982578754" lon="2.858984023332596">
<ele>1083</ele>
</trkpt>
<trkpt lat="39.811895973980427" lon="2.858944041654468">
<ele>1079</ele>
</trkpt>
<trkpt lat="39.811861021444201" lon="2.858766010031104">
<ele>1077</ele>
</trkpt>
<trkpt lat="39.811863033100963" lon="2.858644975349307">
<ele>1075</ele>
</trkpt>
<trkpt lat="39.811806036159396" lon="2.858563000336289">
<ele>1072</ele>
</trkpt>
<trkpt lat="39.81175197288394" lon="2.858541961759329">
<ele>1070</ele>
</trkpt>
<trkpt lat="39.811724983155727" lon="2.858440037816763">
<ele>1067</ele>
</trkpt>
<trkpt lat="39.811691958457232" lon="2.858276003971696">
<ele>1067</ele>
</trkpt>
<trkpt lat="39.811674021184444" lon="2.858205009251833">
<ele>1067</ele>
</trkpt>
<trkpt lat="39.811683995649219" lon="2.858075005933642">
<ele>1067</ele>
</trkpt>
<trkpt lat="39.8116659745574" lon="2.857826985418797">
<ele>1067</ele>
</trkpt>
<trkpt lat="39.8116659745574" lon="2.857804019004107">
<ele>1067</ele>
</trkpt>
<trkpt lat="39.81157997623086" lon="2.857663035392761">
<ele>1067</ele>
</trkpt>
<trkpt lat="39.811542006209493" lon="2.857524985447526">
<ele>1067</ele>
</trkpt>
<trkpt lat="39.811533959582448" lon="2.85751199349761">
<ele>1067</ele>
</trkpt>
<trkpt lat="39.811518033966422" lon="2.857376961037517">
<ele>1067</ele>
</trkpt>
<trkpt lat="39.811525996774435" lon="2.857279982417822">
<ele>1067</ele>
</trkpt>
<trkpt lat="39.811513004824519" lon="2.857241006568074">
<ele>1065</ele>
</trkpt>
<trkpt lat="39.811478974297643" lon="2.857181997969747">
<ele>1063</ele>
</trkpt>
<trkpt lat="39.811457013711333" lon="2.857087031006813">
<ele>1061</ele>
</trkpt>
<trkpt lat="39.811427006497979" lon="2.8569530043751">
<ele>1060</ele>
</trkpt>
<trkpt lat="39.811361040920019" lon="2.856809003278613">
<ele>1058</ele>
</trkpt>
<trkpt lat="39.81134201399982" lon="2.856746977195144">
<ele>1056</ele>
</trkpt>
<trkpt lat="39.811295997351408" lon="2.85671403631568">
<ele>1054</ele>
</trkpt>
<trkpt lat="39.811245035380125" lon="2.856663996353746">
<ele>1052</ele>
</trkpt>
<trkpt lat="39.811173034831882" lon="2.856537010520697">
<ele>1050</ele>
</trkpt>
<trkpt lat="39.811049988493323" lon="2.85643701441586">
<ele>1049</ele>
</trkpt>
<trkpt lat="39.810979999601841" lon="2.856387980282307">
<ele>1050</ele>
</trkpt>
<trkpt lat="39.810927025973797" lon="2.856355961412191">
<ele>1050</ele>
</trkpt>
<trkpt lat="39.810803979635239" lon="2.856323020532727">
<ele>1050</ele>
</trkpt>
<trkpt lat="39.810779001563787" lon="2.856402983888984">
<ele>1051</ele>
</trkpt>
<trkpt lat="39.810726027935743" lon="2.856507003307343">
<ele>1052</ele>
</trkpt>
<trkpt lat="39.810701971873641" lon="2.856540028005838">
<ele>1054</ele>
</trkpt>
<trkpt lat="39.810615973547101" lon="2.856747983023524">
<ele>1055</ele>
</trkpt>
<trkpt lat="39.810527041554451" lon="2.856820989400148">
<ele>1055</ele>
</trkpt>
<trkpt lat="39.810556964948773" lon="2.856746977195144">
<ele>1055</ele>
</trkpt>
<trkpt lat="39.810576997697353" lon="2.856675982475281">
<ele>1056</ele>
</trkpt>
<trkpt lat="39.810599964112043" lon="2.856494011357427">
<ele>1057</ele>
</trkpt>
<trkpt lat="39.810621002689004" lon="2.856293013319373">
<ele>1060</ele>
</trkpt>
<trkpt lat="39.810640029609203" lon="2.856106013059616">
<ele>1061</ele>
</trkpt>
<trkpt lat="39.810644974932075" lon="2.855982966721058">
<ele>1062</ele>
</trkpt>
<trkpt lat="39.810644974932075" lon="2.855934016406536">
<ele>1063</ele>
</trkpt>
<trkpt lat="39.810646986588836" lon="2.855853969231248">
<ele>1064</ele>
</trkpt>
<trkpt lat="39.81065696105361" lon="2.855783980339766">
<ele>1065</ele>
</trkpt>
<trkpt lat="39.810708006843925" lon="2.855552975088358">
<ele>1067</ele>
</trkpt>
<trkpt lat="39.810717981308699" lon="2.855544006451964">
<ele>1069</ele>
</trkpt>
<trkpt lat="39.810748994350433" lon="2.855420038104057">
<ele>1070</ele>
</trkpt>
<trkpt lat="39.810773972421885" lon="2.855305038392544">
<ele>1071</ele>
</trkpt>
<trkpt lat="39.810791993513703" lon="2.855230020359159">
<ele>1072</ele>
</trkpt>
<trkpt lat="39.810816971585155" lon="2.855001026764512">
<ele>1074</ele>
</trkpt>
<trkpt lat="39.810853013768792" lon="2.854858031496406">
<ele>1076</ele>
</trkpt>
<trkpt lat="39.810857959091663" lon="2.8548479732126">
<ele>1077</ele>
</trkpt>
<trkpt lat="39.810878997668624" lon="2.854643035680056">
<ele>1079</ele>
</trkpt>
<trkpt lat="39.81091202236712" lon="2.854576986283064">
<ele>1081</ele>
</trkpt>
<trkpt lat="39.810929959639907" lon="2.854483025148511">
<ele>1082</ele>
</trkpt>
<trkpt lat="39.811002966016531" lon="2.854272974655032">
<ele>1082</ele>
</trkpt>
<trkpt lat="39.811015035957098" lon="2.854182031005621">
<ele>1085</ele>
</trkpt>
<trkpt lat="39.811022998765111" lon="2.854111036285758">
<ele>1087</ele>
</trkpt>
<trkpt lat="39.811116959899664" lon="2.853981032967567">
<ele>1088</ele>
</trkpt>
<trkpt lat="39.811198012903333" lon="2.853852035477758">
<ele>1089</ele>
</trkpt>
<trkpt lat="39.811302032321692" lon="2.853735024109483">
<ele>1091</ele>
</trkpt>
<trkpt lat="39.811352994292974" lon="2.853626981377602">
<ele>1093</ele>
</trkpt>
<trkpt lat="39.811406973749399" lon="2.853613989427686">
<ele>1093</ele>
</trkpt>
<trkpt lat="39.811513004824519" lon="2.853598985821009">
<ele>1095</ele>
</trkpt>
<trkpt lat="39.811545023694634" lon="2.853530002757907">
<ele>1097</ele>
</trkpt>
<trkpt lat="39.811527002602816" lon="2.853308971971273">
<ele>1099</ele>
</trkpt>
<trkpt lat="39.811531025916338" lon="2.853296985849738">
<ele>1100</ele>
</trkpt>
<trkpt lat="39.811538988724351" lon="2.853282988071442">
<ele>1102</ele>
</trkpt>
<trkpt lat="39.811518033966422" lon="2.853090958669782">
<ele>1103</ele>
</trkpt>
<trkpt lat="39.811486015096307" lon="2.853019963949919">
<ele>1105</ele>
</trkpt>
<trkpt lat="39.811522979289293" lon="2.852875962853432">
<ele>1106</ele>
</trkpt>
<trkpt lat="39.811567990109324" lon="2.852729028090835">
<ele>1108</ele>
</trkpt>
<trkpt lat="39.811575030907989" lon="2.852664990350604">
<ele>1110</ele>
</trkpt>
<trkpt lat="39.81158098205924" lon="2.852553008124232">
<ele>1111</ele>
</trkpt>
<trkpt lat="39.811577964574099" lon="2.852558037266135">
<ele>1113</ele>
</trkpt>
<trkpt lat="39.811577964574099" lon="2.852558037266135">
<ele>1114</ele>
</trkpt>
<trkpt lat="39.811503030359745" lon="2.852516965940595">
<ele>1116</ele>
</trkpt>
<trkpt lat="39.811377972364426" lon="2.852458041161299">
<ele>1119</ele>
</trkpt>
<trkpt lat="39.811331033706665" lon="2.852554013952613">
<ele>1121</ele>
</trkpt>
<trkpt lat="39.811247969046235" lon="2.852418981492519">
<ele>1124</ele>
</trkpt>
<trkpt lat="39.811185020953417" lon="2.852369025349617">
<ele>1126</ele>
</trkpt>
<trkpt lat="39.81114998459816" lon="2.852344969287515">
<ele>1130</ele>
</trkpt>
<trkpt lat="39.811071027070284" lon="2.852243967354298">
<ele>1132</ele>
</trkpt>
<trkpt lat="39.810991985723376" lon="2.852125028148294">
<ele>1134</ele>
</trkpt>
<trkpt lat="39.810872040688992" lon="2.852176995947957">
<ele>1137</ele>
</trkpt>
<trkpt lat="39.810813032090664" lon="2.85222502425313">
<ele>1139</ele>
</trkpt>
<trkpt lat="39.810674982145429" lon="2.852145982906222">
<ele>1142</ele>
</trkpt>
<trkpt lat="39.810643969103694" lon="2.852066019549966">
<ele>1146</ele>
</trkpt>
<trkpt lat="39.810627037659287" lon="2.851893017068505">
<ele>1150</ele>
</trkpt>
<trkpt lat="39.810598958283663" lon="2.85179503262043">
<ele>1153</ele>
</trkpt>
<trkpt lat="39.810512037947774" lon="2.851825961843133">
<ele>1156</ele>
</trkpt>
<trkpt lat="39.8103569727391" lon="2.851855969056487">
<ele>1159</ele>
</trkpt>
<trkpt lat="39.810220012441278" lon="2.851891005411744">
<ele>1163</ele>
</trkpt>
<trkpt lat="39.810114987194538" lon="2.851997036486864">
<ele>1168</ele>
</trkpt>
<trkpt lat="39.810043992474675" lon="2.85207599401474">
<ele>1171</ele>
</trkpt>
<trkpt lat="39.809936033561826" lon="2.852186970412731">
<ele>1174</ele>
</trkpt>
<trkpt lat="39.809874007478356" lon="2.852257965132594">
<ele>1177</ele>
</trkpt>
<trkpt lat="39.809852968901396" lon="2.852110024541616">
<ele>1178</ele>
</trkpt>
<trkpt lat="39.809892028570175" lon="2.851927969604731">
<ele>1179</ele>
</trkpt>
<trkpt lat="39.809898985549808" lon="2.851855969056487">
<ele>1181</ele>
</trkpt>
<trkpt lat="39.8099269811064" lon="2.851757984608412">
<ele>1182</ele>
</trkpt>
<trkpt lat="39.809841988608241" lon="2.851791009306908">
<ele>1184</ele>
</trkpt>
<trkpt lat="39.809836959466338" lon="2.851799977943301">
<ele>1185</ele>
</trkpt>
<trkpt lat="39.809799995273352" lon="2.851836020126939">
<ele>1185</ele>
</trkpt>
<trkpt lat="39.809702010825276" lon="2.852042969316244">
<ele>1186</ele>
</trkpt>
<trkpt lat="39.809691030532122" lon="2.852080017328262">
<ele>1188</ele>
</trkpt>
<trkpt lat="39.80964601971209" lon="2.852224018424749">
<ele>1189</ele>
</trkpt>
<trkpt lat="39.809525990858674" lon="2.852285960689187">
<ele>1190</ele>
</trkpt>
<trkpt lat="39.80934401974082" lon="2.852284032851458">
<ele>1191</ele>
</trkpt>
<trkpt lat="39.809329016134143" lon="2.852284032851458">
<ele>1191</ele>
</trkpt>
<trkpt lat="39.809251986443996" lon="2.852316973730922">
<ele>1193</ele>
</trkpt>
<trkpt lat="39.809227008372545" lon="2.85229098983109">
<ele>1195</ele>
</trkpt>
<trkpt lat="39.809178980067372" lon="2.852276992052794">
<ele>1196</ele>
</trkpt>
<trkpt lat="39.809075966477394" lon="2.852212032303214">
<ele>1197</ele>
</trkpt>
<trkpt lat="39.808974964544177" lon="2.852156041190028">
<ele>1198</ele>
</trkpt>
<trkpt lat="39.808887038379908" lon="2.852154029533267">
<ele>1199</ele>
</trkpt>
<trkpt lat="39.808778995648026" lon="2.852109018713236">
<ele>1199</ele>
</trkpt>
<trkpt lat="39.808648992329836" lon="2.852080017328262">
<ele>1202</ele>
</trkpt>
<trkpt lat="39.808622002601624" lon="2.852079011499882">
<ele>1203</ele>
</trkpt>
<trkpt lat="39.808587972074747" lon="2.85207599401474">
<ele>1204</ele>
</trkpt>
<trkpt lat="39.808558970689774" lon="2.852066019549966">
<ele>1205</ele>
</trkpt>
<trkpt lat="39.808558970689774" lon="2.852067025378346">
<ele>1206</ele>
</trkpt>
<trkpt lat="39.808558970689774" lon="2.852067025378346">
<ele>1208</ele>
</trkpt>
<trkpt lat="39.808561988174915" lon="2.852066019549966">
<ele>1210</ele>
</trkpt>
<trkpt lat="39.808561988174915" lon="2.852069037035108">
<ele>1210</ele>
</trkpt>
<trkpt lat="39.808561988174915" lon="2.852069037035108">
<ele>1211</ele>
</trkpt>
<trkpt lat="39.808561988174915" lon="2.852069037035108">
<ele>1213</ele>
</trkpt>
<trkpt lat="39.808561988174915" lon="2.852069037035108">
<ele>1215</ele>
</trkpt>
<trkpt lat="39.808561988174915" lon="2.852069037035108">
<ele>1216</ele>
</trkpt>
<trkpt lat="39.808560982346535" lon="2.852069037035108">
<ele>1217</ele>
</trkpt>
<trkpt lat="39.808560982346535" lon="2.852069037035108">
<ele>1218</ele>
</trkpt>
<trkpt lat="39.808560982346535" lon="2.852069037035108">
<ele>1218</ele>
</trkpt>
<trkpt lat="39.808560982346535" lon="2.852067025378346">
<ele>1218</ele>
</trkpt>
<trkpt lat="39.808411030098796" lon="2.851952025666833">
<ele>1218</ele>
</trkpt>
<trkpt lat="39.808388985693455" lon="2.851931992918253">
<ele>1218</ele>
</trkpt>
<trkpt lat="39.808297958225012" lon="2.851828979328275">
<ele>1218</ele>
</trkpt>
<trkpt lat="39.808267029002309" lon="2.851801989600062">
<ele>1219</ele>
</trkpt>
<trkpt lat="39.808198967948556" lon="2.851687995716929">
<ele>1218</ele>
</trkpt>
<trkpt lat="39.808105006814003" lon="2.851613983511925">
<ele>1218</ele>
</trkpt>
<trkpt lat="39.807968968525529" lon="2.851507030427456">
<ele>1218</ele>
</trkpt>
<trkpt lat="39.807950025424361" lon="2.851498983800411">
<ele>1218</ele>
</trkpt>
<trkpt lat="39.80777601711452" lon="2.851340984925628">
<ele>1217</ele>
</trkpt>
<trkpt lat="39.807759001851082" lon="2.851322963833809">
<ele>1216</ele>
</trkpt>
<trkpt lat="39.80771298520267" lon="2.851266972720623">
<ele>1214</ele>
</trkpt>
<trkpt lat="39.807650959119201" lon="2.851196983829141">
<ele>1212</ele>
</trkpt>
<trkpt lat="39.807564038783312" lon="2.851077960804105">
<ele>1211</ele>
</trkpt>
<trkpt lat="39.807523973286152" lon="2.851006966084242">
<ele>1210</ele>
</trkpt>
<trkpt lat="39.807420959696174" lon="2.850896995514631">
<ele>1209</ele>
</trkpt>
<trkpt lat="39.807369997724891" lon="2.850847961381078">
<ele>1207</ele>
</trkpt>
<trkpt lat="39.807248963043094" lon="2.850760035216808">
<ele>1206</ele>
</trkpt>
<trkpt lat="39.807213004678488" lon="2.850735979154706">
<ele>1204</ele>
</trkpt>
<trkpt lat="39.807200012728572" lon="2.850639000535011">
<ele>1203</ele>
</trkpt>
<trkpt lat="39.807077972218394" lon="2.850556019693613">
<ele>1201</ele>
</trkpt>
<trkpt lat="39.807052994146943" lon="2.850510003045201">
<ele>1200</ele>
</trkpt>
<trkpt lat="39.806964984163642" lon="2.85035896115005">
<ele>1199</ele>
</trkpt>
<trkpt lat="39.80693900026381" lon="2.85031596198678">
<ele>1197</ele>
</trkpt>
<trkpt lat="39.806847972795367" lon="2.850255025550723">
<ele>1196</ele>
</trkpt>
<trkpt lat="39.806794999167323" lon="2.850107001140714">
<ele>1194</ele>
</trkpt>
<trkpt lat="39.80670003220439" lon="2.850042963400483">
<ele>1193</ele>
</trkpt>
<trkpt lat="39.806675976142287" lon="2.85003500059247">
<ele>1191</ele>
</trkpt>
<trkpt lat="39.806557958945632" lon="2.849908014759421">
<ele>1190</ele>
</trkpt>
<trkpt lat="39.806557036936283" lon="2.849910026416183">
<ele>1190</ele>
</trkpt>
<trkpt lat="39.806557036936283" lon="2.849910026416183">
<ele>1191</ele>
</trkpt>
<trkpt lat="39.806556031107903" lon="2.849910026416183">
<ele>1190</ele>
</trkpt>
<trkpt lat="39.806556031107903" lon="2.849910026416183">
<ele>1190</ele>
</trkpt>
<trkpt lat="39.806555025279522" lon="2.849911032244563">
<ele>1191</ele>
</trkpt>
<trkpt lat="39.806555025279522" lon="2.849911032244563">
<ele>1191</ele>
</trkpt>
<trkpt lat="39.806555025279522" lon="2.849911032244563">
<ele>1191</ele>
</trkpt>
<trkpt lat="39.806457040831447" lon="2.849859986454248">
<ele>1191</ele>
</trkpt>
<trkpt lat="39.806439019739628" lon="2.84983903169632">
<ele>1192</ele>
</trkpt>
<trkpt lat="39.806369030848145" lon="2.849794020876288">
<ele>1191</ele>
</trkpt>
<trkpt lat="39.806209020316601" lon="2.849658988416195">
<ele>1191</ele>
</trkpt>
<trkpt lat="39.80618798173964" lon="2.849640967324376">
<ele>1191</ele>
</trkpt>
<trkpt lat="39.806094020605087" lon="2.849596040323377">
<ele>1192</ele>
</trkpt>
<trkpt lat="39.806070970371366" lon="2.849580030888319">
<ele>1192</ele>
</trkpt>
<trkpt lat="39.805953959003091" lon="2.849508030340076">
<ele>1192</ele>
</trkpt>
<trkpt lat="39.805833008140326" lon="2.849457990378141">
<ele>1192</ele>
</trkpt>
<trkpt lat="39.80579998344183" lon="2.849451033398509">
<ele>1191</ele>
</trkpt>
<trkpt lat="39.805567972362041" lon="2.849375009536743">
<ele>1192</ele>
</trkpt>
<trkpt lat="39.805469987913966" lon="2.849361011758447">
<ele>1192</ele>
</trkpt>
<trkpt lat="39.805367980152369" lon="2.849339973181486">
<ele>1192</ele>
</trkpt>
<trkpt lat="39.805252980440855" lon="2.849314995110035">
<ele>1192</ele>
</trkpt>
<trkpt lat="39.805160025134683" lon="2.849262021481991">
<ele>1191</ele>
</trkpt>
<trkpt lat="39.805152984336019" lon="2.84926000982523">
<ele>1190</ele>
</trkpt>
<trkpt lat="39.805038990452886" lon="2.849231008440256">
<ele>1190</ele>
</trkpt>
<trkpt lat="39.804978976026177" lon="2.849213993176818">
<ele>1190</ele>
</trkpt>
<trkpt lat="39.804860036820173" lon="2.849144004285336">
<ele>1189</ele>
</trkpt>
<trkpt lat="39.804802034050226" lon="2.849113997071981">
<ele>1189</ele>
</trkpt>
<trkpt lat="39.804780995473266" lon="2.849072003737092">
<ele>1189</ele>
</trkpt>
<trkpt lat="39.804655015468597" lon="2.849006038159132">
<ele>1188</ele>
</trkpt>
<trkpt lat="39.804562982171774" lon="2.848989022895694">
<ele>1187</ele>
</trkpt>
<trkpt lat="39.80453004129231" lon="2.848996985703707">
<ele>1187</ele>
</trkpt>
<trkpt lat="39.804450999945402" lon="2.848949963226914">
<ele>1186</ele>
</trkpt>
<trkpt lat="39.804410012438893" lon="2.848965972661972">
<ele>1186</ele>
</trkpt>
<trkpt lat="39.804325019940734" lon="2.848961027339101">
<ele>1186</ele>
</trkpt>
<trkpt lat="39.804255031049252" lon="2.848923979327083">
<ele>1185</ele>
</trkpt>
<trkpt lat="39.804128967225552" lon="2.848883997648954">
<ele>1184</ele>
</trkpt>
<trkpt lat="39.804029976949096" lon="2.848840998485684">
<ele>1184</ele>
</trkpt>
<trkpt lat="39.803943978622556" lon="2.848780984058976">
<ele>1184</ele>
</trkpt>
<trkpt lat="39.80393199250102" lon="2.848764974623919">
<ele>1183</ele>
</trkpt>
<trkpt lat="39.803840965032578" lon="2.84865802153945">
<ele>1183</ele>
</trkpt>
<trkpt lat="39.803751027211547" lon="2.848519971594214">
<ele>1184</ele>
</trkpt>
<trkpt lat="39.803633010014892" lon="2.848484013229609">
<ele>1185</ele>
</trkpt>
<trkpt lat="39.803552040830255" lon="2.848433973267674">
<ele>1186</ele>
</trkpt>
<trkpt lat="39.803470987826586" lon="2.848364990204573">
<ele>1187</ele>
</trkpt>
<trkpt lat="39.803407033905387" lon="2.848303969949484">
<ele>1188</ele>
</trkpt>
<trkpt lat="39.803346013650298" lon="2.84827396273613">
<ele>1189</ele>
</trkpt>
<trkpt lat="39.803273007273674" lon="2.848241021856666">
<ele>1190</ele>
</trkpt>
<trkpt lat="39.803227996453643" lon="2.848240016028285">
<ele>1192</ele>
</trkpt>
<trkpt lat="39.803139986470342" lon="2.848191987723112">
<ele>1193</ele>
</trkpt>
<trkpt lat="39.803006965667009" lon="2.848103977739811">
<ele>1193</ele>
</trkpt>
<trkpt lat="39.802960027009249" lon="2.84805997274816">
<ele>1196</ele>
</trkpt>
<trkpt lat="39.802815020084381" lon="2.84797104075551">
<ele>1198</ele>
</trkpt>
<trkpt lat="39.802776966243982" lon="2.847962994128466">
<ele>1201</ele>
</trkpt>
<trkpt lat="39.802670013159513" lon="2.84792703576386">
<ele>1204</ele>
</trkpt>
<trkpt lat="39.802637994289398" lon="2.847896022722125">
<ele>1206</ele>
</trkpt>
<trkpt lat="39.802478989586234" lon="2.847854029387236">
<ele>1208</ele>
</trkpt>
<trkpt lat="39.802374970167875" lon="2.847799966111779">
<ele>1211</ele>
</trkpt>
<trkpt lat="39.802330965176225" lon="2.847678009420633">
<ele>1214</ele>
</trkpt>
<trkpt lat="39.802220994606614" lon="2.847741963341832">
<ele>1216</ele>
</trkpt>
<trkpt lat="39.802229041233659" lon="2.847754033282399">
<ele>1218</ele>
</trkpt>
<trkpt lat="39.802229041233659" lon="2.847754033282399">
<ele>1218</ele>
</trkpt>
<trkpt lat="39.802218982949853" lon="2.847796026617289">
<ele>1220</ele>
</trkpt>
<trkpt lat="39.802231974899769" lon="2.84784103743732">
<ele>1221</ele>
</trkpt>
<trkpt lat="39.80221102014184" lon="2.84786500968039">
<ele>1221</ele>
</trkpt>
<trkpt lat="39.802205990999937" lon="2.848008004948497">
<ele>1225</ele>
</trkpt>
<trkpt lat="39.802201967686415" lon="2.848088974133134">
<ele>1229</ele>
</trkpt>
<trkpt lat="39.802131978794932" lon="2.84814303740859">
<ele>1232</ele>
</trkpt>
<trkpt lat="39.80210498906672" lon="2.848244039341807">
<ele>1236</ele>
</trkpt>
<trkpt lat="39.802114963531494" lon="2.84827496856451">
<ele>1239</ele>
</trkpt>
<trkpt lat="39.802163997665048" lon="2.848312016576529">
<ele>1243</ele>
</trkpt>
<trkpt lat="39.802199034020305" lon="2.848434979096055">
<ele>1247</ele>
</trkpt>
<trkpt lat="39.80223398655653" lon="2.848447971045971">
<ele>1250</ele>
</trkpt>
<trkpt lat="39.802282014861703" lon="2.848450988531113">
<ele>1254</ele>
</trkpt>
<trkpt lat="39.802344962954521" lon="2.848461968824267">
<ele>1258</ele>
</trkpt>
<trkpt lat="39.802413024008274" lon="2.848506979644299">
<ele>1261</ele>
</trkpt>
<trkpt lat="39.802420986816287" lon="2.848602030426264">
<ele>1263</ele>
</trkpt>
<trkpt lat="39.802478989586234" lon="2.848603958263993">
<ele>1267</ele>
</trkpt>
<trkpt lat="39.802551995962858" lon="2.848613010719419">
<ele>1270</ele>
</trkpt>
<trkpt lat="39.802576974034309" lon="2.848703032359481">
<ele>1273</ele>
</trkpt>
<trkpt lat="39.802575968205929" lon="2.848806967958808">
<ele>1276</ele>
</trkpt>
<trkpt lat="39.802494999021292" lon="2.848844015970826">
<ele>1279</ele>
</trkpt>
<trkpt lat="39.802400032058358" lon="2.848863964900374">
<ele>1283</ele>
</trkpt>
<trkpt lat="39.80231998488307" lon="2.848949041217566">
<ele>1285</ele>
</trkpt>
<trkpt lat="39.802317973226309" lon="2.848962033167481">
<ele>1288</ele>
</trkpt>
<trkpt lat="39.802286038175225" lon="2.84906798042357">
<ele>1291</ele>
</trkpt>
<trkpt lat="39.802303975448012" lon="2.8491320181638">
<ele>1295</ele>
</trkpt>
<trkpt lat="39.802352003753185" lon="2.849199995398521">
<ele>1298</ele>
</trkpt>
<trkpt lat="39.802439007908106" lon="2.84921801649034">
<ele>1302</ele>
</trkpt>
<trkpt lat="39.802530035376549" lon="2.849256992340088">
<ele>1304</ele>
</trkpt>
<trkpt lat="39.802630031481385" lon="2.849227990955114">
<ele>1307</ele>
</trkpt>
<trkpt lat="39.802654003724456" lon="2.849259003996849">
<ele>1311</ele>
</trkpt>
<trkpt lat="39.802662972360849" lon="2.84926000982523">
<ele>1314</ele>
</trkpt>
<trkpt lat="39.802702032029629" lon="2.849298985674977">
<ele>1318</ele>
</trkpt>
<trkpt lat="39.802736984565854" lon="2.84936998039484">
<ele>1321</ele>
</trkpt>
<trkpt lat="39.802773026749492" lon="2.849443992599845">
<ele>1323</ele>
</trkpt>
<trkpt lat="39.802790964022279" lon="2.849543988704681">
<ele>1324</ele>
</trkpt>
<trkpt lat="39.802827006205916" lon="2.849666029214859">
<ele>1326</ele>
</trkpt>
<trkpt lat="39.80287604033947" lon="2.849797960370779">
<ele>1328</ele>
</trkpt>
<trkpt lat="39.802924990653992" lon="2.84988597035408">
<ele>1330</ele>
</trkpt>
<trkpt lat="39.80302800424397" lon="2.850008010864258">
<ele>1331</ele>
</trkpt>
<trkpt lat="39.803128000348806" lon="2.850114963948727">
<ele>1333</ele>
</trkpt>
<trkpt lat="39.803205030038953" lon="2.850175984203816">
<ele>1334</ele>
</trkpt>
<trkpt lat="39.803247023373842" lon="2.850203979760408">
<ele>1336</ele>
</trkpt>
<trkpt lat="39.803312988951802" lon="2.850224012508988">
<ele>1338</ele>
</trkpt>
<trkpt lat="39.803319023922086" lon="2.85022996366024">
<ele>1337</ele>
</trkpt>
<trkpt lat="39.803319023922086" lon="2.85022996366024">
<ele>1337</ele>
</trkpt>
<trkpt lat="39.803322963416576" lon="2.850230969488621">
<ele>1336</ele>
</trkpt>
<trkpt lat="39.803322963416576" lon="2.850230969488621">
<ele>1336</ele>
</trkpt>
<trkpt lat="39.803337967023253" lon="2.850251002237201">
<ele>1334</ele>
</trkpt>
<trkpt lat="39.803397981449962" lon="2.850332977250218">
<ele>1333</ele>
</trkpt>
<trkpt lat="39.803424971178174" lon="2.850444037467241">
<ele>1333</ele>
</trkpt>
<trkpt lat="39.803515998646617" lon="2.850555013865233">
<ele>1332</ele>
</trkpt>
<trkpt lat="39.803603002801538" lon="2.85065601579845">
<ele>1332</ele>
</trkpt>
<trkpt lat="39.803771981969476" lon="2.850717036053538">
<ele>1331</ele>
</trkpt>
<trkpt lat="39.803798971697688" lon="2.850761963054538">
<ele>1331</ele>
</trkpt>
<trkpt lat="39.803820010274649" lon="2.850889032706618">
<ele>1330</ele>
</trkpt>
<trkpt lat="39.803873989731073" lon="2.850981988012791">
<ele>1330</ele>
</trkpt>
<trkpt lat="39.803924029693007" lon="2.851010989397764">
<ele>1330</ele>
</trkpt>
<trkpt lat="39.80406098999083" lon="2.851059017702937">
<ele>1331</ele>
</trkpt>
<trkpt lat="39.804155034944415" lon="2.851126994937658">
<ele>1331</ele>
</trkpt>
<trkpt lat="39.804183030501008" lon="2.851186003535986">
<ele>1331</ele>
</trkpt>
<trkpt lat="39.804266011342406" lon="2.851278036832809">
<ele>1330</ele>
</trkpt>
<trkpt lat="39.80436198413372" lon="2.851331010460854">
<ele>1330</ele>
</trkpt>
<trkpt lat="39.804433984681964" lon="2.851421032100916">
<ele>1330</ele>
</trkpt>
<trkpt lat="39.804506991058588" lon="2.851475011557341">
<ele>1330</ele>
</trkpt>
<trkpt lat="39.804611010476947" lon="2.851649019867182">
<ele>1330</ele>
</trkpt>
<trkpt lat="39.804657027125359" lon="2.851678021252155">
<ele>1331</ele>
</trkpt>
<trkpt lat="39.804755011573434" lon="2.851759996265173">
<ele>1331</ele>
</trkpt>
<trkpt lat="39.804795999079943" lon="2.851777011528611">
<ele>1330</ele>
</trkpt>
<trkpt lat="39.80491996742785" lon="2.851900979876518">
<ele>1330</ele>
</trkpt>
<trkpt lat="39.804932037368417" lon="2.851917995139957">
<ele>1330</ele>
</trkpt>
<trkpt lat="39.805019041523337" lon="2.852017991244793">
<ele>1331</ele>
</trkpt>
<trkpt lat="39.805106967687607" lon="2.852073982357979">
<ele>1331</ele>
</trkpt>
<trkpt lat="39.805143009871244" lon="2.852102983742952">
<ele>1331</ele>
</trkpt>
<trkpt lat="39.805234037339687" lon="2.85218495875597">
<ele>1330</ele>
</trkpt>
<trkpt lat="39.805332021787763" lon="2.852277997881174">
<ele>1331</ele>
</trkpt>
<trkpt lat="39.805333027616143" lon="2.852309010922909">
<ele>1331</ele>
</trkpt>
<trkpt lat="39.805450038984418" lon="2.852486036717892">
<ele>1331</ele>
</trkpt>
<trkpt lat="39.805490020662546" lon="2.852554013952613">
<ele>1332</ele>
</trkpt>
<trkpt lat="39.805522039532661" lon="2.852672031149268">
<ele>1332</ele>
</trkpt>
<trkpt lat="39.805504018440843" lon="2.852729028090835">
<ele>1332</ele>
</trkpt>
<trkpt lat="39.805514998733997" lon="2.852745959535241">
<ele>1331</ele>
</trkpt>
<trkpt lat="39.805536037310958" lon="2.85278401337564">
<ele>1332</ele>
</trkpt>
<trkpt lat="39.805616000667214" lon="2.85299900919199">
<ele>1332</ele>
</trkpt>
<trkpt lat="39.805699987336993" lon="2.85306204110384">
<ele>1334</ele>
</trkpt>
<trkpt lat="39.805710967630148" lon="2.853067992255092">
<ele>1336</ele>
</trkpt>
<trkpt lat="39.805803000926971" lon="2.852957015857101">
<ele>1338</ele>
</trkpt>
<trkpt lat="39.805814987048507" lon="2.852866994217038">
<ele>1340</ele>
</trkpt>
<trkpt lat="39.805968962609768" lon="2.852893983945251">
<ele>1342</ele>
</trkpt>
<trkpt lat="39.806009028106928" lon="2.852974031120539">
<ele>1344</ele>
</trkpt>
<trkpt lat="39.806034006178379" lon="2.852962967008352">
<ele>1346</ele>
</trkpt>
<trkpt lat="39.806034006178379" lon="2.852962967008352">
<ele>1348</ele>
</trkpt>
<trkpt lat="39.806027971208096" lon="2.852979982271791">
<ele>1350</ele>
</trkpt>
<trkpt lat="39.806027971208096" lon="2.852979982271791">
<ele>1352</ele>
</trkpt>
<trkpt lat="39.806028977036476" lon="2.852984005585313">
<ele>1354</ele>
</trkpt>
<trkpt lat="39.806028977036476" lon="2.852984005585313">
<ele>1357</ele>
</trkpt>
<trkpt lat="39.806028977036476" lon="2.852984005585313">
<ele>1359</ele>
</trkpt>
<trkpt lat="39.806028977036476" lon="2.852984005585313">
<ele>1362</ele>
</trkpt>
<trkpt lat="39.806027971208096" lon="2.852981993928552">
<ele>1365</ele>
</trkpt>
<trkpt lat="39.806027971208096" lon="2.852981993928552">
<ele>1365</ele>
</trkpt>
<trkpt lat="39.806029982864857" lon="2.852981993928552">
<ele>1365</ele>
</trkpt>
<trkpt lat="39.806029982864857" lon="2.852981993928552">
<ele>1365</ele>
</trkpt>
<trkpt lat="39.806030988693237" lon="2.85297897644341">
<ele>1365</ele>
</trkpt>
<trkpt lat="39.806025959551334" lon="2.852957015857101">
<ele>1365</ele>
</trkpt>
<trkpt lat="39.806027971208096" lon="2.852980988100171">
<ele>1365</ele>
</trkpt>
<trkpt lat="39.806026965379715" lon="2.852980988100171">
<ele>1365</ele>
</trkpt>
<trkpt lat="39.806028977036476" lon="2.852985011413693">
<ele>1363</ele>
</trkpt>
<trkpt lat="39.806031994521618" lon="2.852988028898835">
<ele>1361</ele>
</trkpt>
<trkpt lat="39.805982960388064" lon="2.853003032505512">
<ele>1359</ele>
</trkpt>
<trkpt lat="39.805995030328631" lon="2.852977970615029">
<ele>1357</ele>
</trkpt>
<trkpt lat="39.805965023115277" lon="2.852946035563946">
<ele>1355</ele>
</trkpt>
<trkpt lat="39.805939961224794" lon="2.852916028350592">
<ele>1354</ele>
</trkpt>
<trkpt lat="39.805832002311945" lon="2.852947041392326">
<ele>1352</ele>
</trkpt>
<trkpt lat="39.805809035897255" lon="2.852958021685481">
<ele>1350</ele>
</trkpt>
<trkpt lat="39.805767964571714" lon="2.852986017242074">
<ele>1348</ele>
</trkpt>
<trkpt lat="39.805675009265542" lon="2.85299900919199">
<ele>1346</ele>
</trkpt>
<trkpt lat="39.805603008717299" lon="2.852980988100171">
<ele>1345</ele>
</trkpt>
<trkpt lat="39.805535031482577" lon="2.852887026965618">
<ele>1344</ele>
</trkpt>
<trkpt lat="39.805531008169055" lon="2.852788958698511">
<ele>1343</ele>
</trkpt>
<trkpt lat="39.805502006784081" lon="2.852687034755945">
<ele>1342</ele>
</trkpt>
<trkpt lat="39.805490020662546" lon="2.852564994245768">
<ele>1341</ele>
</trkpt>
<trkpt lat="39.805483985692263" lon="2.852531969547272">
<ele>1341</ele>
</trkpt>
<trkpt lat="39.805373009294271" lon="2.852446977049112">
<ele>1340</ele>
</trkpt>
<trkpt lat="39.805333027616143" lon="2.852396015077829">
<ele>1339</ele>
</trkpt>
<trkpt lat="39.80521802790463" lon="2.852399032562971">
<ele>1338</ele>
</trkpt>
<trkpt lat="39.805136974900961" lon="2.852396015077829">
<ele>1337</ele>
</trkpt>
<trkpt lat="39.805053994059563" lon="2.852488970384002">
<ele>1334</ele>
</trkpt>
<trkpt lat="39.805084001272917" lon="2.852713018655777">
<ele>1332</ele>
</trkpt>
<trkpt lat="39.805074026808143" lon="2.852782001718879">
<ele>1329</ele>
</trkpt>
<trkpt lat="39.805038990452886" lon="2.852843021973968">
<ele>1326</ele>
</trkpt>
<trkpt lat="39.80502700433135" lon="2.852945029735565">
<ele>1323</ele>
</trkpt>
<trkpt lat="39.804929019883275" lon="2.853017030283809">
<ele>1321</ele>
</trkpt>
<trkpt lat="39.80481100268662" lon="2.85308500751853">
<ele>1318</ele>
</trkpt>
<trkpt lat="39.804740007966757" lon="2.853129012510181">
<ele>1315</ele>
</trkpt>
<trkpt lat="39.804775966331363" lon="2.853324981406331">
<ele>1313</ele>
</trkpt>
<trkpt lat="39.804770015180111" lon="2.853478034958243">
<ele>1310</ele>
</trkpt>
<trkpt lat="39.804759034886956" lon="2.853526985272765">
<ele>1307</ele>
</trkpt>
<trkpt lat="39.804739002138376" lon="2.853663023561239">
<ele>1304</ele>
</trkpt>
<trkpt lat="39.804730033501983" lon="2.853677021339536">
<ele>1301</ele>
</trkpt>
<trkpt lat="39.804679993540049" lon="2.853878019377589">
<ele>1298</ele>
</trkpt>
<trkpt lat="39.804687034338713" lon="2.853953037410975">
<ele>1295</ele>
</trkpt>
<trkpt lat="39.804736990481615" lon="2.85411698743701">
<ele>1293</ele>
</trkpt>
<trkpt lat="39.804728021845222" lon="2.854227963835001">
<ele>1290</ele>
</trkpt>
<trkpt lat="39.804719975218177" lon="2.854313962161541">
<ele>1287</ele>
</trkpt>
<trkpt lat="39.804707989096642" lon="2.854384034872055">
<ele>1284</ele>
</trkpt>
<trkpt lat="39.804692985489964" lon="2.854477996006608">
<ele>1281</ele>
</trkpt>
<trkpt lat="39.804629031568766" lon="2.854626020416617">
<ele>1278</ele>
</trkpt>
<trkpt lat="39.804673958569765" lon="2.854764992371202">
<ele>1276</ele>
</trkpt>
<trkpt lat="39.804660966619849" lon="2.854827018454671">
<ele>1273</ele>
</trkpt>
<trkpt lat="39.804668007418513" lon="2.854888960719109">
<ele>1270</ele>
</trkpt>
<trkpt lat="39.80461997911334" lon="2.854918967932463">
<ele>1267</ele>
</trkpt>
<trkpt lat="39.804556025192142" lon="2.854949980974197">
<ele>1265</ele>
</trkpt>
<trkpt lat="39.804472038522363" lon="2.855003960430622">
<ele>1262</ele>
</trkpt>
<trkpt lat="39.804481007158756" lon="2.855081995949149">
<ele>1259</ele>
</trkpt>
<trkpt lat="39.804483018815517" lon="2.855203030630946">
<ele>1257</ele>
</trkpt>
<trkpt lat="39.804539009928703" lon="2.855233959853649">
<ele>1254</ele>
</trkpt>
<trkpt lat="39.804480001330376" lon="2.855293974280357">
<ele>1253</ele>
</trkpt>
<trkpt lat="39.804466003552079" lon="2.855308977887034">
<ele>1251</ele>
</trkpt>
<trkpt lat="39.804448988288641" lon="2.855324987322092">
<ele>1249</ele>
</trkpt>
<trkpt lat="39.804448988288641" lon="2.855324987322092">
<ele>1248</ele>
</trkpt>
<trkpt lat="39.804448988288641" lon="2.855324987322092">
<ele>1247</ele>
</trkpt>
<trkpt lat="39.804438007995486" lon="2.855401011183858">
<ele>1244</ele>
</trkpt>
<trkpt lat="39.804408000782132" lon="2.85553595982492">
<ele>1242</ele>
</trkpt>
<trkpt lat="39.804396014660597" lon="2.855720026418567">
<ele>1241</ele>
</trkpt>
<trkpt lat="39.804369024932384" lon="2.855937033891678">
<ele>1239</ele>
</trkpt>
<trkpt lat="39.804368019104004" lon="2.855990007519722">
<ele>1238</ele>
</trkpt>
<trkpt lat="39.804332982748747" lon="2.856110958382487">
<ele>1236</ele>
</trkpt>
<trkpt lat="39.804320996627212" lon="2.856379011645913">
<ele>1235</ele>
</trkpt>
<trkpt lat="39.804305993020535" lon="2.856464004144073">
<ele>1233</ele>
</trkpt>
<trkpt lat="39.804285960271955" lon="2.85656601190567">
<ele>1232</ele>
</trkpt>
<trkpt lat="39.804263999685645" lon="2.856614040210843">
<ele>1231</ele>
</trkpt>
<trkpt lat="39.804265005514026" lon="2.856739014387131">
<ele>1229</ele>
</trkpt>
<trkpt lat="39.804315967485309" lon="2.856868011876941">
<ele>1228</ele>
</trkpt>
<trkpt lat="39.804314039647579" lon="2.856993991881609">
<ele>1226</ele>
</trkpt>
<trkpt lat="39.804345974698663" lon="2.857079990208149">
<ele>1225</ele>
</trkpt>
<trkpt lat="39.804357960820198" lon="2.857184009626508">
<ele>1224</ele>
</trkpt>
<trkpt lat="39.804347986355424" lon="2.85735902376473">
<ele>1224</ele>
</trkpt>
<trkpt lat="39.804351003840566" lon="2.857404034584761">
<ele>1223</ele>
</trkpt>
<trkpt lat="39.804344968870282" lon="2.857443010434508">
<ele>1223</ele>
</trkpt>
<trkpt lat="39.804368019104004" lon="2.85749196074903">
<ele>1222</ele>
</trkpt>
<trkpt lat="39.804399032145739" lon="2.857560021802783">
<ele>1221</ele>
</trkpt>
<trkpt lat="39.804459968581796" lon="2.857646020129323">
<ele>1221</ele>
</trkpt>
<trkpt lat="39.804470026865602" lon="2.857753979042172">
<ele>1220</ele>
</trkpt>
<trkpt lat="39.804565999656916" lon="2.857787003740668">
<ele>1220</ele>
</trkpt>
<trkpt lat="39.804636994376779" lon="2.857869984582067">
<ele>1219</ele>
</trkpt>
<trkpt lat="39.80465903878212" lon="2.857836959883571">
<ele>1218</ele>
</trkpt>
<trkpt lat="39.80474797077477" lon="2.857899991795421">
<ele>1218</ele>
</trkpt>
<trkpt lat="39.804807985201478" lon="2.857963023707271">
<ele>1217</ele>
</trkpt>
<trkpt lat="39.804777977988124" lon="2.858079029247165">
<ele>1217</ele>
</trkpt>
<trkpt lat="39.804783007130027" lon="2.858222024515271">
<ele>1216</ele>
</trkpt>
<trkpt lat="39.804792981594801" lon="2.858354961499572">
<ele>1215</ele>
</trkpt>
<trkpt lat="39.80481100268662" lon="2.858424028381705">
<ele>1215</ele>
</trkpt>
<trkpt lat="39.804857019335032" lon="2.858530981466174">
<ele>1214</ele>
</trkpt>
<trkpt lat="39.804862970486283" lon="2.858685962855816">
<ele>1214</ele>
</trkpt>
<trkpt lat="39.804870011284947" lon="2.858720999211073">
<ele>1213</ele>
</trkpt>
<trkpt lat="39.80487797409296" lon="2.85873600281775">
<ele>1212</ele>
</trkpt>
<trkpt lat="39.804887026548386" lon="2.858762992545962">
<ele>1211</ele>
</trkpt>
<trkpt lat="39.804888032376766" lon="2.858968013897538">
<ele>1209</ele>
</trkpt>
<trkpt lat="39.804904963821173" lon="2.859092988073826">
<ele>1208</ele>
</trkpt>
<trkpt lat="39.804937988519669" lon="2.859167000278831">
<ele>1207</ele>
</trkpt>
<trkpt lat="39.80491703376174" lon="2.859341008588672">
<ele>1206</ele>
</trkpt>
<trkpt lat="39.804905969649553" lon="2.859377972781658">
<ele>1205</ele>
</trkpt>
<trkpt lat="39.804905969649553" lon="2.859377972781658">
<ele>1203</ele>
</trkpt>
<trkpt lat="39.804872022941709" lon="2.859522979706526">
<ele>1202</ele>
</trkpt>
<trkpt lat="39.80485500767827" lon="2.859690031036735">
<ele>1202</ele>
</trkpt>
<trkpt lat="39.804850984364748" lon="2.859881976619363">
<ele>1202</ele>
</trkpt>
<trkpt lat="39.804836986586452" lon="2.859954982995987">
<ele>1202</ele>
</trkpt>
<trkpt lat="39.804801028221846" lon="2.860126979649067">
<ele>1201</ele>
</trkpt>
<trkpt lat="39.804812008515" lon="2.860286990180612">
<ele>1201</ele>
</trkpt>
<trkpt lat="39.804830029606819" lon="2.86030400544405">
<ele>1201</ele>
</trkpt>
<trkpt lat="39.804785018786788" lon="2.860489999875426">
<ele>1201</ele>
</trkpt>
<trkpt lat="39.804776972159743" lon="2.860552025958896">
<ele>1201</ele>
</trkpt>
<trkpt lat="39.804697008803487" lon="2.860799040645361">
<ele>1200</ele>
</trkpt>
<trkpt lat="39.804669013246894" lon="2.860922003164887">
<ele>1200</ele>
</trkpt>
<trkpt lat="39.804665995761752" lon="2.861040020361543">
<ele>1200</ele>
</trkpt>
<trkpt lat="39.804641017690301" lon="2.861111015081406">
<ele>1200</ele>
</trkpt>
<trkpt lat="39.804646968841553" lon="2.861167006194592">
<ele>1200</ele>
</trkpt>
<trkpt lat="39.804620984941721" lon="2.861239006742835">
<ele>1200</ele>
</trkpt>
<trkpt lat="39.80461897328496" lon="2.861251998692751">
<ele>1200</ele>
</trkpt>
<trkpt lat="39.804611010476947" lon="2.8613789845258">
<ele>1200</ele>
</trkpt>
<trkpt lat="39.804519983008504" lon="2.861517034471035">
<ele>1200</ele>
</trkpt>
<trkpt lat="39.804509002715349" lon="2.861620970070362">
<ele>1200</ele>
</trkpt>
<trkpt lat="39.804475978016853" lon="2.861659023910761">
<ele>1200</ele>
</trkpt>
<trkpt lat="39.804390985518694" lon="2.861740998923779">
<ele>1200</ele>
</trkpt>
<trkpt lat="39.804290989413857" lon="2.861795984208584">
<ele>1200</ele>
</trkpt>
<trkpt lat="39.804238015785813" lon="2.861794978380203">
<ele>1198</ele>
</trkpt>
<trkpt lat="39.804211026057601" lon="2.861715015023947">
<ele>1196</ele>
</trkpt>
<trkpt lat="39.804191999137402" lon="2.861621975898743">
<ele>1194</ele>
</trkpt>
<trkpt lat="39.804052021354437" lon="2.861591968685389">
<ele>1192</ele>
</trkpt>
<trkpt lat="39.804046992212534" lon="2.861628010869026">
<ele>1190</ele>
</trkpt>
<trkpt lat="39.804021008312702" lon="2.861773017793894">
<ele>1189</ele>
</trkpt>
<trkpt lat="39.804003993049264" lon="2.861887011677027">
<ele>1187</ele>
</trkpt>
<trkpt lat="39.803997036069632" lon="2.861964963376522">
<ele>1185</ele>
</trkpt>
<trkpt lat="39.803963005542755" lon="2.861982984468341">
<ele>1183</ele>
</trkpt>
<trkpt lat="39.803937021642923" lon="2.861857004463673">
<ele>1181</ele>
</trkpt>
<trkpt lat="39.803922018036246" lon="2.861842000856996">
<ele>1179</ele>
</trkpt>
<trkpt lat="39.803837025538087" lon="2.862015003338456">
<ele>1177</ele>
</trkpt>
<trkpt lat="39.803816992789507" lon="2.862012991681695">
<ele>1174</ele>
</trkpt>
<trkpt lat="39.803792014718056" lon="2.861855998635292">
<ele>1172</ele>
</trkpt>
<trkpt lat="39.80371699668467" lon="2.861757008358836">
<ele>1170</ele>
</trkpt>
<trkpt lat="39.803652036935091" lon="2.861896986141801">
<ele>1168</ele>
</trkpt>
<trkpt lat="39.803605014458299" lon="2.861749967560172">
<ele>1166</ele>
</trkpt>
<trkpt lat="39.803569978103042" lon="2.861652988940477">
<ele>1163</ele>
</trkpt>
<trkpt lat="39.803491020575166" lon="2.861817022785544">
<ele>1161</ele>
</trkpt>
<trkpt lat="39.803462019190192" lon="2.861747033894062">
<ele>1159</ele>
</trkpt>
<trkpt lat="39.803452966734767" lon="2.861704034730792">
<ele>1157</ele>
</trkpt>
<trkpt lat="39.803422959521413" lon="2.861839989200234">
<ele>1155</ele>
</trkpt>
<trkpt lat="39.803405022248626" lon="2.861935961991549">
<ele>1152</ele>
</trkpt>
<trkpt lat="39.803391024470329" lon="2.862149029970169">
<ele>1150</ele>
</trkpt>
<trkpt lat="39.803362023085356" lon="2.862165961414576">
<ele>1148</ele>
</trkpt>
<trkpt lat="39.803296979516745" lon="2.861993964761496">
<ele>1146</ele>
</trkpt>
<trkpt lat="39.803259009495378" lon="2.861936967819929">
<ele>1144</ele>
</trkpt>
<trkpt lat="39.803218021988869" lon="2.862052973359823">
<ele>1141</ele>
</trkpt>
<trkpt lat="39.803194971755147" lon="2.862136960029602">
<ele>1139</ele>
</trkpt>
<trkpt lat="39.803151972591877" lon="2.862347010523081">
<ele>1137</ele>
</trkpt>
<trkpt lat="39.803145015612245" lon="2.862443989142776">
<ele>1135</ele>
</trkpt>
<trkpt lat="39.803194971755147" lon="2.862680023536086">
<ele>1133</ele>
</trkpt>
<trkpt lat="39.803207041695714" lon="2.862740037962794">
<ele>1130</ele>
</trkpt>
<trkpt lat="39.803100004792213" lon="2.862660996615887">
<ele>1128</ele>
</trkpt>
<trkpt lat="39.803045019507408" lon="2.86260299384594">
<ele>1126</ele>
</trkpt>
<trkpt lat="39.802999002858996" lon="2.862519007176161">
<ele>1124</ele>
</trkpt>
<trkpt lat="39.802931025624275" lon="2.862436026334763">
<ele>1122</ele>
</trkpt>
<trkpt lat="39.802884003147483" lon="2.862375006079674">
<ele>1119</ele>
</trkpt>
<trkpt lat="39.802775038406253" lon="2.862357990816236">
<ele>1117</ele>
</trkpt>
<trkpt lat="39.802761962637305" lon="2.862470978870988">
<ele>1115</ele>
</trkpt>
<trkpt lat="39.802771015092731" lon="2.862600982189179">
<ele>1113</ele>
</trkpt>
<trkpt lat="39.802767997607589" lon="2.862640041857958">
<ele>1112</ele>
</trkpt>
<trkpt lat="39.802764980122447" lon="2.862783037126064">
<ele>1110</ele>
</trkpt>
<trkpt lat="39.802773026749492" lon="2.862821007147431">
<ele>1108</ele>
</trkpt>
<trkpt lat="39.802773026749492" lon="2.862844979390502">
<ele>1106</ele>
</trkpt>
<trkpt lat="39.802800016477704" lon="2.862957967445254">
<ele>1105</ele>
</trkpt>
<trkpt lat="39.802789036184549" lon="2.862979006022215">
<ele>1103</ele>
</trkpt>
<trkpt lat="39.802730027586222" lon="2.862926032394171">
<ele>1101</ele>
</trkpt>
<trkpt lat="39.802721980959177" lon="2.862982023507357">
<ele>1100</ele>
</trkpt>
<trkpt lat="39.802694991230965" lon="2.86318302154541">
<ele>1098</ele>
</trkpt>
<trkpt lat="39.802697002887726" lon="2.863359963521361">
<ele>1096</ele>
</trkpt>
<trkpt lat="39.802700020372868" lon="2.863443028181791">
<ele>1094</ele>
</trkpt>
<trkpt lat="39.802593989297748" lon="2.863368010148406">
<ele>1092</ele>
</trkpt>
<trkpt lat="39.802565993741155" lon="2.86352701485157">
<ele>1090</ele>
</trkpt>
<trkpt lat="39.802589965984225" lon="2.863657018169761">
<ele>1088</ele>
</trkpt>
<trkpt lat="39.802607987076044" lon="2.863710997626185">
<ele>1087</ele>
</trkpt>
<trkpt lat="39.802633970975876" lon="2.863798001781106">
<ele>1085</ele>
</trkpt>
<trkpt lat="39.802674958482385" lon="2.863874025642872">
<ele>1083</ele>
</trkpt>
<trkpt lat="39.802726004272699" lon="2.864017020910978">
<ele>1081</ele>
</trkpt>
<trkpt lat="39.802762968465686" lon="2.864173008129001">
<ele>1079</ele>
</trkpt>
<trkpt lat="39.802766991779208" lon="2.864246014505625">
<ele>1076</ele>
</trkpt>
<trkpt lat="39.802734972909093" lon="2.864394960924983">
<ele>1074</ele>
</trkpt>
<trkpt lat="39.802726004272699" lon="2.864482970908284">
<ele>1071</ele>
</trkpt>
<trkpt lat="39.802700020372868" lon="2.864620015025139">
<ele>1069</ele>
</trkpt>
<trkpt lat="39.802701026201248" lon="2.864712970331311">
<ele>1066</ele>
</trkpt>
<trkpt lat="39.802664984017611" lon="2.864778013899922">
<ele>1063</ele>
</trkpt>
<trkpt lat="39.802634976804256" lon="2.864834005013108">
<ele>1061</ele>
</trkpt>
<trkpt lat="39.802497010678053" lon="2.864848002791405">
<ele>1058</ele>
</trkpt>
<trkpt lat="39.802368013188243" lon="2.864875998347998">
<ele>1056</ele>
</trkpt>
<trkpt lat="39.802318979054689" lon="2.864806009456515">
<ele>1053</ele>
</trkpt>
<trkpt lat="39.802295006811619" lon="2.864824030548334">
<ele>1051</ele>
</trkpt>
<trkpt lat="39.802295006811619" lon="2.864935006946325">
<ele>1048</ele>
</trkpt>
<trkpt lat="39.802204985171556" lon="2.864792011678219">
<ele>1046</ele>
</trkpt>
<trkpt lat="39.802201967686415" lon="2.864754963666201">
<ele>1043</ele>
</trkpt>
<trkpt lat="39.802142959088087" lon="2.864733003079891">
<ele>1041</ele>
</trkpt>
<trkpt lat="39.802111024037004" lon="2.86475102417171">
<ele>1039</ele>
</trkpt>
<trkpt lat="39.802097026258707" lon="2.864820007234812">
<ele>1036</ele>
</trkpt>
<trkpt lat="39.802000969648361" lon="2.864709030836821">
<ele>1034</ele>
</trkpt>
<trkpt lat="39.801924023777246" lon="2.864726968109608">
<ele>1031</ele>
</trkpt>
<trkpt lat="39.801924023777246" lon="2.864726968109608">
<ele>1029</ele>
</trkpt>
<trkpt lat="39.801909020170569" lon="2.864722022786737">
<ele>1029</ele>
</trkpt>
<trkpt lat="39.801902985200286" lon="2.864724034443498">
<ele>1028</ele>
</trkpt>
<trkpt lat="39.801898039877415" lon="2.864725040271878">
<ele>1028</ele>
</trkpt>
<trkpt lat="39.801898039877415" lon="2.864725040271878">
<ele>1027</ele>
</trkpt>
<trkpt lat="39.801893010735512" lon="2.864725962281227">
<ele>1027</ele>
</trkpt>
<trkpt lat="39.801894016563892" lon="2.864726968109608">
<ele>1026</ele>
</trkpt>
<trkpt lat="39.801894016563892" lon="2.864726968109608">
<ele>1024</ele>
</trkpt>
<trkpt lat="39.801894016563892" lon="2.864726968109608">
<ele>1023</ele>
</trkpt>
<trkpt lat="39.801886975765228" lon="2.864743983373046">
<ele>1020</ele>
</trkpt>
<trkpt lat="39.801812041550875" lon="2.864994015544653">
<ele>1019</ele>
</trkpt>
<trkpt lat="39.801798965781927" lon="2.865084037184715">
<ele>1018</ele>
</trkpt>
<trkpt lat="39.801724031567574" lon="2.865223009139299">
<ele>1016</ele>
</trkpt>
<trkpt lat="39.801725037395954" lon="2.865374973043799">
<ele>1015</ele>
</trkpt>
<trkpt lat="39.801757978275418" lon="2.865464994683862">
<ele>1012</ele>
</trkpt>
<trkpt lat="39.801808018237352" lon="2.865606984123588">
<ele>1011</ele>
</trkpt>
<trkpt lat="39.801817992702127" lon="2.865671021863818">
<ele>1009</ele>
</trkpt>
<trkpt lat="39.801886975765228" lon="2.865777974948287">
<ele>1008</ele>
</trkpt>
<trkpt lat="39.802019996568561" lon="2.865829020738602">
<ele>1006</ele>
</trkpt>
<trkpt lat="39.802066013216972" lon="2.865893980488181">
<ele>1003</ele>
</trkpt>
<trkpt lat="39.802057966589928" lon="2.866047034040093">
<ele>1001</ele>
</trkpt>
<trkpt lat="39.802022008225322" lon="2.866159016266465">
<ele>1000</ele>
</trkpt>
<trkpt lat="39.801968028768897" lon="2.866243002936244">
<ele>998</ele>
</trkpt>
<trkpt lat="39.801933998242021" lon="2.866368982940912">
<ele>996</ele>
</trkpt>
<trkpt lat="39.801902985200286" lon="2.866494040936232">
<ele>995</ele>
</trkpt>
<trkpt lat="39.801882030442357" lon="2.866608034819365">
<ele>992</ele>
</trkpt>
<trkpt lat="39.801873983815312" lon="2.866609962657094">
<ele>991</ele>
</trkpt>
<trkpt lat="39.801864009350538" lon="2.866609040647745">
<ele>990</ele>
</trkpt>
<trkpt lat="39.801842970773578" lon="2.866593031212688">
<ele>988</ele>
</trkpt>
<trkpt lat="39.801789997145534" lon="2.866594959050417">
<ele>987</ele>
</trkpt>
<trkpt lat="39.801774993538857" lon="2.866613985970616">
<ele>985</ele>
</trkpt>
<trkpt lat="39.801826039329171" lon="2.866820013150573">
<ele>984</ele>
</trkpt>
<trkpt lat="39.801854034885764" lon="2.866909028962255">
<ele>983</ele>
</trkpt>
<trkpt lat="39.80182402767241" lon="2.86702997982502">
<ele>981</ele>
</trkpt>
<trkpt lat="39.801808018237352" lon="2.867061998695135">
<ele>980</ele>
</trkpt>
<trkpt lat="39.801764013245702" lon="2.867227038368583">
<ele>978</ele>
</trkpt>
<trkpt lat="39.801705004647374" lon="2.867282023653388">
<ele>976</ele>
</trkpt>
<trkpt lat="39.801670974120498" lon="2.867397023364902">
<ele>974</ele>
</trkpt>
<trkpt lat="39.801682960242033" lon="2.867466006428003">
<ele>973</ele>
</trkpt>
<trkpt lat="39.801621017977595" lon="2.867501964792609">
<ele>971</ele>
</trkpt>
<trkpt lat="39.801648007705808" lon="2.86767496727407">
<ele>968</ele>
</trkpt>
<trkpt lat="39.8016950301826" lon="2.867817040532827">
<ele>966</ele>
</trkpt>
<trkpt lat="39.801750015467405" lon="2.86793296225369">
<ele>964</ele>
</trkpt>
<trkpt lat="39.801762001588941" lon="2.86795299500227">
<ele>963</ele>
</trkpt>
<trkpt lat="39.801864009350538" lon="2.868049973621965">
<ele>961</ele>
</trkpt>
<trkpt lat="39.801877001300454" lon="2.868076963350177">
<ele>958</ele>
</trkpt>
<trkpt lat="39.801988983526826" lon="2.86816799081862">
<ele>956</ele>
</trkpt>
<trkpt lat="39.802022008225322" lon="2.868207972496748">
<ele>954</ele>
</trkpt>
<trkpt lat="39.802091997116804" lon="2.868334958329797">
<ele>952</ele>
</trkpt>
<trkpt lat="39.802116975188255" lon="2.868537968024612">
<ele>950</ele>
</trkpt>
<trkpt lat="39.802115969359875" lon="2.868582978844643">
<ele>948</ele>
</trkpt>
<trkpt lat="39.802070958539844" lon="2.868713987991214">
<ele>946</ele>
</trkpt>
<trkpt lat="39.802042040973902" lon="2.868782971054316">
<ele>944</ele>
</trkpt>
<trkpt lat="39.802027959376574" lon="2.868982963263989">
<ele>942</ele>
</trkpt>
<trkpt lat="39.801989989355206" lon="2.868967037647963">
<ele>940</ele>
</trkpt>
<trkpt lat="39.80191295966506" lon="2.868883972987533">
<ele>938</ele>
</trkpt>
<trkpt lat="39.801869038492441" lon="2.868948010727763">
<ele>935</ele>
</trkpt>
<trkpt lat="39.801812041550875" lon="2.868968965485692">
<ele>933</ele>
</trkpt>
<trkpt lat="39.80174096301198" lon="2.868998972699046">
<ele>930</ele>
</trkpt>
<trkpt lat="39.801802989095449" lon="2.86915403790772">
<ele>928</ele>
</trkpt>
<trkpt lat="39.801912037655711" lon="2.869301978498697">
<ele>926</ele>
</trkpt>
<trkpt lat="39.801976997405291" lon="2.869376996532083">
<ele>923</ele>
</trkpt>
<trkpt lat="39.802030976861715" lon="2.869430975988507">
<ele>921</ele>
</trkpt>
<trkpt lat="39.802165003493428" lon="2.869549999013543">
<ele>918</ele>
</trkpt>
<trkpt lat="39.802235998213291" lon="2.869613030925393">
<ele>916</ele>
</trkpt>
<trkpt lat="39.802298024296761" lon="2.869660975411534">
<ele>914</ele>
</trkpt>
<trkpt lat="39.802372958511114" lon="2.86971696652472">
<ele>909</ele>
</trkpt>
<trkpt lat="39.802330965176225" lon="2.86988502368331">
<ele>905</ele>
</trkpt>
<trkpt lat="39.80234001763165" lon="2.869968004524708">
<ele>900</ele>
</trkpt>
<trkpt lat="39.80229701846838" lon="2.870000023394823">
<ele>896</ele>
</trkpt>
<trkpt lat="39.802238009870052" lon="2.870031958445907">
<ele>892</ele>
</trkpt>
<trkpt lat="39.802088979631662" lon="2.870054002851248">
<ele>887</ele>
</trkpt>
<trkpt lat="39.802066013216972" lon="2.870091972872615">
<ele>883</ele>
</trkpt>
<trkpt lat="39.802068024873734" lon="2.870223987847567">
<ele>878</ele>
</trkpt>
<trkpt lat="39.802036006003618" lon="2.870373018085957">
<ele>874</ele>
</trkpt>
<trkpt lat="39.802024019882083" lon="2.870366983115673">
<ele>870</ele>
</trkpt>
<trkpt lat="39.801898961886764" lon="2.870311997830868">
<ele>867</ele>
</trkpt>
<trkpt lat="39.801801983267069" lon="2.870324989780784">
<ele>864</ele>
</trkpt>
<trkpt lat="39.801882030442357" lon="2.870490029454231">
<ele>862</ele>
</trkpt>
<trkpt lat="39.801887981593609" lon="2.870498998090625">
<ele>860</ele>
</trkpt>
<trkpt lat="39.801999041810632" lon="2.87059597671032">
<ele>858</ele>
</trkpt>
<trkpt lat="39.802046986296773" lon="2.870661020278931">
<ele>855</ele>
</trkpt>
<trkpt lat="39.801778011023998" lon="2.870567981153727">
<ele>852</ele>
</trkpt>
<trkpt lat="39.801670974120498" lon="2.870544008910656">
<ele>850</ele>
</trkpt>
<trkpt lat="39.801522027701139" lon="2.870495980605483">
<ele>847</ele>
</trkpt>
<trkpt lat="39.801408033818007" lon="2.870486006140709">
<ele>845</ele>
</trkpt>
<trkpt lat="39.801291022449732" lon="2.870478965342045">
<ele>843</ele>
</trkpt>
<trkpt lat="39.801170993596315" lon="2.870472008362413">
<ele>840</ele>
</trkpt>
<trkpt lat="39.801067980006337" lon="2.870521964505315">
<ele>838</ele>
</trkpt>
<trkpt lat="39.800948034971952" lon="2.870584996417165">
<ele>836</ele>
</trkpt>
<trkpt lat="39.80083697475493" lon="2.870706031098962">
<ele>833</ele>
</trkpt>
<trkpt lat="39.800818031653762" lon="2.870722962543368">
<ele>831</ele>
</trkpt>
<trkpt lat="39.800737984478474" lon="2.870870986953378">
<ele>828</ele>
</trkpt>
<trkpt lat="39.800690962001681" lon="2.870952039957047">
<ele>826</ele>
</trkpt>
<trkpt lat="39.800704959779978" lon="2.870952039957047">
<ele>824</ele>
</trkpt>
<trkpt lat="39.800704959779978" lon="2.870952039957047">
<ele>824</ele>
</trkpt>
<trkpt lat="39.800704959779978" lon="2.870952039957047">
<ele>825</ele>
</trkpt>
<trkpt lat="39.800704959779978" lon="2.870952039957047">
<ele>825</ele>
</trkpt>
<trkpt lat="39.800712000578642" lon="2.870962014421821">
<ele>825</ele>
</trkpt>
<trkpt lat="39.800762962549925" lon="2.871022028848529">
<ele>825</ele>
</trkpt>
<trkpt lat="39.800763968378305" lon="2.871022028848529">
<ele>826</ele>
</trkpt>
<trkpt lat="39.800763968378305" lon="2.871022028848529">
<ele>826</ele>
</trkpt>
<trkpt lat="39.800763968378305" lon="2.871022028848529">
<ele>827</ele>
</trkpt>
<trkpt lat="39.800763968378305" lon="2.871022028848529">
<ele>828</ele>
</trkpt>
<trkpt lat="39.800763968378305" lon="2.871022028848529">
<ele>826</ele>
</trkpt>
<trkpt lat="39.800763968378305" lon="2.871022028848529">
<ele>823</ele>
</trkpt>
<trkpt lat="39.800763968378305" lon="2.871022028848529">
<ele>820</ele>
</trkpt>
<trkpt lat="39.800865976139903" lon="2.87128396332264">
<ele>818</ele>
</trkpt>
<trkpt lat="39.800933031365275" lon="2.871354036033154">
<ele>816</ele>
</trkpt>
<trkpt lat="39.801074014976621" lon="2.871453026309609">
<ele>813</ele>
</trkpt>
<trkpt lat="39.801081977784634" lon="2.871464006602764">
<ele>810</ele>
</trkpt>
<trkpt lat="39.801171999424696" lon="2.871603984385729">
<ele>808</ele>
</trkpt>
<trkpt lat="39.801232013851404" lon="2.871690988540649">
<ele>806</ele>
</trkpt>
<trkpt lat="39.801257997751236" lon="2.871708003804088">
<ele>803</ele>
</trkpt>
<trkpt lat="39.801382971927524" lon="2.871805988252163">
<ele>802</ele>
</trkpt>
<trkpt lat="39.801510041579604" lon="2.871984019875526">
<ele>800</ele>
</trkpt>
<trkpt lat="39.801551029086113" lon="2.872136989608407">
<ele>799</ele>
</trkpt>
<trkpt lat="39.801620012149215" lon="2.87225098349154">
<ele>797</ele>
</trkpt>
<trkpt lat="39.801688995212317" lon="2.872344022616744">
<ele>796</ele>
</trkpt>
<trkpt lat="39.801814975216985" lon="2.872476959601045">
<ele>796</ele>
</trkpt>
<trkpt lat="39.801851017400622" lon="2.872604029253125">
<ele>794</ele>
</trkpt>
<trkpt lat="39.801828972995281" lon="2.872709976509213">
<ele>793</ele>
</trkpt>
<trkpt lat="39.801797037944198" lon="2.872758004814386">
<ele>791</ele>
</trkpt>
<trkpt lat="39.801834002137184" lon="2.872948022559285">
<ele>790</ele>
</trkpt>
<trkpt lat="39.801847999915481" lon="2.873076014220715">
<ele>789</ele>
</trkpt>
<trkpt lat="39.801849005743861" lon="2.873083977028728">
<ele>787</ele>
</trkpt>
<trkpt lat="39.801909020170569" lon="2.873283969238401">
<ele>786</ele>
</trkpt>
<trkpt lat="39.801940033212304" lon="2.873336020857096">
<ele>785</ele>
</trkpt>
<trkpt lat="39.802046986296773" lon="2.873525032773614">
<ele>783</ele>
</trkpt>
<trkpt lat="39.802070036530495" lon="2.873554034158588">
<ele>782</ele>
</trkpt>
<trkpt lat="39.802181012928486" lon="2.873699963092804">
<ele>781</ele>
</trkpt>
<trkpt lat="39.802219988778234" lon="2.873816974461079">
<ele>780</ele>
</trkpt>
<trkpt lat="39.802296012639999" lon="2.873953012749553">
<ele>778</ele>
</trkpt>
<trkpt lat="39.802326019853354" lon="2.873976984992623">
<ele>777</ele>
</trkpt>
<trkpt lat="39.802454011514783" lon="2.874143030494452">
<ele>776</ele>
</trkpt>
<trkpt lat="39.802502961829305" lon="2.874204972758889">
<ele>774</ele>
</trkpt>
<trkpt lat="39.802644029259682" lon="2.874358026310802">
<ele>774</ele>
</trkpt>
<trkpt lat="39.802729021757841" lon="2.874462967738509">
<ele>773</ele>
</trkpt>
<trkpt lat="39.802804961800575" lon="2.87454703822732">
<ele>772</ele>
</trkpt>
<trkpt lat="39.802812002599239" lon="2.874562963843346">
<ele>770</ele>
</trkpt>
<trkpt lat="39.802924990653992" lon="2.874739989638329">
<ele>769</ele>
</trkpt>
<trkpt lat="39.802961032837629" lon="2.87476303987205">
<ele>768</ele>
</trkpt>
<trkpt lat="39.803094975650311" lon="2.874910980463028">
<ele>765</ele>
</trkpt>
<trkpt lat="39.803133029490709" lon="2.874939981848002">
<ele>764</ele>
</trkpt>
<trkpt lat="39.803247023373842" lon="2.875073002651334">
<ele>763</ele>
</trkpt>
<trkpt lat="39.803269989788532" lon="2.875102004036307">
<ele>762</ele>
</trkpt>
<trkpt lat="39.80335297062993" lon="2.875207029283047">
<ele>762</ele>
</trkpt>
<trkpt lat="39.803391024470329" lon="2.875312976539135">
<ele>761</ele>
</trkpt>
<trkpt lat="39.803422037512064" lon="2.875439962372184">
<ele>760</ele>
</trkpt>
<trkpt lat="39.803537959232926" lon="2.875567032024264">
<ele>759</ele>
</trkpt>
<trkpt lat="39.80356503278017" lon="2.875605002045631">
<ele>758</ele>
</trkpt>
<trkpt lat="39.803670980036259" lon="2.875813040882349">
<ele>758</ele>
</trkpt>
<trkpt lat="39.803792014718056" lon="2.876006998121738">
<ele>758</ele>
</trkpt>
<trkpt lat="39.803810035809875" lon="2.876041028648615">
<ele>757</ele>
</trkpt>
<trkpt lat="39.804010028019547" lon="2.876150999218226">
<ele>756</ele>
</trkpt>
<trkpt lat="39.804147994145751" lon="2.876198021695018">
<ele>755</ele>
</trkpt>
<trkpt lat="39.804179007187486" lon="2.876192992553115">
<ele>754</ele>
</trkpt>
<trkpt lat="39.804319990798831" lon="2.876241020858288">
<ele>753</ele>
</trkpt>
<trkpt lat="39.80442501604557" lon="2.87631100974977">
<ele>752</ele>
</trkpt>
<trkpt lat="39.804472960531712" lon="2.876350991427898">
<ele>752</ele>
</trkpt>
<trkpt lat="39.804634982720017" lon="2.87633397616446">
<ele>751</ele>
</trkpt>
<trkpt lat="39.804757023230195" lon="2.876318972557783">
<ele>750</ele>
</trkpt>
<trkpt lat="39.804891971871257" lon="2.876344034448266">
<ele>749</ele>
</trkpt>
<trkpt lat="39.804952992126346" lon="2.876337999477983">
<ele>748</ele>
</trkpt>
<trkpt lat="39.80498400516808" lon="2.876350991427898">
<ele>746</ele>
</trkpt>
<trkpt lat="39.805032033473253" lon="2.876378986984491">
<ele>745</ele>
</trkpt>
<trkpt lat="39.804967995733023" lon="2.876477977260947">
<ele>744</ele>
</trkpt>
<trkpt lat="39.804944023489952" lon="2.876478983089328">
<ele>742</ele>
</trkpt>
<trkpt lat="39.804846039041877" lon="2.876528017222881">
<ele>740</ele>
</trkpt>
<trkpt lat="39.804712012410164" lon="2.876613009721041">
<ele>740</ele>
</trkpt>
<trkpt lat="39.804728021845222" lon="2.876687021926045">
<ele>739</ele>
</trkpt>
<trkpt lat="39.804825000464916" lon="2.876817025244236">
<ele>737</ele>
</trkpt>
<trkpt lat="39.804902030155063" lon="2.876877039670944">
<ele>735</ele>
</trkpt>
<trkpt lat="39.80491703376174" lon="2.876910986378789">
<ele>734</ele>
</trkpt>
<trkpt lat="39.804815026000142" lon="2.876917021349073">
<ele>732</ele>
</trkpt>
<trkpt lat="39.804703965783119" lon="2.876919033005834">
<ele>731</ele>
</trkpt>
<trkpt lat="39.804542027413845" lon="2.876982986927033">
<ele>729</ele>
</trkpt>
<trkpt lat="39.804460974410176" lon="2.877092035487294">
<ele>727</ele>
</trkpt>
<trkpt lat="39.804334994405508" lon="2.877139979973435">
<ele>725</ele>
</trkpt>
<trkpt lat="39.804301969707012" lon="2.877178033813834">
<ele>724</ele>
</trkpt>
<trkpt lat="39.804329965263605" lon="2.877294039353728">
<ele>722</ele>
</trkpt>
<trkpt lat="39.804429961368442" lon="2.877415996044874">
<ele>720</ele>
</trkpt>
<trkpt lat="39.80448997579515" lon="2.877523032948375">
<ele>719</ele>
</trkpt>
<trkpt lat="39.804542027413845" lon="2.877613976597786">
<ele>717</ele>
</trkpt>
<trkpt lat="39.804589971899986" lon="2.877767030149698">
<ele>715</ele>
</trkpt>
<trkpt lat="39.80464001186192" lon="2.877840036526322">
<ele>714</ele>
</trkpt>
<trkpt lat="39.80479096993804" lon="2.877878006547689">
<ele>712</ele>
</trkpt>
<trkpt lat="39.804885014891624" lon="2.877880018204451">
<ele>710</ele>
</trkpt>
<trkpt lat="39.804969001561403" lon="2.877870965749025">
<ele>708</ele>
</trkpt>
<trkpt lat="39.804974030703306" lon="2.877863002941012">
<ele>705</ele>
</trkpt>
<trkpt lat="39.804957015439868" lon="2.877947995439172">
<ele>703</ele>
</trkpt>
<trkpt lat="39.804942011833191" lon="2.878107000142336">
<ele>701</ele>
</trkpt>
<trkpt lat="39.805008983239532" lon="2.878206996247172">
<ele>699</ele>
</trkpt>
<trkpt lat="39.805034967139363" lon="2.878274973481894">
<ele>697</ele>
</trkpt>
<trkpt lat="39.805103028193116" lon="2.878377987071872">
<ele>695</ele>
</trkpt>
<trkpt lat="39.805162036791444" lon="2.878472032025456">
<ele>694</ele>
</trkpt>
<trkpt lat="39.805093975737691" lon="2.878531040623784">
<ele>692</ele>
</trkpt>
<trkpt lat="39.805077966302633" lon="2.878540009260178">
<ele>690</ele>
</trkpt>
<trkpt lat="39.804971013218164" lon="2.878591977059841">
<ele>688</ele>
</trkpt>
<trkpt lat="39.804883003234863" lon="2.878637993708253">
<ele>687</ele>
</trkpt>
<trkpt lat="39.804921979084611" lon="2.878766991198063">
<ele>685</ele>
</trkpt>
<trkpt lat="39.804904963821173" lon="2.8788479603827">
<ele>683</ele>
</trkpt>
<trkpt lat="39.804910998791456" lon="2.878861036151648">
<ele>683</ele>
</trkpt>
<trkpt lat="39.804891971871257" lon="2.878993973135948">
<ele>681</ele>
</trkpt>
<trkpt lat="39.804835980758071" lon="2.879081983119249">
<ele>680</ele>
</trkpt>
<trkpt lat="39.804904963821173" lon="2.879174016416073">
<ele>678</ele>
</trkpt>
<trkpt lat="39.804922984912992" lon="2.879302008077502">
<ele>677</ele>
</trkpt>
<trkpt lat="39.80494000017643" lon="2.879413990303874">
<ele>676</ele>
</trkpt>
<trkpt lat="39.804943017661572" lon="2.879601996392012">
<ele>675</ele>
</trkpt>
<trkpt lat="39.804992973804474" lon="2.879720013588667">
<ele>673</ele>
</trkpt>
<trkpt lat="39.80504896491766" lon="2.879822021350265">
<ele>672</ele>
</trkpt>
<trkpt lat="39.805123982951045" lon="2.879934003576636">
<ele>671</ele>
</trkpt>
<trkpt lat="39.805161030963063" lon="2.880003992468119">
<ele>669</ele>
</trkpt>
<trkpt lat="39.805216016247869" lon="2.880142964422703">
<ele>668</ele>
</trkpt>
<trkpt lat="39.805294973775744" lon="2.880172971636057">
<ele>667</ele>
</trkpt>
<trkpt lat="39.805421037599444" lon="2.880257964134216">
<ele>665</ele>
</trkpt>
<trkpt lat="39.805467976257205" lon="2.880401965230703">
<ele>664</ele>
</trkpt>
<trkpt lat="39.805547017604113" lon="2.880476983264089">
<ele>662</ele>
</trkpt>
<trkpt lat="39.805626980960369" lon="2.880561975762248">
<ele>662</ele>
</trkpt>
<trkpt lat="39.805748015642166" lon="2.880687033757567">
<ele>661</ele>
</trkpt>
<trkpt lat="39.805839965119958" lon="2.880764985457063">
<ele>659</ele>
</trkpt>
<trkpt lat="39.805934010073543" lon="2.880851989611983">
<ele>658</ele>
</trkpt>
<trkpt lat="39.805987989529967" lon="2.880963971838355">
<ele>656</ele>
</trkpt>
<trkpt lat="39.806055966764688" lon="2.881050975993276">
<ele>655</ele>
</trkpt>
<trkpt lat="39.806140037253499" lon="2.881156001240015">
<ele>654</ele>
</trkpt>
<trkpt lat="39.806246990337968" lon="2.881236970424652">
<ele>653</ele>
</trkpt>
<trkpt lat="39.806341035291553" lon="2.88131701759994">
<ele>652</ele>
</trkpt>
<trkpt lat="39.806352015584707" lon="2.881333027034998">
<ele>651</ele>
</trkpt>
<trkpt lat="39.80646500363946" lon="2.881452972069383">
<ele>650</ele>
</trkpt>
<trkpt lat="39.806486964225769" lon="2.881471998989582">
<ele>649</ele>
</trkpt>
<trkpt lat="39.806534992530942" lon="2.881691018119454">
<ele>648</ele>
</trkpt>
<trkpt lat="39.806554019451141" lon="2.88180903531611">
<ele>647</ele>
</trkpt>
<trkpt lat="39.806561982259154" lon="2.881901990622282">
<ele>646</ele>
</trkpt>
<trkpt lat="39.806572962552309" lon="2.882052026689053">
<ele>645</ele>
</trkpt>
<trkpt lat="39.80657103471458" lon="2.882080022245646">
<ele>645</ele>
</trkpt>
<trkpt lat="39.806602969765663" lon="2.882208013907075">
<ele>644</ele>
</trkpt>
<trkpt lat="39.806662984192371" lon="2.882312033325434">
<ele>643</ele>
</trkpt>
<trkpt lat="39.806721992790699" lon="2.882396019995213">
<ele>642</ele>
</trkpt>
<trkpt lat="39.806842021644115" lon="2.882552007213235">
<ele>641</ele>
</trkpt>
<trkpt lat="39.806890971958637" lon="2.882611015811563">
<ele>640</ele>
</trkpt>
<trkpt lat="39.807007983326912" lon="2.882695002481341">
<ele>639</ele>
</trkpt>
<trkpt lat="39.807026004418731" lon="2.882760968059301">
<ele>639</ele>
</trkpt>
<trkpt lat="39.807113008573651" lon="2.882957020774484">
<ele>638</ele>
</trkpt>
<trkpt lat="39.807112002745271" lon="2.882979987189174">
<ele>637</ele>
</trkpt>
<trkpt lat="39.807188026607037" lon="2.883145026862621">
<ele>637</ele>
</trkpt>
<trkpt lat="39.807202024385333" lon="2.883182996883988">
<ele>636</ele>
</trkpt>
<trkpt lat="39.807316018268466" lon="2.883301014080644">
<ele>636</ele>
</trkpt>
<trkpt lat="39.807425988838077" lon="2.88335700519383">
<ele>635</ele>
</trkpt>
<trkpt lat="39.807524979114532" lon="2.883436968550086">
<ele>635</ele>
</trkpt>
<trkpt lat="39.807575019076467" lon="2.883527996018529">
<ele>635</ele>
</trkpt>
<trkpt lat="39.807688007131219" lon="2.883598990738392">
<ele>634</ele>
</trkpt>
<trkpt lat="39.807781968265772" lon="2.88363897241652">
<ele>635</ele>
</trkpt>
<trkpt lat="39.807810969650745" lon="2.883668979629874">
<ele>634</ele>
</trkpt>
<trkpt lat="39.807952959090471" lon="2.883769981563091">
<ele>634</ele>
</trkpt>
<trkpt lat="39.808039041236043" lon="2.883802000433207">
<ele>634</ele>
</trkpt>
<trkpt lat="39.808181030675769" lon="2.88387299515307">
<ele>634</ele>
</trkpt>
<trkpt lat="39.808238027617335" lon="2.883909959346056">
<ele>633</ele>
</trkpt>
<trkpt lat="39.80833500623703" lon="2.883965028449893">
<ele>633</ele>
</trkpt>
<trkpt lat="39.808441959321499" lon="2.884082039818168">
<ele>633</ele>
</trkpt>
<trkpt lat="39.808438019827008" lon="2.884102994576097">
<ele>633</ele>
</trkpt>
<trkpt lat="39.808441959321499" lon="2.884172983467579">
<ele>633</ele>
</trkpt>
<trkpt lat="39.808511026203632" lon="2.884394014254212">
<ele>632</ele>
</trkpt>
<trkpt lat="39.808530975133181" lon="2.884419998154044">
<ele>632</ele>
</trkpt>
<trkpt lat="39.808601969853044" lon="2.884545978158712">
<ele>632</ele>
</trkpt>
<trkpt lat="39.808773966506124" lon="2.884676987305284">
<ele>632</ele>
</trkpt>
<trkpt lat="39.808872034773231" lon="2.88475401699543">
<ele>633</ele>
</trkpt>
<trkpt lat="39.808943029493093" lon="2.884800033643842">
<ele>633</ele>
</trkpt>
<trkpt lat="39.809003965929151" lon="2.884940011426806">
<ele>634</ele>
</trkpt>
<trkpt lat="39.809054005891085" lon="2.885070014744997">
<ele>634</ele>
</trkpt>
<trkpt lat="39.809158025309443" lon="2.885229019448161">
<ele>635</ele>
</trkpt>
<trkpt lat="39.809177974238992" lon="2.885275958105922">
<ele>635</ele>
</trkpt>
<trkpt lat="39.809223990887403" lon="2.885380983352661">
<ele>635</ele>
</trkpt>
<trkpt lat="39.809243017807603" lon="2.88552800193429">
<ele>636</ele>
</trkpt>
<trkpt lat="39.809286016970873" lon="2.885698992758989">
<ele>636</ele>
</trkpt>
<trkpt lat="39.809307977557182" lon="2.885752972215414">
<ele>636</ele>
</trkpt>
<trkpt lat="39.809336978942156" lon="2.885881969705224">
<ele>635</ele>
</trkpt>
<trkpt lat="39.809358017519116" lon="2.885934021323919">
<ele>635</ele>
</trkpt>
<trkpt lat="39.809461031109095" lon="2.886182963848114">
<ele>635</ele>
</trkpt>
<trkpt lat="39.809540994465351" lon="2.886278014630079">
<ele>634</ele>
</trkpt>
<trkpt lat="39.809597991406918" lon="2.886370969936252">
<ele>634</ele>
</trkpt>
<trkpt lat="39.809579970315099" lon="2.886391002684832">
<ele>634</ele>
</trkpt>
<trkpt lat="39.809571001678705" lon="2.886411035433412">
<ele>634</ele>
</trkpt>
<trkpt lat="39.809614000841975" lon="2.88656098768115">
<ele>633</ele>
</trkpt>
<trkpt lat="39.809618024155498" lon="2.886622007936239">
<ele>633</ele>
</trkpt>
<trkpt lat="39.80958198197186" lon="2.886759974062443">
<ele>634</ele>
</trkpt>
<trkpt lat="39.80956002138555" lon="2.886808002367616">
<ele>633</ele>
</trkpt>
<trkpt lat="39.809474023059011" lon="2.886984022334218">
<ele>633</ele>
</trkpt>
<trkpt lat="39.809475028887391" lon="2.887141015380621">
<ele>632</ele>
</trkpt>
<trkpt lat="39.809488020837307" lon="2.88720496930182">
<ele>632</ele>
</trkpt>
<trkpt lat="39.80947301723063" lon="2.887388030067086">
<ele>632</ele>
</trkpt>
<trkpt lat="39.809493971988559" lon="2.887552985921502">
<ele>631</ele>
</trkpt>
<trkpt lat="39.809467988088727" lon="2.88767896592617">
<ele>631</ele>
</trkpt>
<trkpt lat="39.809388024732471" lon="2.887842999771237">
<ele>630</ele>
</trkpt>
<trkpt lat="39.809358017519116" lon="2.887980965897441">
<ele>630</ele>
</trkpt>
<trkpt lat="39.809302026405931" lon="2.88817198947072">
<ele>629</ele>
</trkpt>
<trkpt lat="39.809298003092408" lon="2.888295035809279">
<ele>628</ele>
</trkpt>
<trkpt lat="39.809315018355846" lon="2.888324037194252">
<ele>627</ele>
</trkpt>
<trkpt lat="39.809348965063691" lon="2.888489998877049">
<ele>626</ele>
</trkpt>
<trkpt lat="39.809401016682386" lon="2.88872703909874">
<ele>625</ele>
</trkpt>
<trkpt lat="39.809488020837307" lon="2.888863999396563">
<ele>625</ele>
</trkpt>
<trkpt lat="39.809492966160178" lon="2.888872968032956">
<ele>625</ele>
</trkpt>
<trkpt lat="39.809565972536802" lon="2.889083018526435">
<ele>624</ele>
</trkpt>
<trkpt lat="39.809604026377201" lon="2.8892039693892">
<ele>623</ele>
</trkpt>
<trkpt lat="39.809666974470019" lon="2.889369009062648">
<ele>622</ele>
</trkpt>
<trkpt lat="39.809754984453321" lon="2.889542011544108">
<ele>621</ele>
</trkpt>
<trkpt lat="39.809746015816927" lon="2.889705961570144">
<ele>619</ele>
</trkpt>
<trkpt lat="39.809754984453321" lon="2.889838982373476">
<ele>618</ele>
</trkpt>
<trkpt lat="39.809765964746475" lon="2.88999798707664">
<ele>616</ele>
</trkpt>
<trkpt lat="39.809781974181533" lon="2.890062024816871">
<ele>615</ele>
</trkpt>
<trkpt lat="39.809778034687042" lon="2.890269979834557">
<ele>614</ele>
</trkpt>
<trkpt lat="39.809781974181533" lon="2.890360001474619">
<ele>612</ele>
</trkpt>
<trkpt lat="39.809792032465339" lon="2.890414986759424">
<ele>611</ele>
</trkpt>
<trkpt lat="39.809868978336453" lon="2.890478018671274">
<ele>609</ele>
</trkpt>
<trkpt lat="39.809997975826263" lon="2.890161015093327">
<ele>608</ele>
</trkpt>
<trkpt lat="39.810023959726095" lon="2.88999698124826">
<ele>607</ele>
</trkpt>
<trkpt lat="39.81003200635314" lon="2.889906037598848">
<ele>606</ele>
</trkpt>
<trkpt lat="39.810093026608229" lon="2.889792965725064">
<ele>605</ele>
</trkpt>
<trkpt lat="39.810136025771499" lon="2.889901008456945">
<ele>605</ele>
</trkpt>
<trkpt lat="39.810137031599879" lon="2.890036040917039">
<ele>604</ele>
</trkpt>
<trkpt lat="39.810139965265989" lon="2.890088008716703">
<ele>603</ele>
</trkpt>
<trkpt lat="39.810202997177839" lon="2.890274003148079">
<ele>602</ele>
</trkpt>
<trkpt lat="39.810202997177839" lon="2.890328988432884">
<ele>601</ele>
</trkpt>
<trkpt lat="39.810212971642613" lon="2.890549013391137">
<ele>600</ele>
</trkpt>
<trkpt lat="39.810223029926419" lon="2.890725033357739">
<ele>599</ele>
</trkpt>
<trkpt lat="39.810252031311393" lon="2.890905998647213">
<ele>598</ele>
</trkpt>
<trkpt lat="39.810287989675999" lon="2.891023010015488">
<ele>596</ele>
</trkpt>
<trkpt lat="39.81029100716114" lon="2.891089981421828">
<ele>595</ele>
</trkpt>
<trkpt lat="39.810244990512729" lon="2.891296008601785">
<ele>593</ele>
</trkpt>
<trkpt lat="39.810135019943118" lon="2.8914799913764">
<ele>592</ele>
</trkpt>
<trkpt lat="39.810150023549795" lon="2.891541011631489">
<ele>590</ele>
</trkpt>
<trkpt lat="39.810188999399543" lon="2.891700016334653">
<ele>588</ele>
</trkpt>
<trkpt lat="39.810202997177839" lon="2.891842005774379">
<ele>587</ele>
</trkpt>
<trkpt lat="39.810170978307724" lon="2.891957005485892">
<ele>585</ele>
</trkpt>
<trkpt lat="39.810142982751131" lon="2.892176024615765">
<ele>585</ele>
</trkpt>
<trkpt lat="39.810124961659312" lon="2.892374005168676">
<ele>584</ele>
</trkpt>
<trkpt lat="39.810202997177839" lon="2.892391020432115">
<ele>584</ele>
</trkpt>
<trkpt lat="39.810258988291025" lon="2.892357995733619">
<ele>583</ele>
</trkpt>
<trkpt lat="39.810323026031256" lon="2.892268979921937">
<ele>583</ele>
</trkpt>
<trkpt lat="39.810409024357796" lon="2.892202008515596">
<ele>582</ele>
</trkpt>
<trkpt lat="39.810450011864305" lon="2.892141994088888">
<ele>581</ele>
</trkpt>
<trkpt lat="39.810544978827238" lon="2.892006961628795">
<ele>581</ele>
</trkpt>
<trkpt lat="39.810559982433915" lon="2.891982989385724">
<ele>580</ele>
</trkpt>
<trkpt lat="39.810690991580486" lon="2.891815016046166">
<ele>580</ele>
</trkpt>
<trkpt lat="39.810724016278982" lon="2.891770005226135">
<ele>579</ele>
</trkpt>
<trkpt lat="39.810771038755774" lon="2.891600020229816">
<ele>579</ele>
</trkpt>
<trkpt lat="39.810761986300349" lon="2.891535982489586">
<ele>578</ele>
</trkpt>
<trkpt lat="39.810794005170465" lon="2.891362980008125">
<ele>578</ele>
</trkpt>
<trkpt lat="39.810828035697341" lon="2.891248986124992">
<ele>577</ele>
</trkpt>
<trkpt lat="39.810855025425553" lon="2.891213027760387">
<ele>577</ele>
</trkpt>
<trkpt lat="39.810926020145416" lon="2.891042958945036">
<ele>577</ele>
</trkpt>
<trkpt lat="39.81095602735877" lon="2.89100700058043">
<ele>577</ele>
</trkpt>
<trkpt lat="39.81104202568531" lon="2.890896024182439">
<ele>577</ele>
</trkpt>
<trkpt lat="39.81112701818347" lon="2.890794016420841">
<ele>576</ele>
</trkpt>
<trkpt lat="39.811166999861598" lon="2.89072603918612">
<ele>576</ele>
</trkpt>
<trkpt lat="39.811174962669611" lon="2.890591006726027">
<ele>576</ele>
</trkpt>
<trkpt lat="39.811180997639894" lon="2.890526968985796">
<ele>575</ele>
</trkpt>
<trkpt lat="39.811120983213186" lon="2.890295963734388">
<ele>575</ele>
</trkpt>
<trkpt lat="39.81110698543489" lon="2.89016897790134">
<ele>574</ele>
</trkpt>
<trkpt lat="39.811100028455257" lon="2.890135031193495">
<ele>574</ele>
</trkpt>
<trkpt lat="39.81108502484858" lon="2.890006033703685">
<ele>574</ele>
</trkpt>
<trkpt lat="39.81115099042654" lon="2.889796989038587">
<ele>573</ele>
</trkpt>
<trkpt lat="39.811174040660262" lon="2.889725994318724">
<ele>573</ele>
</trkpt>
<trkpt lat="39.811298009008169" lon="2.889627004042268">
<ele>572</ele>
</trkpt>
<trkpt lat="39.811313012614846" lon="2.889620969071984">
<ele>572</ele>
</trkpt>
<trkpt lat="39.81147201731801" lon="2.889629015699029">
<ele>572</ele>
</trkpt>
<trkpt lat="39.811609983444214" lon="2.889686012640595">
<ele>573</ele>
</trkpt>
<trkpt lat="39.811637979000807" lon="2.889765975996852">
<ele>575</ele>
</trkpt>
<trkpt lat="39.811707967892289" lon="2.889929004013538">
<ele>575</ele>
</trkpt>
<trkpt lat="39.811783991754055" lon="2.889935960993171">
<ele>575</ele>
</trkpt>
<trkpt lat="39.811963029205799" lon="2.889830013737083">
<ele>576</ele>
</trkpt>
<trkpt lat="39.812076017260551" lon="2.889753989875317">
<ele>577</ele>
</trkpt>
<trkpt lat="39.812192022800446" lon="2.889715014025569">
<ele>577</ele>
</trkpt>
<trkpt lat="39.812300987541676" lon="2.889693975448608">
<ele>577</ele>
</trkpt>
<trkpt lat="39.812384974211454" lon="2.889667991548777">
<ele>578</ele>
</trkpt>
<trkpt lat="39.812419004738331" lon="2.889661034569144">
<ele>579</ele>
</trkpt>
<trkpt lat="39.812510032206774" lon="2.889701016247273">
<ele>579</ele>
</trkpt>
<trkpt lat="39.812568034976721" lon="2.88965399377048">
<ele>578</ele>
</trkpt>
<trkpt lat="39.812676999717951" lon="2.889620969071984">
<ele>577</ele>
</trkpt>
<trkpt lat="39.812837010249496" lon="2.889578975737095">
<ele>577</ele>
</trkpt>
<trkpt lat="39.812855031341314" lon="2.889572018757463">
<ele>576</ele>
</trkpt>
<trkpt lat="39.812951004132628" lon="2.889550980180502">
<ele>577</ele>
</trkpt>
<trkpt lat="39.812970031052828" lon="2.889549974352121">
<ele>576</ele>
</trkpt>
<trkpt lat="39.81308301910758" lon="2.889532959088683">
<ele>576</ele>
</trkpt>
<trkpt lat="39.813247974961996" lon="2.889535976573825">
<ele>575</ele>
</trkpt>
<trkpt lat="39.813389964401722" lon="2.8895010240376">
<ele>575</ele>
</trkpt>
<trkpt lat="39.813518039882183" lon="2.88950496353209">
<ele>574</ele>
</trkpt>
<trkpt lat="39.813590962439775" lon="2.889483002945781">
<ele>574</ele>
</trkpt>
<trkpt lat="39.813733035698533" lon="2.889443021267653">
<ele>572</ele>
</trkpt>
<trkpt lat="39.813881982117891" lon="2.889446960762143">
<ele>571</ele>
</trkpt>
<trkpt lat="39.81400896795094" lon="2.889440003782511">
<ele>571</ele>
</trkpt>
<trkpt lat="39.814105024561286" lon="2.889368003234267">
<ele>569</ele>
</trkpt>
<trkpt lat="39.81415699236095" lon="2.889347970485687">
<ele>569</ele>
</trkpt>
<trkpt lat="39.814358996227384" lon="2.889279993250966">
<ele>568</ele>
</trkpt>
<trkpt lat="39.814500985667109" lon="2.889250991865993">
<ele>568</ele>
</trkpt>
<trkpt lat="39.814512971788645" lon="2.889248980209231">
<ele>566</ele>
</trkpt>
<trkpt lat="39.814640963450074" lon="2.889217967167497">
<ele>566</ele>
</trkpt>
<trkpt lat="39.814807008951902" lon="2.88915996439755">
<ele>566</ele>
</trkpt>
<trkpt lat="39.814836010336876" lon="2.889154013246298">
<ele>565</ele>
</trkpt>
<trkpt lat="39.814996020868421" lon="2.889098022133112">
<ele>565</ele>
</trkpt>
<trkpt lat="39.815145973116159" lon="2.88907203823328">
<ele>564</ele>
</trkpt>
<trkpt lat="39.815211016684771" lon="2.889111014083028">
<ele>565</ele>
</trkpt>
<trkpt lat="39.815315036103129" lon="2.889142027124763">
<ele>564</ele>
</trkpt>
<trkpt lat="39.815341020002961" lon="2.88916097022593">
<ele>564</ele>
</trkpt>
<trkpt lat="39.815544029697776" lon="2.88920103572309">
<ele>563</ele>
</trkpt>
<trkpt lat="39.815710997208953" lon="2.889232970774174">
<ele>563</ele>
</trkpt>
<trkpt lat="39.81583203189075" lon="2.889249986037612">
<ele>562</ele>
</trkpt>
<trkpt lat="39.815878970548511" lon="2.889282004907727">
<ele>562</ele>
</trkpt>
<trkpt lat="39.815988019108772" lon="2.88928996771574">
<ele>562</ele>
</trkpt>
<trkpt lat="39.816053984686732" lon="2.889210004359484">
<ele>561</ele>
</trkpt>
<trkpt lat="39.816109975799918" lon="2.889099027961493">
<ele>562</ele>
</trkpt>
<trkpt lat="39.816136965528131" lon="2.889000959694386">
<ele>561</ele>
</trkpt>
<trkpt lat="39.816178036853671" lon="2.888818988576531">
<ele>561</ele>
</trkpt>
<trkpt lat="39.81617895886302" lon="2.888573985546827">
<ele>561</ele>
</trkpt>
<trkpt lat="39.816244002431631" lon="2.888420009985566">
<ele>561</ele>
</trkpt>
<trkpt lat="39.816310973837972" lon="2.888344991952181">
<ele>561</ele>
</trkpt>
<trkpt lat="39.816415999084711" lon="2.888384973630309">
<ele>561</ele>
</trkpt>
<trkpt lat="39.816513983532786" lon="2.888436019420624">
<ele>559</ele>
</trkpt>
<trkpt lat="39.816656978800893" lon="2.888435013592243">
<ele>559</ele>
</trkpt>
<trkpt lat="39.816780025139451" lon="2.888511037454009">
<ele>557</ele>
</trkpt>
<trkpt lat="39.816911034286022" lon="2.888626037165523">
<ele>556</ele>
</trkpt>
<trkpt lat="39.817054029554129" lon="2.888748999685049">
<ele>555</ele>
</trkpt>
<trkpt lat="39.817075990140438" lon="2.888770960271359">
<ele>553</ele>
</trkpt>
<trkpt lat="39.817238012328744" lon="2.888888977468014">
<ele>553</ele>
</trkpt>
<trkpt lat="39.817371033132076" lon="2.88896500132978">
<ele>551</ele>
</trkpt>
<trkpt lat="39.817487960681319" lon="2.888954021036625">
<ele>551</ele>
</trkpt>
<trkpt lat="39.817612012848258" lon="2.888904986903071">
<ele>549</ele>
</trkpt>
<trkpt lat="39.817750984802842" lon="2.888796022161841">
<ele>548</ele>
</trkpt>
<trkpt lat="39.81783002614975" lon="2.888733996078372">
<ele>546</ele>
</trkpt>
<trkpt lat="39.817900015041232" lon="2.888680016621947">
<ele>544</ele>
</trkpt>
<trkpt lat="39.818052984774113" lon="2.88857901468873">
<ele>543</ele>
</trkpt>
<trkpt lat="39.818188017234206" lon="2.888531992211938">
<ele>542</ele>
</trkpt>
<trkpt lat="39.818316008895636" lon="2.888521011918783">
<ele>541</ele>
</trkpt>
<trkpt lat="39.818495968356729" lon="2.888531992211938">
<ele>539</ele>
</trkpt>
<trkpt lat="39.81862798333168" lon="2.88847197778523">
<ele>538</ele>
</trkpt>
<trkpt lat="39.818679029121995" lon="2.888419004157186">
<ele>536</ele>
</trkpt>
<trkpt lat="39.818762009963393" lon="2.888259999454022">
<ele>535</ele>
</trkpt>
<trkpt lat="39.818825041875243" lon="2.888152962550521">
<ele>533</ele>
</trkpt>
<trkpt lat="39.818844990804791" lon="2.888099988922477">
<ele>534</ele>
</trkpt>
<trkpt lat="39.818919003009796" lon="2.887909971177578">
<ele>532</ele>
</trkpt>
<trkpt lat="39.818979017436504" lon="2.887703021988273">
<ele>530</ele>
</trkpt>
<trkpt lat="39.819011958315969" lon="2.887489032000303">
<ele>529</ele>
</trkpt>
<trkpt lat="39.819026039913297" lon="2.887447960674763">
<ele>528</ele>
</trkpt>
<trkpt lat="39.819085970520973" lon="2.887174040079117">
<ele>528</ele>
</trkpt>
<trkpt lat="39.819090999662876" lon="2.887156018987298">
<ele>526</ele>
</trkpt>
<trkpt lat="39.819117989391088" lon="2.886916967108846">
<ele>525</ele>
</trkpt>
<trkpt lat="39.819106003269553" lon="2.886831974610686">
<ele>524</ele>
</trkpt>
<trkpt lat="39.819050012156367" lon="2.886805990710855">
<ele>524</ele>
</trkpt>
<trkpt lat="39.818861000239849" lon="2.886708006262779">
<ele>522</ele>
</trkpt>
<trkpt lat="39.818725967779756" lon="2.886638017371297">
<ele>522</ele>
</trkpt>
<trkpt lat="39.818589007481933" lon="2.886584037914872">
<ele>520</ele>
</trkpt>
<trkpt lat="39.818559000268579" lon="2.886561993509531">
<ele>519</ele>
</trkpt>
<trkpt lat="39.818409970030189" lon="2.886457974091172">
<ele>519</ele>
</trkpt>
<trkpt lat="39.81828399002552" lon="2.886363007128239">
<ele>517</ele>
</trkpt>
<trkpt lat="39.818122973665595" lon="2.88628002628684">
<ele>517</ele>
</trkpt>
<trkpt lat="39.81800596229732" lon="2.886212971061468">
<ele>515</ele>
</trkpt>
<trkpt lat="39.817929016426206" lon="2.886126972734928">
<ele>515</ele>
</trkpt>
<trkpt lat="39.817761965095997" lon="2.885988000780344">
<ele>513</ele>
</trkpt>
<trkpt lat="39.817756013944745" lon="2.885974003002048">
<ele>513</ele>
</trkpt>
<trkpt lat="39.817754002287984" lon="2.885760013014078">
<ele>511</ele>
</trkpt>
<trkpt lat="39.817863972857594" lon="2.88580602966249">
<ele>510</ele>
</trkpt>
<trkpt lat="39.817914012819529" lon="2.885816004127264">
<ele>509</ele>
</trkpt>
<trkpt lat="39.818054996430874" lon="2.885900996625423">
<ele>507</ele>
</trkpt>
<trkpt lat="39.818189023062587" lon="2.885965034365654">
<ele>507</ele>
</trkpt>
<trkpt lat="39.818264041095972" lon="2.885989006608725">
<ele>505</ele>
</trkpt>
<trkpt lat="39.818419022485614" lon="2.886049021035433">
<ele>505</ele>
</trkpt>
<trkpt lat="39.818456992506981" lon="2.886018007993698">
<ele>503</ele>
</trkpt>
<trkpt lat="39.818456992506981" lon="2.885834025219083">
<ele>503</ele>
</trkpt>
<trkpt lat="39.818366970866919" lon="2.885692035779357">
<ele>501</ele>
</trkpt>
<trkpt lat="39.81830301694572" lon="2.885520039126277">
<ele>501</ele>
</trkpt>
<trkpt lat="39.818301005288959" lon="2.885427000001073">
<ele>500</ele>
</trkpt>
<trkpt lat="39.81836898252368" lon="2.885288028046489">
<ele>498</ele>
</trkpt>
<trkpt lat="39.818464033305645" lon="2.885155007243156">
<ele>498</ele>
</trkpt>
<trkpt lat="39.818556988611817" lon="2.885017041116953">
<ele>497</ele>
</trkpt>
<trkpt lat="39.818593030795455" lon="2.884963983669877">
<ele>497</ele>
</trkpt>
<trkpt lat="39.818740971386433" lon="2.884795004501939">
<ele>495</ele>
</trkpt>
<trkpt lat="39.81882001273334" lon="2.884655026718974">
<ele>495</ele>
</trkpt>
<trkpt lat="39.818861000239849" lon="2.884601969271898">
<ele>494</ele>
</trkpt>
<trkpt lat="39.818966025486588" lon="2.884473977610469">
<ele>495</ele>
</trkpt>
<trkpt lat="39.818978011608124" lon="2.884441958740354">
<ele>494</ele>
</trkpt>
<trkpt lat="39.819012964144349" lon="2.884404994547367">
<ele>496</ele>
</trkpt>
<trkpt lat="39.81907700188458" lon="2.884271973744035">
<ele>495</ele>
</trkpt>
<trkpt lat="39.819172974675894" lon="2.884137025102973">
<ele>494</ele>
</trkpt>
<trkpt lat="39.819251010194421" lon="2.884007021784782">
<ele>495</ele>
</trkpt>
<trkpt lat="39.819363998249173" lon="2.883824966847897">
<ele>494</ele>
</trkpt>
<trkpt lat="39.819383025169373" lon="2.883800994604826">
<ele>495</ele>
</trkpt>
<trkpt lat="39.819471035152674" lon="2.883720025420189">
<ele>494</ele>
</trkpt>
<trkpt lat="39.81948796659708" lon="2.883720025420189">
<ele>494</ele>
</trkpt>
<trkpt lat="39.819677984341979" lon="2.88363503292203">
<ele>492</ele>
</trkpt>
<trkpt lat="39.81974202208221" lon="2.883726982399821">
<ele>492</ele>
</trkpt>
<trkpt lat="39.819847969338298" lon="2.883780039846897">
<ele>490</ele>
</trkpt>
<trkpt lat="39.819905972108245" lon="2.883799988776445">
<ele>489</ele>
</trkpt>
<trkpt lat="39.81995701789856" lon="2.8839370328933">
<ele>489</ele>
</trkpt>
<trkpt lat="39.81995701789856" lon="2.884070975705981">
<ele>487</ele>
</trkpt>
<trkpt lat="39.820037987083197" lon="2.884154040366411">
<ele>487</ele>
</trkpt>
<trkpt lat="39.820132032036781" lon="2.884193016216159">
<ele>485</ele>
</trkpt>
<trkpt lat="39.82023898512125" lon="2.884255964308977">
<ele>485</ele>
</trkpt>
<trkpt lat="39.820304028689861" lon="2.884294018149376">
<ele>484</ele>
</trkpt>
<trkpt lat="39.820403018966317" lon="2.884349003434181">
<ele>483</ele>
</trkpt>
<trkpt lat="39.820456998422742" lon="2.884379010647535">
<ele>482</ele>
</trkpt>
<trkpt lat="39.820475019514561" lon="2.884401977062225">
<ele>481</ele>
</trkpt>
<trkpt lat="39.820550037547946" lon="2.884532986208797">
<ele>480</ele>
</trkpt>
</trkseg>
</trk>
</gpx>
