<?xml version="1.0" encoding="UTF-8"?>
<gpx version="1.1"
creator="Smartprofil-Office - http://www.rother.de"
xmlns:xsi="http://www.w3.org/2001/XMLSchema-instance"
xmlns="http://www.topografix.com/GPX/1/1"
xsi:schemaLocation="http://www.topografix.com/GPX/1/1 http://www.topografix.com/GPX/1/1/gpx.xsd">
<metadata>

<bounds minlat="39.820350967347622" minlon="2.841240037232637" maxlat="39.866009959951043" maxlon="2.897340031340718"/>
</metadata>
<wpt lat="39.820350967347622" lon="2.88428395986557">
<ele>480</ele>
<name>45_Lluc (1)</name>
<cmt></cmt>
<desc></desc>
<sym>Crossing</sym>
</wpt>

<wpt lat="39.848202019929886" lon="2.896165978163481">
<ele>509</ele>
<name>45_MA-10-km 15,3 (2)</name>
<cmt></cmt>
<desc></desc>
<sym>Crossing</sym>
</wpt>

<wpt lat="39.855094039812684" lon="2.888804990798235">
<ele>499</ele>
<name>45_Finca Mossa (3)</name>
<cmt></cmt>
<desc></desc>
<sym>Crossing</sym>
</wpt>

<wpt lat="39.856624994426966" lon="2.880440019071102">
<ele>623</ele>
<name>45_Coll des Ases (4)</name>
<cmt></cmt>
<desc></desc>
<sym>Crossing</sym>
</wpt>

<wpt lat="39.865999985486269" lon="2.862828969955444">
<ele>680</ele>
<name>45_Pas d’en Segarra (5)</name>
<cmt></cmt>
<desc></desc>
<sym>Crossing</sym>
</wpt>

<wpt lat="39.845984000712633" lon="2.848047986626625">
<ele>528</ele>
<name>45_Es Cosconar (6)</name>
<cmt></cmt>
<desc></desc>
<sym>Crossing</sym>
</wpt>

<wpt lat="39.83783695846796" lon="2.87727601826191">
<ele>336</ele>
<name>45_Son Llobera (7)</name>
<cmt></cmt>
<desc></desc>
<sym>Crossing</sym>
</wpt>

<wpt lat="39.828535979613662" lon="2.876550983637571">
<ele>375</ele>
<name>45_Albarca (8)</name>
<cmt></cmt>
<desc></desc>
<sym>Crossing</sym>
</wpt>

<trk>
<name>Mal_45_Puig Roig</name>
<trkseg>
<trkpt lat="39.820350967347622" lon="2.88428395986557">
<ele>480</ele>
</trkpt>
<trkpt lat="39.820372005924582" lon="2.884287983179092">
<ele>479</ele>
</trkpt>
<trkpt lat="39.820406036451459" lon="2.884308015927672">
<ele>478</ele>
</trkpt>
<trkpt lat="39.820530004799366" lon="2.884415974840522">
<ele>478</ele>
</trkpt>
<trkpt lat="39.820555988699198" lon="2.884436007589102">
<ele>477</ele>
</trkpt>
<trkpt lat="39.820651961490512" lon="2.884555030614138">
<ele>476</ele>
</trkpt>
<trkpt lat="39.820765033364296" lon="2.884660977870226">
<ele>475</ele>
</trkpt>
<trkpt lat="39.820870980620384" lon="2.884826017543674">
<ele>474</ele>
</trkpt>
<trkpt lat="39.820891013368964" lon="2.884886031970382">
<ele>474</ele>
</trkpt>
<trkpt lat="39.820911968126893" lon="2.884988961741328">
<ele>473</ele>
</trkpt>
<trkpt lat="39.820961002260447" lon="2.885154001414776">
<ele>472</ele>
</trkpt>
<trkpt lat="39.820992015302181" lon="2.885236982256174">
<ele>472</ele>
</trkpt>
<trkpt lat="39.821036020293832" lon="2.885403027758002">
<ele>472</ele>
</trkpt>
<trkpt lat="39.821069967001677" lon="2.88548500277102">
<ele>472</ele>
</trkpt>
<trkpt lat="39.821178009733558" lon="2.885694969445467">
<ele>472</ele>
</trkpt>
<trkpt lat="39.821254033595324" lon="2.88584902882576">
<ele>472</ele>
</trkpt>
<trkpt lat="39.821346988901496" lon="2.886005016043782">
<ele>471</ele>
</trkpt>
<trkpt lat="39.821365009993315" lon="2.886050026863813">
<ele>471</ele>
</trkpt>
<trkpt lat="39.821460982784629" lon="2.886268962174654">
<ele>471</ele>
</trkpt>
<trkpt lat="39.821547986939549" lon="2.886437019333243">
<ele>471</ele>
</trkpt>
<trkpt lat="39.821584029123187" lon="2.886535003781319">
<ele>471</ele>
</trkpt>
<trkpt lat="39.821689976379275" lon="2.886741030961275">
<ele>471</ele>
</trkpt>
<trkpt lat="39.821775974705815" lon="2.886944962665439">
<ele>471</ele>
</trkpt>
<trkpt lat="39.821850992739201" lon="2.887088041752577">
<ele>471</ele>
</trkpt>
<trkpt lat="39.821872031316161" lon="2.887132968753576">
<ele>471</ele>
</trkpt>
<trkpt lat="39.821954006329179" lon="2.887278981506825">
<ele>472</ele>
</trkpt>
<trkpt lat="39.821972027420998" lon="2.887322986498475">
<ele>472</ele>
</trkpt>
<trkpt lat="39.822030030190945" lon="2.88741996511817">
<ele>472</ele>
</trkpt>
<trkpt lat="39.822132959961891" lon="2.887327009811997">
<ele>472</ele>
</trkpt>
<trkpt lat="39.822219964116812" lon="2.887234976515174">
<ele>472</ele>
</trkpt>
<trkpt lat="39.822225999087095" lon="2.887270012870431">
<ele>472</ele>
</trkpt>
<trkpt lat="39.822260029613972" lon="2.887327009811997">
<ele>472</ele>
</trkpt>
<trkpt lat="39.822297999635339" lon="2.88746397010982">
<ele>472</ele>
</trkpt>
<trkpt lat="39.822304034605622" lon="2.887474028393626">
<ele>472</ele>
</trkpt>
<trkpt lat="39.822334041818976" lon="2.887663040310144">
<ele>472</ele>
</trkpt>
<trkpt lat="39.822358014062047" lon="2.887841993942857">
<ele>472</ele>
</trkpt>
<trkpt lat="39.822334041818976" lon="2.888055983930826">
<ele>471</ele>
</trkpt>
<trkpt lat="39.822359019890428" lon="2.888266034424305">
<ele>471</ele>
</trkpt>
<trkpt lat="39.82236597687006" lon="2.888370975852013">
<ele>471</ele>
</trkpt>
<trkpt lat="39.822378968819976" lon="2.888537021353841">
<ele>471</ele>
</trkpt>
<trkpt lat="39.822404030710459" lon="2.888674987480044">
<ele>471</ele>
</trkpt>
<trkpt lat="39.822432026267052" lon="2.888818988576531">
<ele>472</ele>
</trkpt>
<trkpt lat="39.822457004338503" lon="2.8890710324049">
<ele>473</ele>
</trkpt>
<trkpt lat="39.822491034865379" lon="2.889205981045961">
<ele>473</ele>
</trkpt>
<trkpt lat="39.822526993229985" lon="2.889362974092364">
<ele>474</ele>
</trkpt>
<trkpt lat="39.822565969079733" lon="2.889389041811228">
<ele>475</ele>
</trkpt>
<trkpt lat="39.822673005983233" lon="2.889377977699041">
<ele>476</ele>
</trkpt>
<trkpt lat="39.822707958519459" lon="2.889326009899378">
<ele>477</ele>
</trkpt>
<trkpt lat="39.822761015966535" lon="2.889302959665656">
<ele>477</ele>
</trkpt>
<trkpt lat="39.822866041213274" lon="2.889313017949462">
<ele>478</ele>
</trkpt>
<trkpt lat="39.82292496599257" lon="2.889276975765824">
<ele>479</ele>
</trkpt>
<trkpt lat="39.823000989854336" lon="2.889302037656307">
<ele>482</ele>
</trkpt>
<trkpt lat="39.823063015937805" lon="2.889358028769493">
<ele>485</ele>
</trkpt>
<trkpt lat="39.823129987344146" lon="2.889386024326086">
<ele>488</ele>
</trkpt>
<trkpt lat="39.823274994269013" lon="2.889503035694361">
<ele>491</ele>
</trkpt>
<trkpt lat="39.823274994269013" lon="2.889503035694361">
<ele>494</ele>
</trkpt>
<trkpt lat="39.823431987315416" lon="2.889548968523741">
<ele>497</ele>
</trkpt>
<trkpt lat="39.823512034490705" lon="2.889548968523741">
<ele>500</ele>
</trkpt>
<trkpt lat="39.823637008666992" lon="2.889602025970817">
<ele>503</ele>
</trkpt>
<trkpt lat="39.823753014206886" lon="2.889615017920733">
<ele>506</ele>
</trkpt>
<trkpt lat="39.823860973119736" lon="2.889627004042268">
<ele>509</ele>
</trkpt>
<trkpt lat="39.823939008638263" lon="2.88963002152741">
<ele>511</ele>
</trkpt>
<trkpt lat="39.82406297698617" lon="2.889604959636927">
<ele>512</ele>
</trkpt>
<trkpt lat="39.824113016948104" lon="2.889574030414224">
<ele>514</ele>
</trkpt>
<trkpt lat="39.824287025257945" lon="2.889553997665644">
<ele>516</ele>
</trkpt>
<trkpt lat="39.824401019141078" lon="2.889556009322405">
<ele>518</ele>
</trkpt>
<trkpt lat="39.824466984719038" lon="2.889536982402206">
<ele>519</ele>
</trkpt>
<trkpt lat="39.824488023295999" lon="2.88952399045229">
<ele>521</ele>
</trkpt>
<trkpt lat="39.824626995250583" lon="2.889479985460639">
<ele>523</ele>
</trkpt>
<trkpt lat="39.82464199885726" lon="2.889450984075666">
<ele>524</ele>
</trkpt>
<trkpt lat="39.824759010225534" lon="2.889403961598873">
<ele>526</ele>
</trkpt>
<trkpt lat="39.824887001886964" lon="2.889361968263984">
<ele>527</ele>
</trkpt>
<trkpt lat="39.825155977159739" lon="2.889346964657307">
<ele>527</ele>
</trkpt>
<trkpt lat="39.825382037088275" lon="2.88935199379921">
<ele>528</ele>
</trkpt>
<trkpt lat="39.825496030971408" lon="2.889331039041281">
<ele>528</ele>
</trkpt>
<trkpt lat="39.825598960742354" lon="2.889278987422586">
<ele>529</ele>
</trkpt>
<trkpt lat="39.825698034837842" lon="2.8892229963094">
<ele>530</ele>
</trkpt>
<trkpt lat="39.825747990980744" lon="2.889191983267665">
<ele>530</ele>
</trkpt>
<trkpt lat="39.825881011784077" lon="2.889126017689705">
<ele>531</ele>
</trkpt>
<trkpt lat="39.825933985412121" lon="2.889105984941125">
<ele>531</ele>
</trkpt>
<trkpt lat="39.82605803757906" lon="2.889080001041293">
<ele>532</ele>
</trkpt>
<trkpt lat="39.826159961521626" lon="2.889057034626603">
<ele>532</ele>
</trkpt>
<trkpt lat="39.826262975111604" lon="2.889005988836289">
<ele>531</ele>
</trkpt>
<trkpt lat="39.826314020901918" lon="2.88896600715816">
<ele>531</ele>
</trkpt>
<trkpt lat="39.826513007283211" lon="2.88889903575182">
<ele>531</ele>
</trkpt>
<trkpt lat="39.82657696120441" lon="2.888914039358497">
<ele>530</ele>
</trkpt>
<trkpt lat="39.82659799978137" lon="2.888912027701736">
<ele>530</ele>
</trkpt>
<trkpt lat="39.826609985902905" lon="2.888925019651651">
<ele>530</ele>
</trkpt>
<trkpt lat="39.826609985902905" lon="2.888925019651651">
<ele>530</ele>
</trkpt>
<trkpt lat="39.826751975342631" lon="2.889186032116413">
<ele>529</ele>
</trkpt>
<trkpt lat="39.826826993376017" lon="2.889366997405887">
<ele>529</ele>
</trkpt>
<trkpt lat="39.826864963397384" lon="2.889565983787179">
<ele>529</ele>
</trkpt>
<trkpt lat="39.826915003359318" lon="2.889664974063635">
<ele>529</ele>
</trkpt>
<trkpt lat="39.826972000300884" lon="2.889714008197188">
<ele>529</ele>
</trkpt>
<trkpt lat="39.827094962820411" lon="2.889791959896684">
<ele>529</ele>
</trkpt>
<trkpt lat="39.827104015275836" lon="2.889800006523728">
<ele>530</ele>
</trkpt>
<trkpt lat="39.827238963916898" lon="2.889921963214874">
<ele>530</ele>
</trkpt>
<trkpt lat="39.827394029125571" lon="2.889956999570131">
<ele>530</ele>
</trkpt>
<trkpt lat="39.827394029125571" lon="2.889956999570131">
<ele>530</ele>
</trkpt>
<trkpt lat="39.827497964724898" lon="2.889998992905021">
<ele>530</ele>
</trkpt>
<trkpt lat="39.827551022171974" lon="2.890054984018207">
<ele>530</ele>
</trkpt>
<trkpt lat="39.827613970264792" lon="2.890177024528384">
<ele>529</ele>
</trkpt>
<trkpt lat="39.827775992453098" lon="2.89034097455442">
<ele>528</ele>
</trkpt>
<trkpt lat="39.827926028519869" lon="2.890553958714008">
<ele>528</ele>
</trkpt>
<trkpt lat="39.827968021854758" lon="2.890697037801147">
<ele>527</ele>
</trkpt>
<trkpt lat="39.827962992712855" lon="2.890803990885615">
<ele>526</ele>
</trkpt>
<trkpt lat="39.827985037118196" lon="2.890899041667581">
<ele>525</ele>
</trkpt>
<trkpt lat="39.828034993261099" lon="2.890956960618496">
<ele>524</ele>
</trkpt>
<trkpt lat="39.828149992972612" lon="2.891011023893952">
<ele>524</ele>
</trkpt>
<trkpt lat="39.828201038762927" lon="2.891034996137023">
<ele>523</ele>
</trkpt>
<trkpt lat="39.828248983249068" lon="2.891185032203794">
<ele>522</ele>
</trkpt>
<trkpt lat="39.828333975747228" lon="2.891258960589767">
<ele>522</ele>
</trkpt>
<trkpt lat="39.828420979902148" lon="2.891340013593435">
<ele>523</ele>
</trkpt>
<trkpt lat="39.828574033454061" lon="2.891499018296599">
<ele>524</ele>
</trkpt>
<trkpt lat="39.8287049587816" lon="2.891631033271551">
<ele>524</ele>
</trkpt>
<trkpt lat="39.828762961551547" lon="2.891700016334653">
<ele>524</ele>
</trkpt>
<trkpt lat="39.828797997906804" lon="2.891816021874547">
<ele>525</ele>
</trkpt>
<trkpt lat="39.828910985961556" lon="2.891931021586061">
<ele>526</ele>
</trkpt>
<trkpt lat="39.829043000936508" lon="2.892030011862516">
<ele>526</ele>
</trkpt>
<trkpt lat="39.829098992049694" lon="2.892119027674198">
<ele>526</ele>
</trkpt>
<trkpt lat="39.829088011756539" lon="2.892278032377362">
<ele>527</ele>
</trkpt>
<trkpt lat="39.829130005091429" lon="2.892307033762336">
<ele>528</ele>
</trkpt>
<trkpt lat="39.829179961234331" lon="2.892330000177026">
<ele>530</ele>
</trkpt>
<trkpt lat="39.829266965389252" lon="2.892353972420096">
<ele>532</ele>
</trkpt>
<trkpt lat="39.82928398065269" lon="2.892372999340296">
<ele>533</ele>
</trkpt>
<trkpt lat="39.829349024221301" lon="2.892480036243796">
<ele>534</ele>
</trkpt>
<trkpt lat="39.829403003677726" lon="2.892572991549969">
<ele>536</ele>
</trkpt>
<trkpt lat="39.82945597730577" lon="2.892680028453469">
<ele>538</ele>
</trkpt>
<trkpt lat="39.829512974247336" lon="2.892797961831093">
<ele>539</ele>
</trkpt>
<trkpt lat="39.829527977854013" lon="2.892952021211386">
<ele>540</ele>
</trkpt>
<trkpt lat="39.829466035589576" lon="2.893013963475823">
<ele>542</ele>
</trkpt>
<trkpt lat="39.829303007572889" lon="2.893002983182669">
<ele>543</ele>
</trkpt>
<trkpt lat="39.829179039224982" lon="2.892989991232753">
<ele>545</ele>
</trkpt>
<trkpt lat="39.829160012304783" lon="2.89298202842474">
<ele>546</ele>
</trkpt>
<trkpt lat="39.829133022576571" lon="2.893139021471143">
<ele>547</ele>
</trkpt>
<trkpt lat="39.829266965389252" lon="2.893304983153939">
<ele>548</ele>
</trkpt>
<trkpt lat="39.829342989251018" lon="2.893426017835736">
<ele>550</ele>
</trkpt>
<trkpt lat="39.829367967322469" lon="2.893468011170626">
<ele>551</ele>
</trkpt>
<trkpt lat="39.829537030309439" lon="2.893626010045409">
<ele>552</ele>
</trkpt>
<trkpt lat="39.829620011150837" lon="2.893717959523201">
<ele>554</ele>
</trkpt>
<trkpt lat="39.829682959243655" lon="2.893882999196649">
<ele>555</ele>
</trkpt>
<trkpt lat="39.829746996983886" lon="2.893952988088131">
<ele>555</ele>
</trkpt>
<trkpt lat="39.829831989482045" lon="2.894044015556574">
<ele>554</ele>
</trkpt>
<trkpt lat="39.82992896810174" lon="2.894147029146552">
<ele>554</ele>
</trkpt>
<trkpt lat="39.829942965880036" lon="2.894167983904481">
<ele>553</ele>
</trkpt>
<trkpt lat="39.830051008611917" lon="2.89429203607142">
<ele>553</ele>
</trkpt>
<trkpt lat="39.830152010545135" lon="2.894433019682765">
<ele>553</ele>
</trkpt>
<trkpt lat="39.830171959474683" lon="2.894493034109473">
<ele>552</ele>
</trkpt>
<trkpt lat="39.83022702857852" lon="2.89466000162065">
<ele>552</ele>
</trkpt>
<trkpt lat="39.830290982499719" lon="2.894791010767222">
<ele>551</ele>
</trkpt>
<trkpt lat="39.830302968621254" lon="2.894802996888757">
<ele>551</ele>
</trkpt>
<trkpt lat="39.830415034666657" lon="2.894914979115129">
<ele>551</ele>
</trkpt>
<trkpt lat="39.830521987751126" lon="2.895017992705107">
<ele>552</ele>
</trkpt>
<trkpt lat="39.830651991069317" lon="2.895120000466704">
<ele>552</ele>
</trkpt>
<trkpt lat="39.830664983019233" lon="2.895125029608607">
<ele>552</ele>
</trkpt>
<trkpt lat="39.830759027972817" lon="2.89519602432847">
<ele>552</ele>
</trkpt>
<trkpt lat="39.830772019922733" lon="2.895205998793244">
<ele>553</ele>
</trkpt>
<trkpt lat="39.830850977450609" lon="2.8953049890697">
<ele>553</ele>
</trkpt>
<trkpt lat="39.830934964120388" lon="2.895435998216271">
<ele>553</ele>
</trkpt>
<trkpt lat="39.830944016575813" lon="2.895570024847984">
<ele>554</ele>
</trkpt>
<trkpt lat="39.830880984663963" lon="2.895632972940803">
<ele>554</ele>
</trkpt>
<trkpt lat="39.830899005755782" lon="2.895681001245976">
<ele>554</ele>
</trkpt>
<trkpt lat="39.831072008237243" lon="2.895636996254325">
<ele>554</ele>
</trkpt>
<trkpt lat="39.831192959100008" lon="2.895612018182874">
<ele>554</ele>
</trkpt>
<trkpt lat="39.83132497407496" lon="2.895592991262674">
<ele>554</ele>
</trkpt>
<trkpt lat="39.831442991271615" lon="2.895576981827617">
<ele>554</ele>
</trkpt>
<trkpt lat="39.8315370362252" lon="2.89556197822094">
<ele>554</ele>
</trkpt>
<trkpt lat="39.831670979037881" lon="2.895572036504746">
<ele>554</ele>
</trkpt>
<trkpt lat="39.831773992627859" lon="2.895598020404577">
<ele>554</ele>
</trkpt>
<trkpt lat="39.831858985126019" lon="2.895613024011254">
<ele>554</ele>
</trkpt>
<trkpt lat="39.832038022577763" lon="2.89564898237586">
<ele>554</ele>
</trkpt>
<trkpt lat="39.832151010632515" lon="2.895677983760834">
<ele>553</ele>
</trkpt>
<trkpt lat="39.832176994532347" lon="2.895684018731117">
<ele>552</ele>
</trkpt>
<trkpt lat="39.83244395814836" lon="2.89573104120791">
<ele>552</ele>
</trkpt>
<trkpt lat="39.832595000043511" lon="2.895764987915754">
<ele>551</ele>
</trkpt>
<trkpt lat="39.832715028896928" lon="2.895792983472347">
<ele>550</ele>
</trkpt>
<trkpt lat="39.832876967266202" lon="2.895828019827604">
<ele>549</ele>
</trkpt>
<trkpt lat="39.832946034148335" lon="2.895839000120759">
<ele>548</ele>
</trkpt>
<trkpt lat="39.833089029416442" lon="2.895868001505733">
<ele>548</ele>
</trkpt>
<trkpt lat="39.833216015249491" lon="2.895893985405564">
<ele>547</ele>
</trkpt>
<trkpt lat="39.833390023559332" lon="2.895899014547467">
<ele>546</ele>
</trkpt>
<trkpt lat="39.833552967756987" lon="2.895902032032609">
<ele>545</ele>
</trkpt>
<trkpt lat="39.83360099606216" lon="2.895881999284029">
<ele>545</ele>
</trkpt>
<trkpt lat="39.833696968853474" lon="2.895877975970507">
<ele>544</ele>
</trkpt>
<trkpt lat="39.833760000765324" lon="2.89586397819221">
<ele>544</ele>
</trkpt>
<trkpt lat="39.833857985213399" lon="2.895852997899056">
<ele>543</ele>
</trkpt>
<trkpt lat="39.833969967439771" lon="2.895835982635617">
<ele>542</ele>
</trkpt>
<trkpt lat="39.834109023213387" lon="2.89581703953445">
<ele>542</ele>
</trkpt>
<trkpt lat="39.834121009334922" lon="2.89581703953445">
<ele>541</ele>
</trkpt>
<trkpt lat="39.834227040410042" lon="2.89582097902894">
<ele>541</ele>
</trkpt>
<trkpt lat="39.834252018481493" lon="2.89581703953445">
<ele>540</ele>
</trkpt>
<trkpt lat="39.834416974335909" lon="2.895823996514082">
<ele>539</ele>
</trkpt>
<trkpt lat="39.834458967670798" lon="2.895808992907405">
<ele>539</ele>
</trkpt>
<trkpt lat="39.834503978490829" lon="2.895814022049308">
<ele>538</ele>
</trkpt>
<trkpt lat="39.834629036486149" lon="2.895851992070675">
<ele>538</ele>
</trkpt>
<trkpt lat="39.834644040092826" lon="2.895858027040958">
<ele>537</ele>
</trkpt>
<trkpt lat="39.834793992340565" lon="2.895940002053976">
<ele>536</ele>
</trkpt>
<trkpt lat="39.834923995658755" lon="2.896063970401883">
<ele>536</ele>
</trkpt>
<trkpt lat="39.83499800786376" lon="2.896167989820242">
<ele>535</ele>
</trkpt>
<trkpt lat="39.835081994533539" lon="2.896267985925078">
<ele>535</ele>
</trkpt>
<trkpt lat="39.83512700535357" lon="2.896315008401871">
<ele>534</ele>
</trkpt>
<trkpt lat="39.835205040872097" lon="2.896382985636592">
<ele>533</ele>
</trkpt>
<trkpt lat="39.835323980078101" lon="2.896517012268305">
<ele>533</ele>
</trkpt>
<trkpt lat="39.835437973961234" lon="2.896638968959451">
<ele>532</ele>
</trkpt>
<trkpt lat="39.835524978116155" lon="2.896707030013204">
<ele>532</ele>
</trkpt>
<trkpt lat="39.835540987551212" lon="2.896712981164455">
<ele>531</ele>
</trkpt>
<trkpt lat="39.83574902638793" lon="2.896810965612531">
<ele>530</ele>
</trkpt>
<trkpt lat="39.835885986685753" lon="2.896846001967788">
<ele>530</ele>
</trkpt>
<trkpt lat="39.835978019982576" lon="2.896881038323045">
<ele>529</ele>
</trkpt>
<trkpt lat="39.836013978347182" lon="2.89689302444458">
<ele>529</ele>
</trkpt>
<trkpt lat="39.836199972778559" lon="2.896949015557766">
<ele>528</ele>
</trkpt>
<trkpt lat="39.83635101467371" lon="2.896984973922372">
<ele>528</ele>
</trkpt>
<trkpt lat="39.836415974423289" lon="2.897011041641235">
<ele>527</ele>
</trkpt>
<trkpt lat="39.836585037410259" lon="2.897093016654253">
<ele>526</ele>
</trkpt>
<trkpt lat="39.836613032966852" lon="2.897103996947408">
<ele>526</ele>
</trkpt>
<trkpt lat="39.836753010749817" lon="2.897160993888974">
<ele>526</ele>
</trkpt>
<trkpt lat="39.836767008528113" lon="2.897167028859258">
<ele>525</ele>
</trkpt>
<trkpt lat="39.836924001574516" lon="2.897228971123695">
<ele>524</ele>
</trkpt>
<trkpt lat="39.836934981867671" lon="2.897234000265598">
<ele>524</ele>
</trkpt>
<trkpt lat="39.837090969085693" lon="2.897286973893642">
<ele>524</ele>
</trkpt>
<trkpt lat="39.83721099793911" lon="2.897329973056912">
<ele>523</ele>
</trkpt>
<trkpt lat="39.837278975173831" lon="2.897329973056912">
<ele>522</ele>
</trkpt>
<trkpt lat="39.837436974048615" lon="2.897340031340718">
<ele>522</ele>
</trkpt>
<trkpt lat="39.837526995688677" lon="2.897329973056912">
<ele>521</ele>
</trkpt>
<trkpt lat="39.837562032043934" lon="2.897321004420519">
<ele>521</ele>
</trkpt>
<trkpt lat="39.837752971798182" lon="2.897243974730372">
<ele>520</ele>
</trkpt>
<trkpt lat="39.837792031466961" lon="2.897242968901992">
<ele>519</ele>
</trkpt>
<trkpt lat="39.83792002312839" lon="2.89719301275909">
<ele>519</ele>
</trkpt>
<trkpt lat="39.837951958179474" lon="2.897183960303664">
<ele>518</ele>
</trkpt>
<trkpt lat="39.838125966489315" lon="2.897117994725704">
<ele>518</ele>
</trkpt>
<trkpt lat="39.838198972865939" lon="2.897099973633885">
<ele>517</ele>
</trkpt>
<trkpt lat="39.838427966460586" lon="2.897012969478965">
<ele>517</ele>
</trkpt>
<trkpt lat="39.838440036401153" lon="2.897007018327713">
<ele>516</ele>
</trkpt>
<trkpt lat="39.838554030284286" lon="2.896976005285978">
<ele>516</ele>
</trkpt>
<trkpt lat="39.838653020560741" lon="2.896945998072624">
<ele>515</ele>
</trkpt>
<trkpt lat="39.838722003623843" lon="2.896949015557766">
<ele>515</ele>
</trkpt>
<trkpt lat="39.838889976963401" lon="2.896901993080974">
<ele>515</ele>
</trkpt>
<trkpt lat="39.838989973068237" lon="2.896878020837903">
<ele>514</ele>
</trkpt>
<trkpt lat="39.83910103328526" lon="2.896840972825885">
<ele>514</ele>
</trkpt>
<trkpt lat="39.839178984984756" lon="2.896809037774801">
<ele>513</ele>
</trkpt>
<trkpt lat="39.839334972202778" lon="2.896747011691332">
<ele>513</ele>
</trkpt>
<trkpt lat="39.839433962479234" lon="2.89672002196312">
<ele>512</ele>
</trkpt>
<trkpt lat="39.839572012424469" lon="2.896680040284991">
<ele>511</ele>
</trkpt>
<trkpt lat="39.839667985215783" lon="2.896641986444593">
<ele>510</ele>
</trkpt>
<trkpt lat="39.839873006567359" lon="2.896598987281323">
<ele>509</ele>
</trkpt>
<trkpt lat="39.839909970760345" lon="2.896596975624561">
<ele>508</ele>
</trkpt>
<trkpt lat="39.84006897546351" lon="2.896550036966801">
<ele>507</ele>
</trkpt>
<trkpt lat="39.840181963518262" lon="2.896507037803531">
<ele>506</ele>
</trkpt>
<trkpt lat="39.84019797295332" lon="2.896503014490008">
<ele>505</ele>
</trkpt>
<trkpt lat="39.84030400402844" lon="2.896444005891681">
<ele>504</ele>
</trkpt>
<trkpt lat="39.840544983744621" lon="2.896375022828579">
<ele>503</ele>
</trkpt>
<trkpt lat="39.840598041191697" lon="2.89635599590838">
<ele>503</ele>
</trkpt>
<trkpt lat="39.840701976791024" lon="2.896335041150451">
<ele>502</ele>
</trkpt>
<trkpt lat="39.840831980109215" lon="2.896309979259968">
<ele>502</ele>
</trkpt>
<trkpt lat="39.841029960662127" lon="2.896251976490021">
<ele>502</ele>
</trkpt>
<trkpt lat="39.841186031699181" lon="2.896192967891693">
<ele>502</ele>
</trkpt>
<trkpt lat="39.841361967846751" lon="2.896162960678339">
<ele>501</ele>
</trkpt>
<trkpt lat="39.841504963114858" lon="2.896124990656972">
<ele>501</ele>
</trkpt>
<trkpt lat="39.841633960604668" lon="2.896086014807224">
<ele>501</ele>
</trkpt>
<trkpt lat="39.841761030256748" lon="2.896045027300715">
<ele>500</ele>
</trkpt>
<trkpt lat="39.841788019984961" lon="2.896042009815574">
<ele>500</ele>
</trkpt>
<trkpt lat="39.841947024688125" lon="2.895990964025259">
<ele>501</ele>
</trkpt>
<trkpt lat="39.84208800829947" lon="2.895940002053976">
<ele>501</ele>
</trkpt>
<trkpt lat="39.842211976647377" lon="2.895908989012241">
<ele>502</ele>
</trkpt>
<trkpt lat="39.842253969982266" lon="2.895889040082693">
<ele>503</ele>
</trkpt>
<trkpt lat="39.842424960806966" lon="2.895836988463998">
<ele>504</ele>
</trkpt>
<trkpt lat="39.84249503351748" lon="2.895802035927773">
<ele>504</ele>
</trkpt>
<trkpt lat="39.842654960229993" lon="2.895766999572516">
<ele>505</ele>
</trkpt>
<trkpt lat="39.842773983255029" lon="2.895717965438962">
<ele>506</ele>
</trkpt>
<trkpt lat="39.842903986573219" lon="2.895682007074356">
<ele>506</ele>
</trkpt>
<trkpt lat="39.842970035970211" lon="2.89566800929606">
<ele>507</ele>
</trkpt>
<trkpt lat="39.843171034008265" lon="2.895631967112422">
<ele>508</ele>
</trkpt>
<trkpt lat="39.843298019841313" lon="2.895589973777533">
<ele>508</ele>
</trkpt>
<trkpt lat="39.843458030372858" lon="2.895533982664347">
<ele>509</ele>
</trkpt>
<trkpt lat="39.843584010377526" lon="2.895509004592896">
<ele>509</ele>
</trkpt>
<trkpt lat="39.843680988997221" lon="2.895458964630961">
<ele>510</ele>
</trkpt>
<trkpt lat="39.843749972060323" lon="2.895461982116103">
<ele>511</ele>
</trkpt>
<trkpt lat="39.84384804032743" lon="2.89543398655951">
<ele>511</ele>
</trkpt>
<trkpt lat="39.843953987583518" lon="2.895403979346156">
<ele>512</ele>
</trkpt>
<trkpt lat="39.844119027256966" lon="2.895349999889731">
<ele>512</ele>
</trkpt>
<trkpt lat="39.844233021140099" lon="2.895307000726461">
<ele>513</ele>
</trkpt>
<trkpt lat="39.844253975898027" lon="2.895287973806262">
<ele>513</ele>
</trkpt>
<trkpt lat="39.844485986977816" lon="2.895226031541824">
<ele>513</ele>
</trkpt>
<trkpt lat="39.844499984756112" lon="2.89521798491478">
<ele>514</ele>
</trkpt>
<trkpt lat="39.844637028872967" lon="2.89519602432847">
<ele>514</ele>
</trkpt>
<trkpt lat="39.844756973907351" lon="2.895160987973213">
<ele>514</ele>
</trkpt>
<trkpt lat="39.844927964732051" lon="2.895103991031647">
<ele>514</ele>
</trkpt>
<trkpt lat="39.845050005242229" lon="2.895058980211616">
<ele>514</ele>
</trkpt>
<trkpt lat="39.845147989690304" lon="2.895016986876726">
<ele>515</ele>
</trkpt>
<trkpt lat="39.845171961933374" lon="2.894998965784907">
<ele>515</ele>
</trkpt>
<trkpt lat="39.845297019928694" lon="2.894970970228314">
<ele>515</ele>
</trkpt>
<trkpt lat="39.845420988276601" lon="2.894926965236664">
<ele>515</ele>
</trkpt>
<trkpt lat="39.845533976331353" lon="2.894911039620638">
<ele>515</ele>
</trkpt>
<trkpt lat="39.845687029883265" lon="2.894839039072394">
<ele>514</ele>
</trkpt>
<trkpt lat="39.845847962424159" lon="2.894833004102111">
<ele>514</ele>
</trkpt>
<trkpt lat="39.845995986834168" lon="2.894836021587253">
<ele>514</ele>
</trkpt>
<trkpt lat="39.846137976273894" lon="2.894867034628987">
<ele>514</ele>
</trkpt>
<trkpt lat="39.846240989863873" lon="2.894925037398934">
<ele>514</ele>
</trkpt>
<trkpt lat="39.846344003453851" lon="2.894983040168881">
<ele>513</ele>
</trkpt>
<trkpt lat="39.846480041742325" lon="2.895051017403603">
<ele>513</ele>
</trkpt>
<trkpt lat="39.846506025642157" lon="2.895055040717125">
<ele>513</ele>
</trkpt>
<trkpt lat="39.846658995375037" lon="2.895135004073381">
<ele>513</ele>
</trkpt>
<trkpt lat="39.84677198342979" lon="2.895197030156851">
<ele>513</ele>
</trkpt>
<trkpt lat="39.846888994798064" lon="2.89528202265501">
<ele>512</ele>
</trkpt>
<trkpt lat="39.846998965367675" lon="2.895363997668028">
<ele>512</ele>
</trkpt>
<trkpt lat="39.847098961472511" lon="2.895439015701413">
<ele>512</ele>
</trkpt>
<trkpt lat="39.847141960635781" lon="2.895483020693064">
<ele>512</ele>
</trkpt>
<trkpt lat="39.847259977832437" lon="2.895558960735798">
<ele>512</ele>
</trkpt>
<trkpt lat="39.847283028066158" lon="2.895574970170856">
<ele>511</ele>
</trkpt>
<trkpt lat="39.847383024170995" lon="2.895651999861002">
<ele>511</ele>
</trkpt>
<trkpt lat="39.847505986690521" lon="2.895744033157826">
<ele>511</ele>
</trkpt>
<trkpt lat="39.847622998058796" lon="2.895827013999224">
<ele>511</ele>
</trkpt>
<trkpt lat="39.847720982506871" lon="2.895914018154144">
<ele>510</ele>
</trkpt>
<trkpt lat="39.847851991653442" lon="2.896005967631936">
<ele>510</ele>
</trkpt>
<trkpt lat="39.847963973879814" lon="2.896103030070663">
<ele>510</ele>
</trkpt>
<trkpt lat="39.848100012168288" lon="2.896199002861977">
<ele>510</ele>
</trkpt>
<trkpt lat="39.848133958876133" lon="2.896193973720074">
<ele>509</ele>
</trkpt>
<trkpt lat="39.848202019929886" lon="2.896165978163481">
<ele>509</ele>
</trkpt>
<trkpt lat="39.848202019929886" lon="2.896165978163481">
<ele>508</ele>
</trkpt>
<trkpt lat="39.848202019929886" lon="2.896165978163481">
<ele>506</ele>
</trkpt>
<trkpt lat="39.848202019929886" lon="2.896165978163481">
<ele>504</ele>
</trkpt>
<trkpt lat="39.848410980775952" lon="2.896216018125415">
<ele>503</ele>
</trkpt>
<trkpt lat="39.848476024344563" lon="2.896199002861977">
<ele>502</ele>
</trkpt>
<trkpt lat="39.848508965224028" lon="2.896089032292366">
<ele>500</ele>
</trkpt>
<trkpt lat="39.848478036001325" lon="2.895911000669003">
<ele>498</ele>
</trkpt>
<trkpt lat="39.848518017679453" lon="2.895811004564166">
<ele>497</ele>
</trkpt>
<trkpt lat="39.848588006570935" lon="2.895792983472347">
<ele>496</ele>
</trkpt>
<trkpt lat="39.848686996847391" lon="2.895765993744135">
<ele>494</ele>
</trkpt>
<trkpt lat="39.848808031529188" lon="2.895665997639298">
<ele>493</ele>
</trkpt>
<trkpt lat="39.848859999328852" lon="2.895509004592896">
<ele>491</ele>
</trkpt>
<trkpt lat="39.848939040675759" lon="2.895322004333139">
<ele>490</ele>
</trkpt>
<trkpt lat="39.848958989605308" lon="2.895277999341488">
<ele>488</ele>
</trkpt>
<trkpt lat="39.849005006253719" lon="2.895114971324801">
<ele>487</ele>
</trkpt>
<trkpt lat="39.849037025123835" lon="2.894979016855359">
<ele>486</ele>
</trkpt>
<trkpt lat="39.84904901124537" lon="2.894843984395266">
<ele>484</ele>
</trkpt>
<trkpt lat="39.849097961559892" lon="2.894655978307128">
<ele>483</ele>
</trkpt>
<trkpt lat="39.849159987643361" lon="2.89448699913919">
<ele>481</ele>
</trkpt>
<trkpt lat="39.8492840398103" lon="2.894457997754216">
<ele>480</ele>
</trkpt>
<trkpt lat="39.849346987903118" lon="2.894477024674416">
<ele>480</ele>
</trkpt>
<trkpt lat="39.849448995664716" lon="2.89448699913919">
<ele>480</ele>
</trkpt>
<trkpt lat="39.849487971514463" lon="2.894494961947203">
<ele>480</ele>
</trkpt>
<trkpt lat="39.84962903894484" lon="2.89450703188777">
<ele>480</ele>
</trkpt>
<trkpt lat="39.849719982594252" lon="2.894502002745867">
<ele>480</ele>
</trkpt>
<trkpt lat="39.849864989519119" lon="2.894549025222659">
<ele>481</ele>
</trkpt>
<trkpt lat="39.850001027807593" lon="2.894656984135509">
<ele>481</ele>
</trkpt>
<trkpt lat="39.85014796257019" lon="2.894822023808956">
<ele>481</ele>
</trkpt>
<trkpt lat="39.85025298781693" lon="2.89491799660027">
<ele>481</ele>
</trkpt>
<trkpt lat="39.850287018343806" lon="2.89493802934885">
<ele>481</ele>
</trkpt>
<trkpt lat="39.850406041368842" lon="2.894977005198598">
<ele>481</ele>
</trkpt>
<trkpt lat="39.850564040243626" lon="2.895014975219965">
<ele>481</ele>
</trkpt>
<trkpt lat="39.85068297944963" lon="2.895014975219965">
<ele>481</ele>
</trkpt>
<trkpt lat="39.850817006081343" lon="2.894968036562204">
<ele>481</ele>
</trkpt>
<trkpt lat="39.850994031876326" lon="2.894884971901774">
<ele>482</ele>
</trkpt>
<trkpt lat="39.851036025211215" lon="2.894866028800607">
<ele>482</ele>
</trkpt>
<trkpt lat="39.851185977458954" lon="2.894781958311796">
<ele>482</ele>
</trkpt>
<trkpt lat="39.851318998262286" lon="2.894753040745854">
<ele>482</ele>
</trkpt>
<trkpt lat="39.851462999358773" lon="2.894749017432332">
<ele>482</ele>
</trkpt>
<trkpt lat="39.851516978815198" lon="2.894753040745854">
<ele>482</ele>
</trkpt>
<trkpt lat="39.851618986576796" lon="2.894749017432332">
<ele>482</ele>
</trkpt>
<trkpt lat="39.851709008216858" lon="2.894699983298779">
<ele>483</ele>
</trkpt>
<trkpt lat="39.851746978238225" lon="2.894661007449031">
<ele>483</ele>
</trkpt>
<trkpt lat="39.851860972121358" lon="2.894526980817318">
<ele>483</ele>
</trkpt>
<trkpt lat="39.851986030116677" lon="2.894418016076088">
<ele>484</ele>
</trkpt>
<trkpt lat="39.852109998464584" lon="2.894364036619663">
<ele>484</ele>
</trkpt>
<trkpt lat="39.852224998176098" lon="2.894309973344207">
<ele>484</ele>
</trkpt>
<trkpt lat="39.852376962080598" lon="2.894266974180937">
<ele>484</ele>
</trkpt>
<trkpt lat="39.852402023971081" lon="2.894259011372924">
<ele>485</ele>
</trkpt>
<trkpt lat="39.852539990097284" lon="2.89420997723937">
<ele>485</ele>
</trkpt>
<trkpt lat="39.852624982595444" lon="2.894188016653061">
<ele>483</ele>
</trkpt>
<trkpt lat="39.852726990357041" lon="2.894169995561242">
<ele>483</ele>
</trkpt>
<trkpt lat="39.852780969813466" lon="2.894135965034366">
<ele>483</ele>
</trkpt>
<trkpt lat="39.852968975901604" lon="2.894021971151233">
<ele>482</ele>
</trkpt>
<trkpt lat="39.853123035281897" lon="2.893978971987963">
<ele>481</ele>
</trkpt>
<trkpt lat="39.853183971717954" lon="2.893953993916512">
<ele>481</ele>
</trkpt>
<trkpt lat="39.853314980864525" lon="2.893824996426702">
<ele>481</ele>
</trkpt>
<trkpt lat="39.853386981412768" lon="2.893711002543569">
<ele>480</ele>
</trkpt>
<trkpt lat="39.853457976132631" lon="2.893531965091825">
<ele>479</ele>
</trkpt>
<trkpt lat="39.85349602997303" lon="2.893354017287493">
<ele>479</ele>
</trkpt>
<trkpt lat="39.853501981124282" lon="2.893214961513877">
<ele>479</ele>
</trkpt>
<trkpt lat="39.853509021922946" lon="2.89315796457231">
<ele>479</ele>
</trkpt>
<trkpt lat="39.853549003601074" lon="2.892949003726244">
<ele>479</ele>
</trkpt>
<trkpt lat="39.853564007207751" lon="2.892771977931261">
<ele>479</ele>
</trkpt>
<trkpt lat="39.85358202829957" lon="2.89255203679204">
<ele>479</ele>
</trkpt>
<trkpt lat="39.853590996935964" lon="2.892520017921925">
<ele>480</ele>
</trkpt>
<trkpt lat="39.853607006371021" lon="2.892395965754986">
<ele>480</ele>
</trkpt>
<trkpt lat="39.853614969179034" lon="2.892326982691884">
<ele>480</ele>
</trkpt>
<trkpt lat="39.853660985827446" lon="2.892093965783715">
<ele>480</ele>
</trkpt>
<trkpt lat="39.853727035224438" lon="2.891924986615777">
<ele>480</ele>
</trkpt>
<trkpt lat="39.853812027722597" lon="2.891819961369038">
<ele>480</ele>
</trkpt>
<trkpt lat="39.853928033262491" lon="2.891739998012781">
<ele>481</ele>
</trkpt>
<trkpt lat="39.85399198718369" lon="2.891690963879228">
<ele>481</ele>
</trkpt>
<trkpt lat="39.854112016037107" lon="2.891573030501604">
<ele>481</ele>
</trkpt>
<trkpt lat="39.854188961908221" lon="2.891506981104612">
<ele>481</ele>
</trkpt>
<trkpt lat="39.854289963841438" lon="2.891397010535002">
<ele>482</ele>
</trkpt>
<trkpt lat="39.854325000196695" lon="2.891348982229829">
<ele>482</ele>
</trkpt>
<trkpt lat="39.854386020451784" lon="2.891219984740019">
<ele>482</ele>
</trkpt>
<trkpt lat="39.854459026828408" lon="2.891098028048873">
<ele>483</ele>
</trkpt>
<trkpt lat="39.854537984356284" lon="2.890930976718664">
<ele>483</ele>
</trkpt>
<trkpt lat="39.85457100905478" lon="2.890844978392124">
<ele>484</ele>
</trkpt>
<trkpt lat="39.854631023481488" lon="2.890612967312336">
<ele>484</ele>
</trkpt>
<trkpt lat="39.854691959917545" lon="2.890496039763093">
<ele>485</ele>
</trkpt>
<trkpt lat="39.854715010151267" lon="2.890438036993146">
<ele>486</ele>
</trkpt>
<trkpt lat="39.854819029569626" lon="2.890284983441234">
<ele>487</ele>
</trkpt>
<trkpt lat="39.854890024289489" lon="2.890209965407848">
<ele>487</ele>
</trkpt>
<trkpt lat="39.854921037331223" lon="2.89018901064992">
<ele>488</ele>
</trkpt>
<trkpt lat="39.855036037042737" lon="2.890080967918038">
<ele>489</ele>
</trkpt>
<trkpt lat="39.855074007064104" lon="2.89004098623991">
<ele>489</ele>
</trkpt>
<trkpt lat="39.855158999562263" lon="2.889919029548764">
<ele>490</ele>
</trkpt>
<trkpt lat="39.855266958475113" lon="2.889704033732414">
<ele>491</ele>
</trkpt>
<trkpt lat="39.855333007872105" lon="2.889537988230586">
<ele>492</ele>
</trkpt>
<trkpt lat="39.855362009257078" lon="2.889414019882679">
<ele>493</ele>
</trkpt>
<trkpt lat="39.855357985943556" lon="2.889377977699041">
<ele>494</ele>
</trkpt>
<trkpt lat="39.855291014537215" lon="2.889199024066329">
<ele>495</ele>
</trkpt>
<trkpt lat="39.855289002880454" lon="2.889190977439284">
<ele>495</ele>
</trkpt>
<trkpt lat="39.855171991512179" lon="2.888953015208244">
<ele>496</ele>
</trkpt>
<trkpt lat="39.855124969035387" lon="2.888867016881704">
<ele>497</ele>
</trkpt>
<trkpt lat="39.8551070317626" lon="2.888817982748151">
<ele>498</ele>
</trkpt>
<trkpt lat="39.855094039812684" lon="2.888804990798235">
<ele>499</ele>
</trkpt>
<trkpt lat="39.855094961822033" lon="2.888804990798235">
<ele>501</ele>
</trkpt>
<trkpt lat="39.855094961822033" lon="2.888804990798235">
<ele>503</ele>
</trkpt>
<trkpt lat="39.855094961822033" lon="2.888804990798235">
<ele>505</ele>
</trkpt>
<trkpt lat="39.855062020942569" lon="2.888694014400244">
<ele>507</ele>
</trkpt>
<trkpt lat="39.85512999817729" lon="2.888549007475376">
<ele>509</ele>
</trkpt>
<trkpt lat="39.855155982077122" lon="2.888532998040319">
<ele>511</ele>
</trkpt>
<trkpt lat="39.855211973190308" lon="2.888459991663694">
<ele>513</ele>
</trkpt>
<trkpt lat="39.855266036465764" lon="2.888326970860362">
<ele>515</ele>
</trkpt>
<trkpt lat="39.855225970968604" lon="2.888126978650689">
<ele>517</ele>
</trkpt>
<trkpt lat="39.855092028155923" lon="2.888054978102446">
<ele>520</ele>
</trkpt>
<trkpt lat="39.85497803427279" lon="2.888043997809291">
<ele>520</ele>
</trkpt>
<trkpt lat="39.854886000975966" lon="2.88802295923233">
<ele>521</ele>
</trkpt>
<trkpt lat="39.854816012084484" lon="2.887973003089428">
<ele>521</ele>
</trkpt>
<trkpt lat="39.854768989607692" lon="2.887835036963224">
<ele>522</ele>
</trkpt>
<trkpt lat="39.854744011536241" lon="2.887702016159892">
<ele>522</ele>
</trkpt>
<trkpt lat="39.854747029021382" lon="2.887536976486445">
<ele>522</ele>
</trkpt>
<trkpt lat="39.854764966294169" lon="2.887391969561577">
<ele>523</ele>
</trkpt>
<trkpt lat="39.85476597212255" lon="2.887231959030032">
<ele>523</ele>
</trkpt>
<trkpt lat="39.854776030406356" lon="2.887122994288802">
<ele>524</ele>
</trkpt>
<trkpt lat="39.854783993214369" lon="2.887026015669107">
<ele>524</ele>
</trkpt>
<trkpt lat="39.854901004582644" lon="2.886846978217363">
<ele>525</ele>
</trkpt>
<trkpt lat="39.854984991252422" lon="2.886719992384315">
<ele>526</ele>
</trkpt>
<trkpt lat="39.855070989578962" lon="2.886624019593">
<ele>527</ele>
</trkpt>
<trkpt lat="39.855161011219025" lon="2.886542966589332">
<ele>528</ele>
</trkpt>
<trkpt lat="39.855252960696816" lon="2.88653802126646">
<ele>529</ele>
</trkpt>
<trkpt lat="39.85532202757895" lon="2.886584037914872">
<ele>531</ele>
</trkpt>
<trkpt lat="39.855434009805322" lon="2.886631982401013">
<ele>532</ele>
</trkpt>
<trkpt lat="39.855525959283113" lon="2.886658972129226">
<ele>533</ele>
</trkpt>
<trkpt lat="39.855568036437035" lon="2.886670036241412">
<ele>534</ele>
</trkpt>
<trkpt lat="39.855727963149548" lon="2.886716974899173">
<ele>535</ele>
</trkpt>
<trkpt lat="39.855727963149548" lon="2.886716974899173">
<ele>537</ele>
</trkpt>
<trkpt lat="39.855867018923163" lon="2.886770032346249">
<ele>538</ele>
</trkpt>
<trkpt lat="39.855944970622659" lon="2.886761985719204">
<ele>540</ele>
</trkpt>
<trkpt lat="39.856150997802615" lon="2.886742036789656">
<ele>542</ele>
</trkpt>
<trkpt lat="39.856150997802615" lon="2.886742036789656">
<ele>543</ele>
</trkpt>
<trkpt lat="39.856356019154191" lon="2.886724015697837">
<ele>545</ele>
</trkpt>
<trkpt lat="39.856386026367545" lon="2.886653020977974">
<ele>547</ele>
</trkpt>
<trkpt lat="39.856588030233979" lon="2.886615972965956">
<ele>549</ele>
</trkpt>
<trkpt lat="39.856670005246997" lon="2.88666701875627">
<ele>550</ele>
</trkpt>
<trkpt lat="39.856682997196913" lon="2.886674981564283">
<ele>552</ele>
</trkpt>
<trkpt lat="39.856896987184882" lon="2.886544978246093">
<ele>553</ele>
</trkpt>
<trkpt lat="39.856960019096732" lon="2.886508014053106">
<ele>555</ele>
</trkpt>
<trkpt lat="39.85704299993813" lon="2.886468032374978">
<ele>558</ele>
</trkpt>
<trkpt lat="39.857112988829613" lon="2.886427966877818">
<ele>559</ele>
</trkpt>
<trkpt lat="39.85719102434814" lon="2.886296035721898">
<ele>560</ele>
</trkpt>
<trkpt lat="39.857198987156153" lon="2.886164020746946">
<ele>562</ele>
</trkpt>
<trkpt lat="39.85719496384263" lon="2.88602102547884">
<ele>564</ele>
</trkpt>
<trkpt lat="39.857189012691379" lon="2.885932009667158">
<ele>565</ele>
</trkpt>
<trkpt lat="39.857175014913082" lon="2.885761018842459">
<ele>566</ele>
</trkpt>
<trkpt lat="39.857168979942799" lon="2.885619029402733">
<ele>569</ele>
</trkpt>
<trkpt lat="39.857177026569843" lon="2.885524984449148">
<ele>570</ele>
</trkpt>
<trkpt lat="39.857190018519759" lon="2.885374026373029">
<ele>572</ele>
</trkpt>
<trkpt lat="39.857194041833282" lon="2.885344019159675">
<ele>573</ele>
</trkpt>
<trkpt lat="39.857219019904733" lon="2.885199012234807">
<ele>575</ele>
</trkpt>
<trkpt lat="39.857222037389874" lon="2.885177973657847">
<ele>576</ele>
</trkpt>
<trkpt lat="39.857238968834281" lon="2.885039001703262">
<ele>577</ele>
</trkpt>
<trkpt lat="39.857176020741463" lon="2.884913021698594">
<ele>579</ele>
</trkpt>
<trkpt lat="39.857094967737794" lon="2.884835992008448">
<ele>580</ele>
</trkpt>
<trkpt lat="39.857035959139466" lon="2.884792992845178">
<ele>583</ele>
</trkpt>
<trkpt lat="39.856992037966847" lon="2.884580008685589">
<ele>584</ele>
</trkpt>
<trkpt lat="39.856967981904745" lon="2.88456198759377">
<ele>586</ele>
</trkpt>
<trkpt lat="39.857012992724776" lon="2.88438898511231">
<ele>588</ele>
</trkpt>
<trkpt lat="39.857048029080033" lon="2.884265016764402">
<ele>590</ele>
</trkpt>
<trkpt lat="39.857059009373188" lon="2.884252024814487">
<ele>592</ele>
</trkpt>
<trkpt lat="39.857088010758162" lon="2.884079022333026">
<ele>594</ele>
</trkpt>
<trkpt lat="39.857045011594892" lon="2.883923035115004">
<ele>595</ele>
</trkpt>
<trkpt lat="39.856915008276701" lon="2.883667973801494">
<ele>597</ele>
</trkpt>
<trkpt lat="39.856901010498405" lon="2.883628997951746">
<ele>599</ele>
</trkpt>
<trkpt lat="39.856753991916776" lon="2.883492037653923">
<ele>601</ele>
</trkpt>
<trkpt lat="39.856608984991908" lon="2.883463958278298">
<ele>603</ele>
</trkpt>
<trkpt lat="39.85652600415051" lon="2.883447026833892">
<ele>604</ele>
</trkpt>
<trkpt lat="39.856393989175558" lon="2.883338984102011">
<ele>605</ele>
</trkpt>
<trkpt lat="39.856337998062372" lon="2.883270001038909">
<ele>606</ele>
</trkpt>
<trkpt lat="39.85629097558558" lon="2.88312298245728">
<ele>607</ele>
</trkpt>
<trkpt lat="39.856282006949186" lon="2.882997002452612">
<ele>608</ele>
</trkpt>
<trkpt lat="39.856282006949186" lon="2.882997002452612">
<ele>610</ele>
</trkpt>
<trkpt lat="39.856274966150522" lon="2.882743030786514">
<ele>611</ele>
</trkpt>
<trkpt lat="39.856282006949186" lon="2.882672036066651">
<ele>612</ele>
</trkpt>
<trkpt lat="39.856292987242341" lon="2.882525017485023">
<ele>613</ele>
</trkpt>
<trkpt lat="39.856306985020638" lon="2.88237196393311">
<ele>614</ele>
</trkpt>
<trkpt lat="39.856305979192257" lon="2.882333993911743">
<ele>614</ele>
</trkpt>
<trkpt lat="39.856346966698766" lon="2.882207008078694">
<ele>614</ele>
</trkpt>
<trkpt lat="39.856373034417629" lon="2.882116986438632">
<ele>614</ele>
</trkpt>
<trkpt lat="39.856359036639333" lon="2.881974996998906">
<ele>614</ele>
</trkpt>
<trkpt lat="39.856318971142173" lon="2.881868965923786">
<ele>614</ele>
</trkpt>
<trkpt lat="39.856292987242341" lon="2.88178900256753">
<ele>614</ele>
</trkpt>
<trkpt lat="39.856292987242341" lon="2.881738962605596">
<ele>614</ele>
</trkpt>
<trkpt lat="39.856313019990921" lon="2.881637960672379">
<ele>614</ele>
</trkpt>
<trkpt lat="39.856326011940837" lon="2.881605019792914">
<ele>614</ele>
</trkpt>
<trkpt lat="39.856414021924138" lon="2.881452972069383">
<ele>614</ele>
</trkpt>
<trkpt lat="39.856471018865705" lon="2.881376026198268">
<ele>615</ele>
</trkpt>
<trkpt lat="39.85648300498724" lon="2.881302013993263">
<ele>617</ele>
</trkpt>
<trkpt lat="39.856536984443665" lon="2.881191959604621">
<ele>617</ele>
</trkpt>
<trkpt lat="39.856595993041992" lon="2.88095198571682">
<ele>618</ele>
</trkpt>
<trkpt lat="39.856575960293412" lon="2.880826005712152">
<ele>619</ele>
</trkpt>
<trkpt lat="39.85657000914216" lon="2.880742019042373">
<ele>620</ele>
</trkpt>
<trkpt lat="39.856552993878722" lon="2.88063095882535">
<ele>621</ele>
</trkpt>
<trkpt lat="39.856593981385231" lon="2.88050196133554">
<ele>621</ele>
</trkpt>
<trkpt lat="39.856626000255346" lon="2.880446976050735">
<ele>622</ele>
</trkpt>
<trkpt lat="39.856624994426966" lon="2.880440019071102">
<ele>623</ele>
</trkpt>
<trkpt lat="39.856624994426966" lon="2.880439013242722">
<ele>623</ele>
</trkpt>
<trkpt lat="39.856624994426966" lon="2.880439013242722">
<ele>622</ele>
</trkpt>
<trkpt lat="39.856624994426966" lon="2.880439013242722">
<ele>622</ele>
</trkpt>
<trkpt lat="39.856624994426966" lon="2.880438007414341">
<ele>621</ele>
</trkpt>
<trkpt lat="39.856620971113443" lon="2.880387967452407">
<ele>621</ele>
</trkpt>
<trkpt lat="39.856608984991908" lon="2.880257964134216">
<ele>621</ele>
</trkpt>
<trkpt lat="39.8566750343889" lon="2.880098959431052">
<ele>620</ele>
</trkpt>
<trkpt lat="39.856715016067028" lon="2.880036011338234">
<ele>620</ele>
</trkpt>
<trkpt lat="39.856786010786891" lon="2.879912964999676">
<ele>619</ele>
</trkpt>
<trkpt lat="39.85680696554482" lon="2.879843981936574">
<ele>619</ele>
</trkpt>
<trkpt lat="39.856857005506754" lon="2.879728982225061">
<ele>618</ele>
</trkpt>
<trkpt lat="39.856868991628289" lon="2.879590010270476">
<ele>618</ele>
</trkpt>
<trkpt lat="39.856873014941812" lon="2.879476016387343">
<ele>618</ele>
</trkpt>
<trkpt lat="39.85684803687036" lon="2.879252973943949">
<ele>617</ele>
</trkpt>
<trkpt lat="39.856816018000245" lon="2.879153983667493">
<ele>616</ele>
</trkpt>
<trkpt lat="39.856775030493736" lon="2.879003025591373">
<ele>616</ele>
</trkpt>
<trkpt lat="39.856765978038311" lon="2.878879979252815">
<ele>616</ele>
</trkpt>
<trkpt lat="39.856747034937143" lon="2.878776965662837">
<ele>614</ele>
</trkpt>
<trkpt lat="39.856731025502086" lon="2.878701025620103">
<ele>613</ele>
</trkpt>
<trkpt lat="39.856703029945493" lon="2.878550989553332">
<ele>613</ele>
</trkpt>
<trkpt lat="39.85671903938055" lon="2.878502961248159">
<ele>613</ele>
</trkpt>
<trkpt lat="39.856790034100413" lon="2.878391984850168">
<ele>613</ele>
</trkpt>
<trkpt lat="39.856866979971528" lon="2.878295006230474">
<ele>612</ele>
</trkpt>
<trkpt lat="39.856918025761843" lon="2.878214037045836">
<ele>612</ele>
</trkpt>
<trkpt lat="39.857021039351821" lon="2.878027036786079">
<ele>612</ele>
</trkpt>
<trkpt lat="39.857029002159834" lon="2.877999041229487">
<ele>612</ele>
</trkpt>
<trkpt lat="39.85706596635282" lon="2.877933997660875">
<ele>612</ele>
</trkpt>
<trkpt lat="39.8570859991014" lon="2.877715984359384">
<ele>611</ele>
</trkpt>
<trkpt lat="39.857135033234954" lon="2.877592016011477">
<ele>611</ele>
</trkpt>
<trkpt lat="39.857195969671011" lon="2.877473998814821">
<ele>611</ele>
</trkpt>
<trkpt lat="39.857207033783197" lon="2.877455977723002">
<ele>611</ele>
</trkpt>
<trkpt lat="39.857344999909401" lon="2.877484979107976">
<ele>610</ele>
</trkpt>
<trkpt lat="39.857440972700715" lon="2.877521021291614">
<ele>610</ele>
</trkpt>
<trkpt lat="39.857509033754468" lon="2.877561002969742">
<ele>609</ele>
</trkpt>
<trkpt lat="39.857638031244278" lon="2.877538036555052">
<ele>609</ele>
</trkpt>
<trkpt lat="39.85766502097249" lon="2.877504006028175">
<ele>609</ele>
</trkpt>
<trkpt lat="39.857786977663636" lon="2.877462012693286">
<ele>607</ele>
</trkpt>
<trkpt lat="39.857882028445601" lon="2.877478022128344">
<ele>607</ele>
</trkpt>
<trkpt lat="39.857978001236916" lon="2.877440974116325">
<ele>606</ele>
</trkpt>
<trkpt lat="39.85805201344192" lon="2.877468969672918">
<ele>606</ele>
</trkpt>
<trkpt lat="39.858157960698009" lon="2.877500988543034">
<ele>606</ele>
</trkpt>
<trkpt lat="39.858243959024549" lon="2.877504006028175">
<ele>606</ele>
</trkpt>
<trkpt lat="39.85833004117012" lon="2.877565026283264">
<ele>606</ele>
</trkpt>
<trkpt lat="39.858402041718364" lon="2.877634009346366">
<ele>606</ele>
</trkpt>
<trkpt lat="39.858558028936386" lon="2.877677008509636">
<ele>606</ele>
</trkpt>
<trkpt lat="39.858565991744399" lon="2.877682037651539">
<ele>605</ele>
</trkpt>
<trkpt lat="39.85863396897912" lon="2.877726964652538">
<ele>605</ele>
</trkpt>
<trkpt lat="39.858753997832537" lon="2.8778360132128">
<ele>605</ele>
</trkpt>
<trkpt lat="39.858835972845554" lon="2.87787901237607">
<ele>605</ele>
</trkpt>
<trkpt lat="39.858967987820506" lon="2.877892004325986">
<ele>605</ele>
</trkpt>
<trkpt lat="39.859092961996794" lon="2.877782033756375">
<ele>604</ele>
</trkpt>
<trkpt lat="39.859265964478254" lon="2.877712966874242">
<ele>603</ele>
</trkpt>
<trkpt lat="39.859304018318653" lon="2.877638032659888">
<ele>602</ele>
</trkpt>
<trkpt lat="39.85936101526022" lon="2.877610037103295">
<ele>600</ele>
</trkpt>
<trkpt lat="39.859397979453206" lon="2.877539964392781">
<ele>599</ele>
</trkpt>
<trkpt lat="39.859477020800114" lon="2.877424964681268">
<ele>599</ele>
</trkpt>
<trkpt lat="39.859511973336339" lon="2.877339972183108">
<ele>598</ele>
</trkpt>
<trkpt lat="39.859595037996769" lon="2.877243999391794">
<ele>597</ele>
</trkpt>
<trkpt lat="39.859720012173057" lon="2.877103015780449">
<ele>596</ele>
</trkpt>
<trkpt lat="39.859753036871552" lon="2.876961026340723">
<ele>595</ele>
</trkpt>
<trkpt lat="39.859802993014455" lon="2.876872010529041">
<ele>595</ele>
</trkpt>
<trkpt lat="39.859864013269544" lon="2.876766985282302">
<ele>595</ele>
</trkpt>
<trkpt lat="39.859883962199092" lon="2.876704037189484">
<ele>595</ele>
</trkpt>
<trkpt lat="39.859949005767703" lon="2.876608986407518">
<ele>595</ele>
</trkpt>
<trkpt lat="39.859977001324296" lon="2.87650496698916">
<ele>595</ele>
</trkpt>
<trkpt lat="39.860035004094243" lon="2.876412011682987">
<ele>595</ele>
</trkpt>
<trkpt lat="39.86005000770092" lon="2.87637697532773">
<ele>595</ele>
</trkpt>
<trkpt lat="39.860168024897575" lon="2.876212019473314">
<ele>595</ele>
</trkpt>
<trkpt lat="39.860230972990394" lon="2.876098025590181">
<ele>595</ele>
</trkpt>
<trkpt lat="39.86028796993196" lon="2.875985959544778">
<ele>595</ele>
</trkpt>
<trkpt lat="39.860310014337301" lon="2.875931980088353">
<ele>596</ele>
</trkpt>
<trkpt lat="39.86037296243012" lon="2.875826032832265">
<ele>596</ele>
</trkpt>
<trkpt lat="39.860389977693558" lon="2.875786973163486">
<ele>597</ele>
</trkpt>
<trkpt lat="39.860445968806744" lon="2.875598967075348">
<ele>598</ele>
</trkpt>
<trkpt lat="39.860481005162001" lon="2.875545993447304">
<ele>599</ele>
</trkpt>
<trkpt lat="39.860531967133284" lon="2.875411966815591">
<ele>599</ele>
</trkpt>
<trkpt lat="39.860578989610076" lon="2.875295961275697">
<ele>600</ele>
</trkpt>
<trkpt lat="39.860601034015417" lon="2.875188002362847">
<ele>601</ele>
</trkpt>
<trkpt lat="39.860679991543293" lon="2.875006031244993">
<ele>601</ele>
</trkpt>
<trkpt lat="39.860689966008067" lon="2.87482900545001">
<ele>602</ele>
</trkpt>
<trkpt lat="39.860683009028435" lon="2.87476597353816">
<ele>602</ele>
</trkpt>
<trkpt lat="39.860688960179687" lon="2.87459003739059">
<ele>603</ele>
</trkpt>
<trkpt lat="39.860687032341957" lon="2.874481994658709">
<ele>603</ele>
</trkpt>
<trkpt lat="39.860699018463492" lon="2.874421980232">
<ele>603</ele>
</trkpt>
<trkpt lat="39.86067202873528" lon="2.874306980520487">
<ele>603</ele>
</trkpt>
<trkpt lat="39.860641015693545" lon="2.874216958880425">
<ele>604</ele>
</trkpt>
<trkpt lat="39.860616037622094" lon="2.874121991917491">
<ele>604</ele>
</trkpt>
<trkpt lat="39.860589969903231" lon="2.873924011364579">
<ele>604</ele>
</trkpt>
<trkpt lat="39.860602961853147" lon="2.873803982511163">
<ele>605</ele>
</trkpt>
<trkpt lat="39.860602961853147" lon="2.873785039409995">
<ele>604</ele>
</trkpt>
<trkpt lat="39.860627017915249" lon="2.873645983636379">
<ele>605</ele>
</trkpt>
<trkpt lat="39.860619977116585" lon="2.873550010845065">
<ele>605</ele>
</trkpt>
<trkpt lat="39.860587036237121" lon="2.873377008363605">
<ele>606</ele>
</trkpt>
<trkpt lat="39.860567003488541" lon="2.873255973681808">
<ele>607</ele>
</trkpt>
<trkpt lat="39.860530961304903" lon="2.873184978961945">
<ele>608</ele>
</trkpt>
<trkpt lat="39.86045703291893" lon="2.87306603975594">
<ele>608</ele>
</trkpt>
<trkpt lat="39.860424008220434" lon="2.873004013672471">
<ele>609</ele>
</trkpt>
<trkpt lat="39.860314037650824" lon="2.872838973999023">
<ele>610</ele>
</trkpt>
<trkpt lat="39.860282018780708" lon="2.872788012027741">
<ele>610</ele>
</trkpt>
<trkpt lat="39.86024497076869" lon="2.872660020366311">
<ele>611</ele>
</trkpt>
<trkpt lat="39.86015796661377" lon="2.872044034302235">
<ele>612</ele>
</trkpt>
<trkpt lat="39.860176993533969" lon="2.871953006833792">
<ele>613</ele>
</trkpt>
<trkpt lat="39.860188979655504" lon="2.871913025155664">
<ele>614</ele>
</trkpt>
<trkpt lat="39.86024396494031" lon="2.871814034879208">
<ele>615</ele>
</trkpt>
<trkpt lat="39.860253017395735" lon="2.871806994080544">
<ele>616</ele>
</trkpt>
<trkpt lat="39.8603739682585" lon="2.871650001034141">
<ele>617</ele>
</trkpt>
<trkpt lat="39.860444962978363" lon="2.871500970795751">
<ele>618</ele>
</trkpt>
<trkpt lat="39.860505983233452" lon="2.871340960264206">
<ele>619</ele>
</trkpt>
<trkpt lat="39.860532972961664" lon="2.871264014393091">
<ele>619</ele>
</trkpt>
<trkpt lat="39.860574966296554" lon="2.871172986924648">
<ele>620</ele>
</trkpt>
<trkpt lat="39.860603967681527" lon="2.871038038283587">
<ele>621</ele>
</trkpt>
<trkpt lat="39.860616959631443" lon="2.87091800943017">
<ele>622</ele>
</trkpt>
<trkpt lat="39.860626012086868" lon="2.870818013325334">
<ele>623</ele>
</trkpt>
<trkpt lat="39.860683009028435" lon="2.870646016672254">
<ele>624</ele>
</trkpt>
<trkpt lat="39.860745035111904" lon="2.870538979768753">
<ele>625</ele>
</trkpt>
<trkpt lat="39.860754003748298" lon="2.870508972555399">
<ele>627</ele>
</trkpt>
<trkpt lat="39.860779987648129" lon="2.870344016700983">
<ele>628</ele>
</trkpt>
<trkpt lat="39.860831033438444" lon="2.870087027549744">
<ele>629</ele>
</trkpt>
<trkpt lat="39.860833967104554" lon="2.870047967880964">
<ele>630</ele>
</trkpt>
<trkpt lat="39.860842013731599" lon="2.869874965399504">
<ele>631</ele>
</trkpt>
<trkpt lat="39.860858023166656" lon="2.869808999821544">
<ele>632</ele>
</trkpt>
<trkpt lat="39.860894987359643" lon="2.869684025645256">
<ele>633</ele>
</trkpt>
<trkpt lat="39.860900016501546" lon="2.8696299623698">
<ele>634</ele>
</trkpt>
<trkpt lat="39.860946033149958" lon="2.869447991251946">
<ele>635</ele>
</trkpt>
<trkpt lat="39.860990960150957" lon="2.869337014853954">
<ele>636</ele>
</trkpt>
<trkpt lat="39.861039994284511" lon="2.869207011535764">
<ele>636</ele>
</trkpt>
<trkpt lat="39.861051980406046" lon="2.869122019037604">
<ele>637</ele>
</trkpt>
<trkpt lat="39.861056003719568" lon="2.8690480068326">
<ele>638</ele>
</trkpt>
<trkpt lat="39.861089028418064" lon="2.868828987702727">
<ele>639</ele>
</trkpt>
<trkpt lat="39.861091962084174" lon="2.868820019066334">
<ele>640</ele>
</trkpt>
<trkpt lat="39.861099002882838" lon="2.868612986057997">
<ele>641</ele>
</trkpt>
<trkpt lat="39.861103026196361" lon="2.868593959137797">
<ele>641</ele>
</trkpt>
<trkpt lat="39.861090034246445" lon="2.868454987183213">
<ele>642</ele>
</trkpt>
<trkpt lat="39.861105959862471" lon="2.86836102604866">
<ele>643</ele>
</trkpt>
<trkpt lat="39.861118029803038" lon="2.86823496222496">
<ele>644</ele>
</trkpt>
<trkpt lat="39.861090034246445" lon="2.868121974170208">
<ele>644</ele>
</trkpt>
<trkpt lat="39.861090034246445" lon="2.868110993877053">
<ele>645</ele>
</trkpt>
<trkpt lat="39.861109983175993" lon="2.867977973073721">
<ele>646</ele>
</trkpt>
<trkpt lat="39.861111994832754" lon="2.867889041081071">
<ele>646</ele>
</trkpt>
<trkpt lat="39.861097997054458" lon="2.867774041369557">
<ele>647</ele>
</trkpt>
<trkpt lat="39.861064972355962" lon="2.867667004466057">
<ele>648</ele>
</trkpt>
<trkpt lat="39.861131021752954" lon="2.867506993934512">
<ele>648</ele>
</trkpt>
<trkpt lat="39.861149964854121" lon="2.867492996156216">
<ele>649</ele>
</trkpt>
<trkpt lat="39.861280974000692" lon="2.867448991164565">
<ele>649</ele>
</trkpt>
<trkpt lat="39.861292960122228" lon="2.867447985336185">
<ele>650</ele>
</trkpt>
<trkpt lat="39.861490018665791" lon="2.867428958415985">
<ele>651</ele>
</trkpt>
<trkpt lat="39.861612981185317" lon="2.867412026971579">
<ele>651</ele>
</trkpt>
<trkpt lat="39.861692022532225" lon="2.867354024201632">
<ele>652</ele>
</trkpt>
<trkpt lat="39.861736027523875" lon="2.867318987846375">
<ele>652</ele>
</trkpt>
<trkpt lat="39.861829988658428" lon="2.867166018113494">
<ele>653</ele>
</trkpt>
<trkpt lat="39.861886985599995" lon="2.867120001465082">
<ele>654</ele>
</trkpt>
<trkpt lat="39.861991005018353" lon="2.867064010351896">
<ele>655</ele>
</trkpt>
<trkpt lat="39.862036015838385" lon="2.867059987038374">
<ele>657</ele>
</trkpt>
<trkpt lat="39.862118996679783" lon="2.866994021460414">
<ele>658</ele>
</trkpt>
<trkpt lat="39.862181022763252" lon="2.866951022297144">
<ele>659</ele>
</trkpt>
<trkpt lat="39.862299039959908" lon="2.866938030347228">
<ele>660</ele>
</trkpt>
<trkpt lat="39.862424014136195" lon="2.866954961791635">
<ele>661</ele>
</trkpt>
<trkpt lat="39.862485034391284" lon="2.86696401424706">
<ele>663</ele>
</trkpt>
<trkpt lat="39.862532978877425" lon="2.866968959569931">
<ele>664</ele>
</trkpt>
<trkpt lat="39.862661976367235" lon="2.866952028125525">
<ele>665</ele>
</trkpt>
<trkpt lat="39.862703969702125" lon="2.866888996213675">
<ele>666</ele>
</trkpt>
<trkpt lat="39.862784016877413" lon="2.866738960146904">
<ele>666</ele>
</trkpt>
<trkpt lat="39.862789968028665" lon="2.866730997338891">
<ele>666</ele>
</trkpt>
<trkpt lat="39.86282198689878" lon="2.866614991798997">
<ele>667</ele>
</trkpt>
<trkpt lat="39.862893987447023" lon="2.866523964330554">
<ele>668</ele>
</trkpt>
<trkpt lat="39.862932041287422" lon="2.866465961560607">
<ele>669</ele>
</trkpt>
<trkpt lat="39.862973028793931" lon="2.866369988769293">
<ele>670</ele>
</trkpt>
<trkpt lat="39.863061960786581" lon="2.86623302847147">
<ele>670</ele>
</trkpt>
<trkpt lat="39.863103032112122" lon="2.866087015718222">
<ele>671</ele>
</trkpt>
<trkpt lat="39.863199004903436" lon="2.866032030433416">
<ele>672</ele>
</trkpt>
<trkpt lat="39.863332025706768" lon="2.865972016006708">
<ele>673</ele>
</trkpt>
<trkpt lat="39.863441996276379" lon="2.865925999358296">
<ele>673</ele>
</trkpt>
<trkpt lat="39.863523971289396" lon="2.865862967446446">
<ele>673</ele>
</trkpt>
<trkpt lat="39.863619022071362" lon="2.865874031558633">
<ele>674</ele>
</trkpt>
<trkpt lat="39.863625979050994" lon="2.865876965224743">
<ele>675</ele>
</trkpt>
<trkpt lat="39.863762017339468" lon="2.865818040445447">
<ele>675</ele>
</trkpt>
<trkpt lat="39.863819014281034" lon="2.865836983546615">
<ele>675</ele>
</trkpt>
<trkpt lat="39.863872993737459" lon="2.865828014910221">
<ele>676</ele>
</trkpt>
<trkpt lat="39.863922027871013" lon="2.865813011303544">
<ele>677</ele>
</trkpt>
<trkpt lat="39.864052031189203" lon="2.86576297134161">
<ele>677</ele>
</trkpt>
<trkpt lat="39.864154038950801" lon="2.865741010755301">
<ele>676</ele>
</trkpt>
<trkpt lat="39.864225033670664" lon="2.865737993270159">
<ele>676</ele>
</trkpt>
<trkpt lat="39.86426199786365" lon="2.86563104018569">
<ele>676</ele>
</trkpt>
<trkpt lat="39.864285970106721" lon="2.86554797552526">
<ele>676</ele>
</trkpt>
<trkpt lat="39.864308014512062" lon="2.86546197719872">
<ele>676</ele>
</trkpt>
<trkpt lat="39.864351013675332" lon="2.865355024114251">
<ele>676</ele>
</trkpt>
<trkpt lat="39.864401975646615" lon="2.865258967503905">
<ele>676</ele>
</trkpt>
<trkpt lat="39.864437012001872" lon="2.865132987499237">
<ele>676</ele>
</trkpt>
<trkpt lat="39.86451999284327" lon="2.865008013322949">
<ele>676</ele>
</trkpt>
<trkpt lat="39.864641027525067" lon="2.864879015833139">
<ele>676</ele>
</trkpt>
<trkpt lat="39.864706993103027" lon="2.864858983084559">
<ele>676</ele>
</trkpt>
<trkpt lat="39.864845965057611" lon="2.864809026941657">
<ele>677</ele>
</trkpt>
<trkpt lat="39.864960964769125" lon="2.864688998088241">
<ele>678</ele>
</trkpt>
<trkpt lat="39.865051992237568" lon="2.864555977284908">
<ele>678</ele>
</trkpt>
<trkpt lat="39.865089962258935" lon="2.864466039463878">
<ele>678</ele>
</trkpt>
<trkpt lat="39.865048974752426" lon="2.864349028095603">
<ele>679</ele>
</trkpt>
<trkpt lat="39.865041011944413" lon="2.864233022555709">
<ele>680</ele>
</trkpt>
<trkpt lat="39.865040006116033" lon="2.864113999530673">
<ele>679</ele>
</trkpt>
<trkpt lat="39.865050986409187" lon="2.864028001204133">
<ele>679</ele>
</trkpt>
<trkpt lat="39.86505601555109" lon="2.863982990384102">
<ele>680</ele>
</trkpt>
<trkpt lat="39.865068001672626" lon="2.86380403675139">
<ele>681</ele>
</trkpt>
<trkpt lat="39.865097003057599" lon="2.863732958212495">
<ele>681</ele>
</trkpt>
<trkpt lat="39.865165986120701" lon="2.863523997366428">
<ele>681</ele>
</trkpt>
<trkpt lat="39.865166991949081" lon="2.863500025123358">
<ele>682</ele>
</trkpt>
<trkpt lat="39.865218959748745" lon="2.863317970186472">
<ele>683</ele>
</trkpt>
<trkpt lat="39.865344017744064" lon="2.863163994625211">
<ele>683</ele>
</trkpt>
<trkpt lat="39.865413000807166" lon="2.863116972148418">
<ele>683</ele>
</trkpt>
<trkpt lat="39.865432027727365" lon="2.863104986026883">
<ele>684</ele>
</trkpt>
<trkpt lat="39.865597989410162" lon="2.863001972436905">
<ele>685</ele>
</trkpt>
<trkpt lat="39.865659009665251" lon="2.862975988537073">
<ele>685</ele>
</trkpt>
<trkpt lat="39.865739978849888" lon="2.862983029335737">
<ele>684</ele>
</trkpt>
<trkpt lat="39.865817008540034" lon="2.862928966060281">
<ele>683</ele>
</trkpt>
<trkpt lat="39.865909963846207" lon="2.862868029624224">
<ele>683</ele>
</trkpt>
<trkpt lat="39.865997973829508" lon="2.862855959683657">
<ele>682</ele>
</trkpt>
<trkpt lat="39.866003002971411" lon="2.862836010754108">
<ele>681</ele>
</trkpt>
<trkpt lat="39.865999985486269" lon="2.862828969955444">
<ele>680</ele>
</trkpt>
<trkpt lat="39.86600099131465" lon="2.862827964127064">
<ele>681</ele>
</trkpt>
<trkpt lat="39.86600099131465" lon="2.862827964127064">
<ele>681</ele>
</trkpt>
<trkpt lat="39.86600199714303" lon="2.862810026854277">
<ele>682</ele>
</trkpt>
<trkpt lat="39.866009037941694" lon="2.862809021025896">
<ele>682</ele>
</trkpt>
<trkpt lat="39.866009959951043" lon="2.862810026854277">
<ele>683</ele>
</trkpt>
<trkpt lat="39.86598196439445" lon="2.862777002155781">
<ele>684</ele>
</trkpt>
<trkpt lat="39.86591499298811" lon="2.862598970532417">
<ele>684</ele>
</trkpt>
<trkpt lat="39.8658930324018" lon="2.862552031874657">
<ele>685</ele>
</trkpt>
<trkpt lat="39.865820026025176" lon="2.862463016062975">
<ele>685</ele>
</trkpt>
<trkpt lat="39.865813991054893" lon="2.862448012456298">
<ele>686</ele>
</trkpt>
<trkpt lat="39.865808039903641" lon="2.862226981669664">
<ele>686</ele>
</trkpt>
<trkpt lat="39.865791024640203" lon="2.862083986401558">
<ele>686</ele>
</trkpt>
<trkpt lat="39.865765040740371" lon="2.861973010003567">
<ele>687</ele>
</trkpt>
<trkpt lat="39.865707959979773" lon="2.861949959769845">
<ele>687</ele>
</trkpt>
<trkpt lat="39.86559203825891" lon="2.861791038885713">
<ele>687</ele>
</trkpt>
<trkpt lat="39.86559103243053" lon="2.861781986430287">
<ele>687</ele>
</trkpt>
<trkpt lat="39.865536969155073" lon="2.861589035019279">
<ele>687</ele>
</trkpt>
<trkpt lat="39.865510985255241" lon="2.861505970358849">
<ele>688</ele>
</trkpt>
<trkpt lat="39.865491036325693" lon="2.861307989805937">
<ele>688</ele>
</trkpt>
<trkpt lat="39.865460023283958" lon="2.861179998144507">
<ele>688</ele>
</trkpt>
<trkpt lat="39.865423981100321" lon="2.861093999817967">
<ele>686</ele>
</trkpt>
<trkpt lat="39.86535700969398" lon="2.860920997336507">
<ele>685</ele>
</trkpt>
<trkpt lat="39.865319039672613" lon="2.860893001779914">
<ele>683</ele>
</trkpt>
<trkpt lat="39.865279980003834" lon="2.860855031758547">
<ele>681</ele>
</trkpt>
<trkpt lat="39.86514201387763" lon="2.860718993470073">
<ele>679</ele>
</trkpt>
<trkpt lat="39.86512198112905" lon="2.860715975984931">
<ele>678</ele>
</trkpt>
<trkpt lat="39.865081999450922" lon="2.86069099791348">
<ele>676</ele>
</trkpt>
<trkpt lat="39.864961970597506" lon="2.86060600541532">
<ele>674</ele>
</trkpt>
<trkpt lat="39.864859040826559" lon="2.860540961846709">
<ele>673</ele>
</trkpt>
<trkpt lat="39.864803971722722" lon="2.860468961298466">
<ele>671</ele>
</trkpt>
<trkpt lat="39.8647550214082" lon="2.860416993498802">
<ele>670</ele>
</trkpt>
<trkpt lat="39.86466801725328" lon="2.860263017937541">
<ele>668</ele>
</trkpt>
<trkpt lat="39.864659970626235" lon="2.860143994912505">
<ele>667</ele>
</trkpt>
<trkpt lat="39.864638010039926" lon="2.860096972435713">
<ele>665</ele>
</trkpt>
<trkpt lat="39.864629041403532" lon="2.859902009367943">
<ele>664</ele>
</trkpt>
<trkpt lat="39.864525021985173" lon="2.859802013263106">
<ele>663</ele>
</trkpt>
<trkpt lat="39.864436006173491" lon="2.859687013551593">
<ele>661</ele>
</trkpt>
<trkpt lat="39.864382026717067" lon="2.859586011618376">
<ele>660</ele>
</trkpt>
<trkpt lat="39.864317988976836" lon="2.859503030776978">
<ele>658</ele>
</trkpt>
<trkpt lat="39.864300973713398" lon="2.859431030228734">
<ele>657</ele>
</trkpt>
<trkpt lat="39.864226039499044" lon="2.85944402217865">
<ele>655</ele>
</trkpt>
<trkpt lat="39.864226039499044" lon="2.85944402217865">
<ele>654</ele>
</trkpt>
<trkpt lat="39.864130988717079" lon="2.859192984178662">
<ele>653</ele>
</trkpt>
<trkpt lat="39.864120008423924" lon="2.859087036922574">
<ele>651</ele>
</trkpt>
<trkpt lat="39.864020012319088" lon="2.858949992805719">
<ele>649</ele>
</trkpt>
<trkpt lat="39.863988999277353" lon="2.858877992257476">
<ele>648</ele>
</trkpt>
<trkpt lat="39.86394097097218" lon="2.858771039173007">
<ele>647</ele>
</trkpt>
<trkpt lat="39.863915992900729" lon="2.858669031411409">
<ele>645</ele>
</trkpt>
<trkpt lat="39.863948011770844" lon="2.858514972031117">
<ele>643</ele>
</trkpt>
<trkpt lat="39.86395999789238" lon="2.858408018946648">
<ele>642</ele>
</trkpt>
<trkpt lat="39.86393703147769" lon="2.858167961239815">
<ele>640</ele>
</trkpt>
<trkpt lat="39.863935019820929" lon="2.858092021197081">
<ele>639</ele>
</trkpt>
<trkpt lat="39.863920016214252" lon="2.857933016493917">
<ele>637</ele>
</trkpt>
<trkpt lat="39.863904006779194" lon="2.857736963778734">
<ele>635</ele>
</trkpt>
<trkpt lat="39.863921022042632" lon="2.857635961845517">
<ele>633</ele>
</trkpt>
<trkpt lat="39.863904006779194" lon="2.857530014589429">
<ele>632</ele>
</trkpt>
<trkpt lat="39.86391699872911" lon="2.85744896158576">
<ele>630</ele>
</trkpt>
<trkpt lat="39.863905012607574" lon="2.85731996409595">
<ele>628</ele>
</trkpt>
<trkpt lat="39.863892020657659" lon="2.85723002627492">
<ele>627</ele>
</trkpt>
<trkpt lat="39.863864025101066" lon="2.857008995488286">
<ele>625</ele>
</trkpt>
<trkpt lat="39.863835023716092" lon="2.856827024370432">
<ele>623</ele>
</trkpt>
<trkpt lat="39.863819014281034" lon="2.856715964153409">
<ele>622</ele>
</trkpt>
<trkpt lat="39.863818008452654" lon="2.856580009683967">
<ele>621</ele>
</trkpt>
<trkpt lat="39.863846004009247" lon="2.856455035507679">
<ele>620</ele>
</trkpt>
<trkpt lat="39.863866036757827" lon="2.856344981119037">
<ele>618</ele>
</trkpt>
<trkpt lat="39.86387500539422" lon="2.856269963085651">
<ele>616</ele>
</trkpt>
<trkpt lat="39.863893026486039" lon="2.85615798085928">
<ele>615</ele>
</trkpt>
<trkpt lat="39.863892020657659" lon="2.856067037209868">
<ele>613</ele>
</trkpt>
<trkpt lat="39.863887997344136" lon="2.855879031121731">
<ele>612</ele>
</trkpt>
<trkpt lat="39.863868970423937" lon="2.855751039460301">
<ele>610</ele>
</trkpt>
<trkpt lat="39.863858995959163" lon="2.855564961209893">
<ele>609</ele>
</trkpt>
<trkpt lat="39.863867964595556" lon="2.85545096732676">
<ele>608</ele>
</trkpt>
<trkpt lat="39.863866036757827" lon="2.855446022003889">
<ele>607</ele>
</trkpt>
<trkpt lat="39.863881962373853" lon="2.855391036719084">
<ele>606</ele>
</trkpt>
<trkpt lat="39.863900989294052" lon="2.855305038392544">
<ele>606</ele>
</trkpt>
<trkpt lat="39.863867964595556" lon="2.855250975117087">
<ele>605</ele>
</trkpt>
<trkpt lat="39.863838041201234" lon="2.85514603368938">
<ele>604</ele>
</trkpt>
<trkpt lat="39.863812979310751" lon="2.855045031756163">
<ele>603</ele>
</trkpt>
<trkpt lat="39.863822031766176" lon="2.854886027052999">
<ele>602</ele>
</trkpt>
<trkpt lat="39.86383100040257" lon="2.854786030948162">
<ele>601</ele>
</trkpt>
<trkpt lat="39.863849021494389" lon="2.854669019579887">
<ele>600</ele>
</trkpt>
<trkpt lat="39.86385103315115" lon="2.854627026244998">
<ele>598</ele>
</trkpt>
<trkpt lat="39.863824965432286" lon="2.854431979358196">
<ele>597</ele>
</trkpt>
<trkpt lat="39.863809961825609" lon="2.854386968538165">
<ele>596</ele>
</trkpt>
<trkpt lat="39.863770985975862" lon="2.854327037930489">
<ele>594</ele>
</trkpt>
<trkpt lat="39.863709965720773" lon="2.854186976328492">
<ele>593</ele>
</trkpt>
<trkpt lat="39.863644000142813" lon="2.854025037959218">
<ele>592</ele>
</trkpt>
<trkpt lat="39.863566970452666" lon="2.853908026590943">
<ele>591</ele>
</trkpt>
<trkpt lat="39.863464962691069" lon="2.85379596054554">
<ele>589</ele>
</trkpt>
<trkpt lat="39.863429004326463" lon="2.853776011615992">
<ele>588</ele>
</trkpt>
<trkpt lat="39.863334959372878" lon="2.853723959997296">
<ele>587</ele>
</trkpt>
<trkpt lat="39.863244015723467" lon="2.853735024109483">
<ele>586</ele>
</trkpt>
<trkpt lat="39.863240998238325" lon="2.853738041594625">
<ele>585</ele>
</trkpt>
<trkpt lat="39.863130021840334" lon="2.85377399995923">
<ele>584</ele>
</trkpt>
<trkpt lat="39.863012004643679" lon="2.853791015222669">
<ele>584</ele>
</trkpt>
<trkpt lat="39.862918965518475" lon="2.853760002180934">
<ele>583</ele>
</trkpt>
<trkpt lat="39.862861968576908" lon="2.853717003017664">
<ele>582</ele>
</trkpt>
<trkpt lat="39.862786028534174" lon="2.853618012741208">
<ele>581</ele>
</trkpt>
<trkpt lat="39.862716039642692" lon="2.853524973616004">
<ele>580</ele>
</trkpt>
<trkpt lat="39.862683014944196" lon="2.853479962795973">
<ele>579</ele>
</trkpt>
<trkpt lat="39.862550999969244" lon="2.853327998891473">
<ele>578</ele>
</trkpt>
<trkpt lat="39.862547982484102" lon="2.853311989456415">
<ele>577</ele>
</trkpt>
<trkpt lat="39.862465001642704" lon="2.853200007230043">
<ele>576</ele>
</trkpt>
<trkpt lat="39.862341033294797" lon="2.853118032217026">
<ele>575</ele>
</trkpt>
<trkpt lat="39.862258974462748" lon="2.853090958669782">
<ele>574</ele>
</trkpt>
<trkpt lat="39.86219803802669" lon="2.853066986426711">
<ele>572</ele>
</trkpt>
<trkpt lat="39.862043475732207" lon="2.85304737277329">
<ele>571</ele>
</trkpt>
<trkpt lat="39.861794030293822" lon="2.853017030283809">
<ele>570</ele>
</trkpt>
<trkpt lat="39.861739967018366" lon="2.853018036112189">
<ele>569</ele>
</trkpt>
<trkpt lat="39.861735021695495" lon="2.853020969778299">
<ele>568</ele>
</trkpt>
<trkpt lat="39.861533017829061" lon="2.853048965334892">
<ele>567</ele>
</trkpt>
<trkpt lat="39.861460011452436" lon="2.853109985589981">
<ele>566</ele>
</trkpt>
<trkpt lat="39.861378036439419" lon="2.853154996410012">
<ele>565</ele>
</trkpt>
<trkpt lat="39.861295977607369" lon="2.853134963661432">
<ele>564</ele>
</trkpt>
<trkpt lat="39.861222971230745" lon="2.853024993091822">
<ele>564</ele>
</trkpt>
<trkpt lat="39.861174020916224" lon="2.852955004200339">
<ele>563</ele>
</trkpt>
<trkpt lat="39.861135967075825" lon="2.852908987551928">
<ele>562</ele>
</trkpt>
<trkpt lat="39.861054997891188" lon="2.852856013923883">
<ele>561</ele>
</trkpt>
<trkpt lat="39.860942009836435" lon="2.852733973413706">
<ele>560</ele>
</trkpt>
<trkpt lat="39.860916025936604" lon="2.852706983685494">
<ele>559</ele>
</trkpt>
<trkpt lat="39.860785016790032" lon="2.852622997015715">
<ele>558</ele>
</trkpt>
<trkpt lat="39.860660964623094" lon="2.852605981752276">
<ele>558</ele>
</trkpt>
<trkpt lat="39.86054596491158" lon="2.852570023387671">
<ele>557</ele>
</trkpt>
<trkpt lat="39.860487040132284" lon="2.852540016174316">
<ele>556</ele>
</trkpt>
<trkpt lat="39.860409004613757" lon="2.852480001747608">
<ele>556</ele>
</trkpt>
<trkpt lat="39.860331974923611" lon="2.852437002584338">
<ele>555</ele>
</trkpt>
<trkpt lat="39.860198032110929" lon="2.852499028667808">
<ele>554</ele>
</trkpt>
<trkpt lat="39.860185962170362" lon="2.852500034496188">
<ele>553</ele>
</trkpt>
<trkpt lat="39.860064005479217" lon="2.852446977049112">
<ele>553</ele>
</trkpt>
<trkpt lat="39.859927967190742" lon="2.852454017847776">
<ele>552</ele>
</trkpt>
<trkpt lat="39.859912963584065" lon="2.852463992312551">
<ele>552</ele>
</trkpt>
<trkpt lat="39.859784971922636" lon="2.852486958727241">
<ele>552</ele>
</trkpt>
<trkpt lat="39.859725963324308" lon="2.852566000074148">
<ele>552</ele>
</trkpt>
<trkpt lat="39.859615992754698" lon="2.852622997015715">
<ele>552</ele>
</trkpt>
<trkpt lat="39.859536029398441" lon="2.852571029216051">
<ele>552</ele>
</trkpt>
<trkpt lat="39.859443996101618" lon="2.852527024224401">
<ele>553</ele>
</trkpt>
<trkpt lat="39.859350034967065" lon="2.852510008960962">
<ele>553</ele>
</trkpt>
<trkpt lat="39.859268981963396" lon="2.852514032274485">
<ele>553</ele>
</trkpt>
<trkpt lat="39.85919295810163" lon="2.852468015626073">
<ele>553</ele>
</trkpt>
<trkpt lat="39.859170997515321" lon="2.852389980107546">
<ele>553</ele>
</trkpt>
<trkpt lat="39.859201004728675" lon="2.852262994274497">
<ele>552</ele>
</trkpt>
<trkpt lat="39.859181977808475" lon="2.852174984291196">
<ele>552</ele>
</trkpt>
<trkpt lat="39.859129004180431" lon="2.852069959044457">
<ele>552</ele>
</trkpt>
<trkpt lat="39.859116012230515" lon="2.852055039256811">
<ele>551</ele>
</trkpt>
<trkpt lat="39.859006041660905" lon="2.851994019001722">
<ele>550</ele>
</trkpt>
<trkpt lat="39.85897502861917" lon="2.851980021223426">
<ele>550</ele>
</trkpt>
<trkpt lat="39.8588249925524" lon="2.851871978491545">
<ele>550</ele>
</trkpt>
<trkpt lat="39.858750980347395" lon="2.851829985156655">
<ele>549</ele>
</trkpt>
<trkpt lat="39.858651990070939" lon="2.85175396129489">
<ele>548</ele>
</trkpt>
<trkpt lat="39.858584012836218" lon="2.851700987666845">
<ele>548</ele>
</trkpt>
<trkpt lat="39.858494997024536" lon="2.851633010432124">
<ele>548</ele>
</trkpt>
<trkpt lat="39.858478987589478" lon="2.851621024310589">
<ele>547</ele>
</trkpt>
<trkpt lat="39.8583759739995" lon="2.851445004343987">
<ele>547</ele>
</trkpt>
<trkpt lat="39.858321994543076" lon="2.851378032937646">
<ele>547</ele>
</trkpt>
<trkpt lat="39.85824597068131" lon="2.85123797133565">
<ele>546</ele>
</trkpt>
<trkpt lat="39.858216969296336" lon="2.851119032129645">
<ele>546</ele>
</trkpt>
<trkpt lat="39.858198026195168" lon="2.851048959419131">
<ele>546</ele>
</trkpt>
<trkpt lat="39.858089983463287" lon="2.850864976644516">
<ele>546</ele>
</trkpt>
<trkpt lat="39.858059976249933" lon="2.850804040208459">
<ele>545</ele>
</trkpt>
<trkpt lat="39.857946988195181" lon="2.85061402246356">
<ele>545</ele>
</trkpt>
<trkpt lat="39.85792201012373" lon="2.850490976125002">
<ele>545</ele>
</trkpt>
<trkpt lat="39.857869036495686" lon="2.850390980020165">
<ele>545</ele>
</trkpt>
<trkpt lat="39.857743056491017" lon="2.850311938673258">
<ele>544</ele>
</trkpt>
<trkpt lat="39.857367966324091" lon="2.850200962275267">
<ele>544</ele>
</trkpt>
<trkpt lat="39.857327984645963" lon="2.850157963111997">
<ele>544</ele>
</trkpt>
<trkpt lat="39.857212984934449" lon="2.850122004747391">
<ele>544</ele>
</trkpt>
<trkpt lat="39.857132015749812" lon="2.849976997822523">
<ele>544</ele>
</trkpt>
<trkpt lat="39.857003018260002" lon="2.849828973412514">
<ele>543</ele>
</trkpt>
<trkpt lat="39.856983991339803" lon="2.849797960370779">
<ele>543</ele>
</trkpt>
<trkpt lat="39.856970999389887" lon="2.849764013662934">
<ele>543</ele>
</trkpt>
<trkpt lat="39.856878966093063" lon="2.849593022838235">
<ele>543</ele>
</trkpt>
<trkpt lat="39.856815012171865" lon="2.849456984549761">
<ele>543</ele>
</trkpt>
<trkpt lat="39.856794979423285" lon="2.849247017875314">
<ele>543</ele>
</trkpt>
<trkpt lat="39.856737982481718" lon="2.84902598708868">
<ele>543</ele>
</trkpt>
<trkpt lat="39.856700012460351" lon="2.848935965448618">
<ele>544</ele>
</trkpt>
<trkpt lat="39.8566560074687" lon="2.848822977393866">
<ele>544</ele>
</trkpt>
<trkpt lat="39.856621976941824" lon="2.848727004602552">
<ele>544</ele>
</trkpt>
<trkpt lat="39.856561040505767" lon="2.848591972142458">
<ele>544</ele>
</trkpt>
<trkpt lat="39.856515023857355" lon="2.848484013229609">
<ele>544</ele>
</trkpt>
<trkpt lat="39.856471018865705" lon="2.848420981317759">
<ele>544</ele>
</trkpt>
<trkpt lat="39.856426008045673" lon="2.848312016576529">
<ele>544</ele>
</trkpt>
<trkpt lat="39.856382003054023" lon="2.848199028521776">
<ele>544</ele>
</trkpt>
<trkpt lat="39.856348978355527" lon="2.848087968304753">
<ele>544</ele>
</trkpt>
<trkpt lat="39.856298016384244" lon="2.847988978028297">
<ele>544</ele>
</trkpt>
<trkpt lat="39.856253005564213" lon="2.847879007458687">
<ele>544</ele>
</trkpt>
<trkpt lat="39.856224004179239" lon="2.847845982760191">
<ele>545</ele>
</trkpt>
<trkpt lat="39.856116967275739" lon="2.84766904078424">
<ele>546</ele>
</trkpt>
<trkpt lat="39.856087965890765" lon="2.847490003332496">
<ele>546</ele>
</trkpt>
<trkpt lat="39.856086960062385" lon="2.847427977249026">
<ele>546</ele>
</trkpt>
<trkpt lat="39.856035998091102" lon="2.84732798114419">
<ele>546</ele>
</trkpt>
<trkpt lat="39.856017976999283" lon="2.847245000302792">
<ele>546</ele>
</trkpt>
<trkpt lat="39.856002973392606" lon="2.847108040004969">
<ele>546</ele>
</trkpt>
<trkpt lat="39.856000039726496" lon="2.847084989771247">
<ele>546</ele>
</trkpt>
<trkpt lat="39.855928039178252" lon="2.846820959821343">
<ele>546</ele>
</trkpt>
<trkpt lat="39.855894008651376" lon="2.846783995628357">
<ele>547</ele>
</trkpt>
<trkpt lat="39.855862995609641" lon="2.846767986193299">
<ele>547</ele>
</trkpt>
<trkpt lat="39.85583902336657" lon="2.846614010632038">
<ele>547</ele>
</trkpt>
<trkpt lat="39.855759982019663" lon="2.846418963745236">
<ele>547</ele>
</trkpt>
<trkpt lat="39.855733998119831" lon="2.84633900038898">
<ele>547</ele>
</trkpt>
<trkpt lat="39.855711031705141" lon="2.846251996234059">
<ele>547</ele>
</trkpt>
<trkpt lat="39.855690998956561" lon="2.846185024827719">
<ele>547</ele>
</trkpt>
<trkpt lat="39.855632996186614" lon="2.846090979874134">
<ele>547</ele>
</trkpt>
<trkpt lat="39.855514978989959" lon="2.845870032906532">
<ele>547</ele>
</trkpt>
<trkpt lat="39.855455970391631" lon="2.845807000994682">
<ele>547</ele>
</trkpt>
<trkpt lat="39.855383969843388" lon="2.845689989626408">
<ele>547</ele>
</trkpt>
<trkpt lat="39.85527902841568" lon="2.845623018220067">
<ele>546</ele>
</trkpt>
<trkpt lat="39.855273999273777" lon="2.845615977421403">
<ele>546</ele>
</trkpt>
<trkpt lat="39.855223959311843" lon="2.845491003245115">
<ele>546</ele>
</trkpt>
<trkpt lat="39.85519596375525" lon="2.845454961061478">
<ele>546</ele>
</trkpt>
<trkpt lat="39.85508699901402" lon="2.845351025462151">
<ele>546</ele>
</trkpt>
<trkpt lat="39.854993959888816" lon="2.845318000763655">
<ele>546</ele>
</trkpt>
<trkpt lat="39.854903016239405" lon="2.845368962734938">
<ele>546</ele>
</trkpt>
<trkpt lat="39.854895975440741" lon="2.845376003533602">
<ele>547</ele>
</trkpt>
<trkpt lat="39.8546770401299" lon="2.845435012131929">
<ele>547</ele>
</trkpt>
<trkpt lat="39.854573020711541" lon="2.845369968563318">
<ele>547</ele>
</trkpt>
<trkpt lat="39.854559022933245" lon="2.845355970785022">
<ele>547</ele>
</trkpt>
<trkpt lat="39.854461960494518" lon="2.845280030742288">
<ele>547</ele>
</trkpt>
<trkpt lat="39.854434970766306" lon="2.845249017700553">
<ele>548</ele>
</trkpt>
<trkpt lat="39.854349978268147" lon="2.845168970525265">
<ele>548</ele>
</trkpt>
<trkpt lat="39.854237996041775" lon="2.845076015219092">
<ele>548</ele>
</trkpt>
<trkpt lat="39.854179993271828" lon="2.845037039369345">
<ele>548</ele>
</trkpt>
<trkpt lat="39.854101035743952" lon="2.844913993030787">
<ele>548</ele>
</trkpt>
<trkpt lat="39.854041021317244" lon="2.844805028289557">
<ele>547</ele>
</trkpt>
<trkpt lat="39.854032974690199" lon="2.84479103051126">
<ele>547</ele>
</trkpt>
<trkpt lat="39.853937001898885" lon="2.844646023586392">
<ele>547</ele>
</trkpt>
<trkpt lat="39.853842034935951" lon="2.844633031636477">
<ele>547</ele>
</trkpt>
<trkpt lat="39.853759976103902" lon="2.84464200027287">
<ele>547</ele>
</trkpt>
<trkpt lat="39.853746984153986" lon="2.844647029414773">
<ele>546</ele>
</trkpt>
<trkpt lat="39.853608012199402" lon="2.844715006649494">
<ele>546</ele>
</trkpt>
<trkpt lat="39.853480020537972" lon="2.844669995829463">
<ele>546</ele>
</trkpt>
<trkpt lat="39.853380024433136" lon="2.844591960310936">
<ele>546</ele>
</trkpt>
<trkpt lat="39.853293020278215" lon="2.844529012218118">
<ele>546</ele>
</trkpt>
<trkpt lat="39.853268964216113" lon="2.844499005004764">
<ele>546</ele>
</trkpt>
<trkpt lat="39.85319796949625" lon="2.844399008899927">
<ele>546</ele>
</trkpt>
<trkpt lat="39.853146001696587" lon="2.844292977824807">
<ele>545</ele>
</trkpt>
<trkpt lat="39.853085987269878" lon="2.844170015305281">
<ele>545</ele>
</trkpt>
<trkpt lat="39.853037958964705" lon="2.844060966745019">
<ele>545</ele>
</trkpt>
<trkpt lat="39.852984985336661" lon="2.843944039195776">
<ele>545</ele>
</trkpt>
<trkpt lat="39.852930000051856" lon="2.843844965100288">
<ele>545</ele>
</trkpt>
<trkpt lat="39.852890018373728" lon="2.843783022835851">
<ele>545</ele>
</trkpt>
<trkpt lat="39.852889012545347" lon="2.843637010082603">
<ele>545</ele>
</trkpt>
<trkpt lat="39.852892030030489" lon="2.843621000647545">
<ele>544</ele>
</trkpt>
<trkpt lat="39.85289596952498" lon="2.843509018421173">
<ele>544</ele>
</trkpt>
<trkpt lat="39.852876020595431" lon="2.843369040638208">
<ele>543</ele>
</trkpt>
<trkpt lat="39.852866968140006" lon="2.843297962099314">
<ele>543</ele>
</trkpt>
<trkpt lat="39.85280997119844" lon="2.84320299513638">
<ele>543</ele>
</trkpt>
<trkpt lat="39.852716010063887" lon="2.843128982931376">
<ele>542</ele>
</trkpt>
<trkpt lat="39.85265901312232" lon="2.84309302456677">
<ele>542</ele>
</trkpt>
<trkpt lat="39.852543007582426" lon="2.843059999868274">
<ele>541</ele>
</trkpt>
<trkpt lat="39.852438988164067" lon="2.842960003763437">
<ele>541</ele>
</trkpt>
<trkpt lat="39.852403029799461" lon="2.842911975458264">
<ele>541</ele>
</trkpt>
<trkpt lat="39.852256011217833" lon="2.842782977968454">
<ele>541</ele>
</trkpt>
<trkpt lat="39.85218602232635" lon="2.842715000733733">
<ele>540</ele>
</trkpt>
<trkpt lat="39.852132964879274" lon="2.842646017670631">
<ele>540</ele>
</trkpt>
<trkpt lat="39.85205702483654" lon="2.842594971880317">
<ele>540</ele>
</trkpt>
<trkpt lat="39.851951999589801" lon="2.84240897744894">
<ele>540</ele>
</trkpt>
<trkpt lat="39.851903971284628" lon="2.842336976900697">
<ele>540</ele>
</trkpt>
<trkpt lat="39.851827025413513" lon="2.842206973582506">
<ele>539</ele>
</trkpt>
<trkpt lat="39.851824007928371" lon="2.842198004946113">
<ele>539</ele>
</trkpt>
<trkpt lat="39.851774973794818" lon="2.842091973870993">
<ele>539</ele>
</trkpt>
<trkpt lat="39.851732980459929" lon="2.842030031606555">
<ele>538</ele>
</trkpt>
<trkpt lat="39.851625021547079" lon="2.842016033828259">
<ele>537</ele>
</trkpt>
<trkpt lat="39.851524019613862" lon="2.841953001916409">
<ele>537</ele>
</trkpt>
<trkpt lat="39.85141396522522" lon="2.841875972226262">
<ele>536</ele>
</trkpt>
<trkpt lat="39.851320004090667" lon="2.841801038011909">
<ele>535</ele>
</trkpt>
<trkpt lat="39.851250015199184" lon="2.841737000271678">
<ele>534</ele>
</trkpt>
<trkpt lat="39.851127974689007" lon="2.841755021363497">
<ele>533</ele>
</trkpt>
<trkpt lat="39.851045999675989" lon="2.841744963079691">
<ele>533</ele>
</trkpt>
<trkpt lat="39.850944997742772" lon="2.841680003330112">
<ele>532</ele>
</trkpt>
<trkpt lat="39.85089504159987" lon="2.841629041358829">
<ele>531</ele>
</trkpt>
<trkpt lat="39.850776018574834" lon="2.84154899418354">
<ele>531</ele>
</trkpt>
<trkpt lat="39.850673004984856" lon="2.841645972803235">
<ele>531</ele>
</trkpt>
<trkpt lat="39.850509976968169" lon="2.841701963916421">
<ele>532</ele>
</trkpt>
<trkpt lat="39.850491033867002" lon="2.841699030250311">
<ele>532</ele>
</trkpt>
<trkpt lat="39.850465971976519" lon="2.841696012765169">
<ele>532</ele>
</trkpt>
<trkpt lat="39.850361030548811" lon="2.841652007773519">
<ele>532</ele>
</trkpt>
<trkpt lat="39.85033898614347" lon="2.841645972803235">
<ele>532</ele>
</trkpt>
<trkpt lat="39.850229015573859" lon="2.841640021651983">
<ele>533</ele>
</trkpt>
<trkpt lat="39.850143017247319" lon="2.841658964753151">
<ele>533</ele>
</trkpt>
<trkpt lat="39.850084008648992" lon="2.841668017208576">
<ele>533</ele>
</trkpt>
<trkpt lat="39.850027011707425" lon="2.841639015823603">
<ele>533</ele>
</trkpt>
<trkpt lat="39.849964985623956" lon="2.841645972803235">
<ele>533</ele>
</trkpt>
<trkpt lat="39.849947970360518" lon="2.84165795892477">
<ele>533</ele>
</trkpt>
<trkpt lat="39.849816961213946" lon="2.84167698584497">
<ele>533</ele>
</trkpt>
<trkpt lat="39.849765999242663" lon="2.841657036915422">
<ele>533</ele>
</trkpt>
<trkpt lat="39.849758958443999" lon="2.841658964753151">
<ele>533</ele>
</trkpt>
<trkpt lat="39.849638007581234" lon="2.841618983075023">
<ele>533</ele>
</trkpt>
<trkpt lat="39.849569024518132" lon="2.841632980853319">
<ele>533</ele>
</trkpt>
<trkpt lat="39.849493000656366" lon="2.841642033308744">
<ele>533</ele>
</trkpt>
<trkpt lat="39.849380012601614" lon="2.841626023873687">
<ele>533</ele>
</trkpt>
<trkpt lat="39.84935000538826" lon="2.841626023873687">
<ele>533</ele>
</trkpt>
<trkpt lat="39.849231988191605" lon="2.841594005003572">
<ele>533</ele>
</trkpt>
<trkpt lat="39.849152024835348" lon="2.841596016660333">
<ele>533</ele>
</trkpt>
<trkpt lat="39.849105002358556" lon="2.841600039973855">
<ele>533</ele>
</trkpt>
<trkpt lat="39.8490060120821" lon="2.841628035530448">
<ele>533</ele>
</trkpt>
<trkpt lat="39.848927976563573" lon="2.84169802442193">
<ele>534</ele>
</trkpt>
<trkpt lat="39.848849019035697" lon="2.841744041070342">
<ele>534</ele>
</trkpt>
<trkpt lat="39.848682973533869" lon="2.841819981113076">
<ele>534</ele>
</trkpt>
<trkpt lat="39.848564034327865" lon="2.841813024133444">
<ele>534</ele>
</trkpt>
<trkpt lat="39.848446017131209" lon="2.841797014698386">
<ele>534</ele>
</trkpt>
<trkpt lat="39.848429001867771" lon="2.84178402274847">
<ele>534</ele>
</trkpt>
<trkpt lat="39.848236972466111" lon="2.841583024710417">
<ele>534</ele>
</trkpt>
<trkpt lat="39.848206965252757" lon="2.841550000011921">
<ele>534</ele>
</trkpt>
<trkpt lat="39.848091965541244" lon="2.84144002944231">
<ele>534</ele>
</trkpt>
<trkpt lat="39.848013008013368" lon="2.841340033337474">
<ele>535</ele>
</trkpt>
<trkpt lat="39.847946958616376" lon="2.841303991153836">
<ele>535</ele>
</trkpt>
<trkpt lat="39.847814021632075" lon="2.841252023354173">
<ele>535</ele>
</trkpt>
<trkpt lat="39.847805975005031" lon="2.841250011697412">
<ele>535</ele>
</trkpt>
<trkpt lat="39.847681000828743" lon="2.841240037232637">
<ele>535</ele>
</trkpt>
<trkpt lat="39.847561977803707" lon="2.841255962848663">
<ele>535</ele>
</trkpt>
<trkpt lat="39.847440021112561" lon="2.841282030567527">
<ele>535</ele>
</trkpt>
<trkpt lat="39.847424011677504" lon="2.841284964233637">
<ele>536</ele>
</trkpt>
<trkpt lat="39.847296020016074" lon="2.841303991153836">
<ele>536</ele>
</trkpt>
<trkpt lat="39.847251009196043" lon="2.841367023065686">
<ele>536</ele>
</trkpt>
<trkpt lat="39.847225025296211" lon="2.841536002233625">
<ele>536</ele>
</trkpt>
<trkpt lat="39.847231982275844" lon="2.841668017208576">
<ele>535</ele>
</trkpt>
<trkpt lat="39.847241034731269" lon="2.841817969456315">
<ele>535</ele>
</trkpt>
<trkpt lat="39.847250003367662" lon="2.841914026066661">
<ele>535</ele>
</trkpt>
<trkpt lat="39.847272969782352" lon="2.84214997664094">
<ele>535</ele>
</trkpt>
<trkpt lat="39.847298031672835" lon="2.842247039079666">
<ele>535</ele>
</trkpt>
<trkpt lat="39.847333990037441" lon="2.842440996319056">
<ele>535</ele>
</trkpt>
<trkpt lat="39.847347987815738" lon="2.842633025720716">
<ele>535</ele>
</trkpt>
<trkpt lat="39.847346981987357" lon="2.842645011842251">
<ele>534</ele>
</trkpt>
<trkpt lat="39.847311023622751" lon="2.842782977968454">
<ele>534</ele>
</trkpt>
<trkpt lat="39.847229970619082" lon="2.842863025143743">
<ele>534</ele>
</trkpt>
<trkpt lat="39.847140032798052" lon="2.842995962128043">
<ele>534</ele>
</trkpt>
<trkpt lat="39.847112037241459" lon="2.843082966282964">
<ele>534</ele>
</trkpt>
<trkpt lat="39.846980022266507" lon="2.843191009014845">
<ele>533</ele>
</trkpt>
<trkpt lat="39.846887988969684" lon="2.843237025663257">
<ele>533</ele>
</trkpt>
<trkpt lat="39.846810037270188" lon="2.843316989019513">
<ele>533</ele>
</trkpt>
<trkpt lat="39.846725966781378" lon="2.843396030366421">
<ele>533</ele>
</trkpt>
<trkpt lat="39.846638962626457" lon="2.843446992337704">
<ele>533</ele>
</trkpt>
<trkpt lat="39.846533015370369" lon="2.843513963744044">
<ele>533</ele>
</trkpt>
<trkpt lat="39.846453974023461" lon="2.843555035069585">
<ele>533</ele>
</trkpt>
<trkpt lat="39.84636596404016" lon="2.843601973727346">
<ele>533</ele>
</trkpt>
<trkpt lat="39.846266973763704" lon="2.843651007860899">
<ele>533</ele>
</trkpt>
<trkpt lat="39.846180975437164" lon="2.843746980652213">
<ele>533</ele>
</trkpt>
<trkpt lat="39.84606496989727" lon="2.843843959271908">
<ele>533</ele>
</trkpt>
<trkpt lat="39.846011996269226" lon="2.843917971476913">
<ele>533</ele>
</trkpt>
<trkpt lat="39.845958016812801" lon="2.844059960916638">
<ele>533</ele>
</trkpt>
<trkpt lat="39.845945024862885" lon="2.844223994761705">
<ele>533</ele>
</trkpt>
<trkpt lat="39.84595499932766" lon="2.844378976151347">
<ele>532</ele>
</trkpt>
<trkpt lat="39.845963967964053" lon="2.844459023326635">
<ele>532</ele>
</trkpt>
<trkpt lat="39.846001015976071" lon="2.844703020527959">
<ele>531</ele>
</trkpt>
<trkpt lat="39.846076034009457" lon="2.844885997474194">
<ele>531</ele>
</trkpt>
<trkpt lat="39.84610402956605" lon="2.845023963600397">
<ele>531</ele>
</trkpt>
<trkpt lat="39.846164966002107" lon="2.845163019374013">
<ele>530</ele>
</trkpt>
<trkpt lat="39.846250964328647" lon="2.845268966630101">
<ele>530</ele>
</trkpt>
<trkpt lat="39.84625599347055" lon="2.845287993550301">
<ele>529</ele>
</trkpt>
<trkpt lat="39.846331011503935" lon="2.845351025462151">
<ele>529</ele>
</trkpt>
<trkpt lat="39.846489010378718" lon="2.845515981316567">
<ele>528</ele>
</trkpt>
<trkpt lat="39.846497979015112" lon="2.845540037378669">
<ele>527</ele>
</trkpt>
<trkpt lat="39.846554975956678" lon="2.845642967149615">
<ele>525</ele>
</trkpt>
<trkpt lat="39.846606021746993" lon="2.845794009044766">
<ele>524</ele>
</trkpt>
<trkpt lat="39.846589006483555" lon="2.845829967409372">
<ele>523</ele>
</trkpt>
<trkpt lat="39.846571991220117" lon="2.8458889760077">
<ele>522</ele>
</trkpt>
<trkpt lat="39.846520023420453" lon="2.845914037898183">
<ele>521</ele>
</trkpt>
<trkpt lat="39.846512982621789" lon="2.846082011237741">
<ele>519</ele>
</trkpt>
<trkpt lat="39.846516000106931" lon="2.846224000677466">
<ele>518</ele>
</trkpt>
<trkpt lat="39.846512982621789" lon="2.846278985962272">
<ele>517</ele>
</trkpt>
<trkpt lat="39.846511976793408" lon="2.846290972083807">
<ele>518</ele>
</trkpt>
<trkpt lat="39.846496973186731" lon="2.846473027020693">
<ele>519</ele>
</trkpt>
<trkpt lat="39.846452968195081" lon="2.846633037552238">
<ele>520</ele>
</trkpt>
<trkpt lat="39.846387002617121" lon="2.846779972314835">
<ele>521</ele>
</trkpt>
<trkpt lat="39.846361018717289" lon="2.846834035590291">
<ele>522</ele>
</trkpt>
<trkpt lat="39.846315002068877" lon="2.846974013373256">
<ele>522</ele>
</trkpt>
<trkpt lat="39.846311984583735" lon="2.846981976181269">
<ele>523</ele>
</trkpt>
<trkpt lat="39.846265967935324" lon="2.847253968939185">
<ele>524</ele>
</trkpt>
<trkpt lat="39.84623696655035" lon="2.847367040812969">
<ele>525</ele>
</trkpt>
<trkpt lat="39.846186004579067" lon="2.847461001947522">
<ele>526</ele>
</trkpt>
<trkpt lat="39.846080979332328" lon="2.847613971680403">
<ele>526</ele>
</trkpt>
<trkpt lat="39.846078967675567" lon="2.847702987492085">
<ele>527</ele>
</trkpt>
<trkpt lat="39.846065975725651" lon="2.847860986366868">
<ele>527</ele>
</trkpt>
<trkpt lat="39.846016019582748" lon="2.847997024655342">
<ele>528</ele>
</trkpt>
<trkpt lat="39.845984000712633" lon="2.848047986626625">
<ele>528</ele>
</trkpt>
<trkpt lat="39.845985006541014" lon="2.848047986626625">
<ele>528</ele>
</trkpt>
<trkpt lat="39.845987018197775" lon="2.848052009940147">
<ele>529</ele>
</trkpt>
<trkpt lat="39.845971008762717" lon="2.84805896691978">
<ele>529</ele>
</trkpt>
<trkpt lat="39.845863217487931" lon="2.848145635798574">
<ele>530</ele>
</trkpt>
<trkpt lat="39.845799012109637" lon="2.848270023241639">
<ele>530</ele>
</trkpt>
<trkpt lat="39.845797000452876" lon="2.848278991878033">
<ele>530</ele>
</trkpt>
<trkpt lat="39.845683006569743" lon="2.848469009622932">
<ele>531</ele>
</trkpt>
<trkpt lat="39.845618968829513" lon="2.848532041534782">
<ele>531</ele>
</trkpt>
<trkpt lat="39.845530036836863" lon="2.848608987405896">
<ele>532</ele>
</trkpt>
<trkpt lat="39.845507992431521" lon="2.848631031811237">
<ele>532</ele>
</trkpt>
<trkpt lat="39.845386035740376" lon="2.84891601651907">
<ele>531</ele>
</trkpt>
<trkpt lat="39.845364997163415" lon="2.849049959331751">
<ele>531</ele>
</trkpt>
<trkpt lat="39.845381006598473" lon="2.849192032590509">
<ele>530</ele>
</trkpt>
<trkpt lat="39.845448983833194" lon="2.849312983453274">
<ele>530</ele>
</trkpt>
<trkpt lat="39.845487959682941" lon="2.849386995658279">
<ele>529</ele>
</trkpt>
<trkpt lat="39.84554504044354" lon="2.849522028118372">
<ele>528</ele>
</trkpt>
<trkpt lat="39.845598014071584" lon="2.849730988964438">
<ele>528</ele>
</trkpt>
<trkpt lat="39.845616035163403" lon="2.849855041131377">
<ele>527</ele>
</trkpt>
<trkpt lat="39.845620980486274" lon="2.849945984780788">
<ele>527</ele>
</trkpt>
<trkpt lat="39.845684012398124" lon="2.850095015019178">
<ele>526</ele>
</trkpt>
<trkpt lat="39.84571703709662" lon="2.850294001400471">
<ele>525</ele>
</trkpt>
<trkpt lat="39.845714019611478" lon="2.850392991676927">
<ele>524</ele>
</trkpt>
<trkpt lat="39.845708990469575" lon="2.850473960861564">
<ele>524</ele>
</trkpt>
<trkpt lat="39.845754001289606" lon="2.850687028840184">
<ele>523</ele>
</trkpt>
<trkpt lat="39.845841005444527" lon="2.850744025781751">
<ele>522</ele>
</trkpt>
<trkpt lat="39.84595600515604" lon="2.850833041593432">
<ele>521</ele>
</trkpt>
<trkpt lat="39.846019959077239" lon="2.850879980251193">
<ele>520</ele>
</trkpt>
<trkpt lat="39.846144011244178" lon="2.850902024656534">
<ele>520</ele>
</trkpt>
<trkpt lat="39.84619002789259" lon="2.850932031869888">
<ele>519</ele>
</trkpt>
<trkpt lat="39.846079973503947" lon="2.850982993841171">
<ele>518</ele>
</trkpt>
<trkpt lat="39.846031023189425" lon="2.850988022983074">
<ele>517</ele>
</trkpt>
<trkpt lat="39.845894984900951" lon="2.850977964699268">
<ele>517</ele>
</trkpt>
<trkpt lat="39.845769004896283" lon="2.85097997635603">
<ele>516</ele>
</trkpt>
<trkpt lat="39.845682000741363" lon="2.851005038246512">
<ele>516</ele>
</trkpt>
<trkpt lat="39.845629027113318" lon="2.851163959130645">
<ele>515</ele>
</trkpt>
<trkpt lat="39.845642019063234" lon="2.851193966343999">
<ele>514</ele>
</trkpt>
<trkpt lat="39.845735980197787" lon="2.851256998255849">
<ele>514</ele>
</trkpt>
<trkpt lat="39.845795994624496" lon="2.851265966892242">
<ele>513</ele>
</trkpt>
<trkpt lat="39.845920968800783" lon="2.851270996034145">
<ele>513</ele>
</trkpt>
<trkpt lat="39.845987018197775" lon="2.851279964670539">
<ele>512</ele>
</trkpt>
<trkpt lat="39.84612699598074" lon="2.851240988820791">
<ele>511</ele>
</trkpt>
<trkpt lat="39.846251970157027" lon="2.851236965507269">
<ele>510</ele>
</trkpt>
<trkpt lat="39.846345009282231" lon="2.8513010032475">
<ele>510</ele>
</trkpt>
<trkpt lat="39.846413992345333" lon="2.851348025724292">
<ele>509</ele>
</trkpt>
<trkpt lat="39.846539972350001" lon="2.851389013230801">
<ele>508</ele>
</trkpt>
<trkpt lat="39.846641980111599" lon="2.851450033485889">
<ele>507</ele>
</trkpt>
<trkpt lat="39.846755973994732" lon="2.851534020155668">
<ele>506</ele>
</trkpt>
<trkpt lat="39.846847001463175" lon="2.851584982126951">
<ele>506</ele>
</trkpt>
<trkpt lat="39.84698697924614" lon="2.851667040959001">
<ele>505</ele>
</trkpt>
<trkpt lat="39.84709401614964" lon="2.851723032072187">
<ele>504</ele>
</trkpt>
<trkpt lat="39.847147995606065" lon="2.851725965738297">
<ele>503</ele>
</trkpt>
<trkpt lat="39.847261989489198" lon="2.851808024570346">
<ele>503</ele>
</trkpt>
<trkpt lat="39.847284033894539" lon="2.851815987378359">
<ele>502</ele>
</trkpt>
<trkpt lat="39.847443960607052" lon="2.851943979039788">
<ele>502</ele>
</trkpt>
<trkpt lat="39.847549991682172" lon="2.852018997073174">
<ele>501</ele>
</trkpt>
<trkpt lat="39.847604976966977" lon="2.852017991244793">
<ele>500</ele>
</trkpt>
<trkpt lat="39.847686029970646" lon="2.852015979588032">
<ele>500</ele>
</trkpt>
<trkpt lat="39.847800023853779" lon="2.85188103094697">
<ele>499</ele>
</trkpt>
<trkpt lat="39.847841011360288" lon="2.851739963516593">
<ele>499</ele>
</trkpt>
<trkpt lat="39.847874036058784" lon="2.851665029302239">
<ele>498</ele>
</trkpt>
<trkpt lat="39.848047038540244" lon="2.851564027369022">
<ele>497</ele>
</trkpt>
<trkpt lat="39.848159020766616" lon="2.851633010432124">
<ele>496</ele>
</trkpt>
<trkpt lat="39.848217023536563" lon="2.851779023185372">
<ele>495</ele>
</trkpt>
<trkpt lat="39.848290029913187" lon="2.851957976818085">
<ele>494</ele>
</trkpt>
<trkpt lat="39.848314002156258" lon="2.852081023156643">
<ele>494</ele>
</trkpt>
<trkpt lat="39.848311990499496" lon="2.852316973730922">
<ele>493</ele>
</trkpt>
<trkpt lat="39.848344009369612" lon="2.85244002006948">
<ele>492</ele>
</trkpt>
<trkpt lat="39.848363036289811" lon="2.852597013115883">
<ele>491</ele>
</trkpt>
<trkpt lat="39.848378961905837" lon="2.852701032534242">
<ele>490</ele>
</trkpt>
<trkpt lat="39.848467977717519" lon="2.852969001978636">
<ele>489</ele>
</trkpt>
<trkpt lat="39.848508965224028" lon="2.853116020560265">
<ele>488</ele>
</trkpt>
<trkpt lat="39.848515000194311" lon="2.853205958381295">
<ele>487</ele>
</trkpt>
<trkpt lat="39.848542995750904" lon="2.853375021368265">
<ele>487</ele>
</trkpt>
<trkpt lat="39.848567973822355" lon="2.853421960026026">
<ele>486</ele>
</trkpt>
<trkpt lat="39.848637040704489" lon="2.853548023849726">
<ele>485</ele>
</trkpt>
<trkpt lat="39.848675010725856" lon="2.853706022724509">
<ele>484</ele>
</trkpt>
<trkpt lat="39.848714992403984" lon="2.85390199162066">
<ele>483</ele>
</trkpt>
<trkpt lat="39.848733013495803" lon="2.853972986340523">
<ele>483</ele>
</trkpt>
<trkpt lat="39.848809959366918" lon="2.854264006018639">
<ele>482</ele>
</trkpt>
<trkpt lat="39.848819011822343" lon="2.854345981031656">
<ele>481</ele>
</trkpt>
<trkpt lat="39.848756985738873" lon="2.854465004056692">
<ele>480</ele>
</trkpt>
<trkpt lat="39.848618013784289" lon="2.854612022638321">
<ele>479</ele>
</trkpt>
<trkpt lat="39.848608961328864" lon="2.854619985446334">
<ele>478</ele>
</trkpt>
<trkpt lat="39.848430007696152" lon="2.854769015684724">
<ele>477</ele>
</trkpt>
<trkpt lat="39.848336968570948" lon="2.854801034554839">
<ele>476</ele>
</trkpt>
<trkpt lat="39.848235966637731" lon="2.854859037324786">
<ele>474</ele>
</trkpt>
<trkpt lat="39.848187016323209" lon="2.854883009567857">
<ele>473</ele>
</trkpt>
<trkpt lat="39.848064975813031" lon="2.855027010664344">
<ele>472</ele>
</trkpt>
<trkpt lat="39.848044021055102" lon="2.855075960978866">
<ele>471</ele>
</trkpt>
<trkpt lat="39.847951987758279" lon="2.85521199926734">
<ele>470</ele>
</trkpt>
<trkpt lat="39.847946958616376" lon="2.855225997045636">
<ele>469</ele>
</trkpt>
<trkpt lat="39.847855009138584" lon="2.855360023677349">
<ele>468</ele>
</trkpt>
<trkpt lat="39.847814021632075" lon="2.85544996149838">
<ele>467</ele>
</trkpt>
<trkpt lat="39.847771022468805" lon="2.855644002556801">
<ele>466</ele>
</trkpt>
<trkpt lat="39.847701033577323" lon="2.855870984494686">
<ele>464</ele>
</trkpt>
<trkpt lat="39.847628027200699" lon="2.855980033054948">
<ele>463</ele>
</trkpt>
<trkpt lat="39.847620986402035" lon="2.855995958670974">
<ele>462</ele>
</trkpt>
<trkpt lat="39.847497018054128" lon="2.856156975030899">
<ele>461</ele>
</trkpt>
<trkpt lat="39.847478996962309" lon="2.85617901943624">
<ele>460</ele>
</trkpt>
<trkpt lat="39.847412025555968" lon="2.856229981407523">
<ele>459</ele>
</trkpt>
<trkpt lat="39.847232988104224" lon="2.856331989169121">
<ele>458</ele>
</trkpt>
<trkpt lat="39.847096027806401" lon="2.856426034122706">
<ele>458</ele>
</trkpt>
<trkpt lat="39.8470080178231" lon="2.856558971107006">
<ele>457</ele>
</trkpt>
<trkpt lat="39.846988990902901" lon="2.856739014387131">
<ele>456</ele>
</trkpt>
<trkpt lat="39.846999971196055" lon="2.856832975521684">
<ele>456</ele>
</trkpt>
<trkpt lat="39.847113965079188" lon="2.856971025466919">
<ele>455</ele>
</trkpt>
<trkpt lat="39.847125029191375" lon="2.85697597078979">
<ele>454</ele>
</trkpt>
<trkpt lat="39.847246985882521" lon="2.857074961066246">
<ele>453</ele>
</trkpt>
<trkpt lat="39.847362991422415" lon="2.857143022119999">
<ele>453</ele>
</trkpt>
<trkpt lat="39.847473967820406" lon="2.857205970212817">
<ele>452</ele>
</trkpt>
<trkpt lat="39.847588967531919" lon="2.857345025986433">
<ele>451</ele>
</trkpt>
<trkpt lat="39.847601037472486" lon="2.857370004057884">
<ele>450</ele>
</trkpt>
<trkpt lat="39.847676977515221" lon="2.857528002932668">
<ele>449</ele>
</trkpt>
<trkpt lat="39.847748978063464" lon="2.857687007635832">
<ele>448</ele>
</trkpt>
<trkpt lat="39.847819972783327" lon="2.857856992632151">
<ele>448</ele>
</trkpt>
<trkpt lat="39.847878981381655" lon="2.857966041192412">
<ele>447</ele>
</trkpt>
<trkpt lat="39.847932960838079" lon="2.858052961528301">
<ele>446</ele>
</trkpt>
<trkpt lat="39.848000016063452" lon="2.858181959018111">
<ele>445</ele>
</trkpt>
<trkpt lat="39.848018037155271" lon="2.858222024515271">
<ele>444</ele>
</trkpt>
<trkpt lat="39.848110992461443" lon="2.858326965942979">
<ele>443</ele>
</trkpt>
<trkpt lat="39.848164971917868" lon="2.858483036980033">
<ele>442</ele>
</trkpt>
<trkpt lat="39.848180981352925" lon="2.858546990901232">
<ele>442</ele>
</trkpt>
<trkpt lat="39.848231021314859" lon="2.858683029189706">
<ele>441</ele>
</trkpt>
<trkpt lat="39.848228003829718" lon="2.858814960345626">
<ele>440</ele>
</trkpt>
<trkpt lat="39.848225992172956" lon="2.858828036114574">
<ele>440</ele>
</trkpt>
<trkpt lat="39.848187016323209" lon="2.858944041654468">
<ele>439</ele>
</trkpt>
<trkpt lat="39.848218029364944" lon="2.859081001952291">
<ele>438</ele>
</trkpt>
<trkpt lat="39.848230015486479" lon="2.859121989458799">
<ele>437</ele>
</trkpt>
<trkpt lat="39.848172012716532" lon="2.8591029625386">
<ele>437</ele>
</trkpt>
<trkpt lat="39.848192967474461" lon="2.859024005010724">
<ele>436</ele>
</trkpt>
<trkpt lat="39.848152985796332" lon="2.858861982822418">
<ele>435</ele>
</trkpt>
<trkpt lat="39.848135970532894" lon="2.858814960345626">
<ele>434</ele>
</trkpt>
<trkpt lat="39.848091965541244" lon="2.858699960634112">
<ele>433</ele>
</trkpt>
<trkpt lat="39.848035974428058" lon="2.858609016984701">
<ele>432</ele>
</trkpt>
<trkpt lat="39.847977971658111" lon="2.858530981466174">
<ele>431</ele>
</trkpt>
<trkpt lat="39.847903959453106" lon="2.858418999239802">
<ele>430</ele>
</trkpt>
<trkpt lat="39.847836988046765" lon="2.858391003683209">
<ele>429</ele>
</trkpt>
<trkpt lat="39.847826007753611" lon="2.858595019206405">
<ele>428</ele>
</trkpt>
<trkpt lat="39.847903959453106" lon="2.858748994767666">
<ele>427</ele>
</trkpt>
<trkpt lat="39.847889961674809" lon="2.858892995864153">
<ele>426</ele>
</trkpt>
<trkpt lat="39.847887028008699" lon="2.858914034441114">
<ele>425</ele>
</trkpt>
<trkpt lat="39.847846040502191" lon="2.859209999442101">
<ele>424</ele>
</trkpt>
<trkpt lat="39.847854003310204" lon="2.859276970848441">
<ele>423</ele>
</trkpt>
<trkpt lat="39.847873030230403" lon="2.859457014128566">
<ele>422</ele>
</trkpt>
<trkpt lat="39.847903037443757" lon="2.859619036316872">
<ele>420</ele>
</trkpt>
<trkpt lat="39.847905971109867" lon="2.859679972752929">
<ele>419</ele>
</trkpt>
<trkpt lat="39.847948970273137" lon="2.859797989949584">
<ele>418</ele>
</trkpt>
<trkpt lat="39.847886022180319" lon="2.859880970790982">
<ele>417</ele>
</trkpt>
<trkpt lat="39.84784796833992" lon="2.859743004664779">
<ele>416</ele>
</trkpt>
<trkpt lat="39.847834976390004" lon="2.859687013551593">
<ele>415</ele>
</trkpt>
<trkpt lat="39.847784014418721" lon="2.859491966664791">
<ele>414</ele>
</trkpt>
<trkpt lat="39.847754007205367" lon="2.859378978610039">
<ele>413</ele>
</trkpt>
<trkpt lat="39.847749983891845" lon="2.859366992488504">
<ele>412</ele>
</trkpt>
<trkpt lat="39.847655016928911" lon="2.859190972521901">
<ele>411</ele>
</trkpt>
<trkpt lat="39.847607994452119" lon="2.859105980023742">
<ele>410</ele>
</trkpt>
<trkpt lat="39.847495006397367" lon="2.858945969492197">
<ele>409</ele>
</trkpt>
<trkpt lat="39.847432980313897" lon="2.858847985044122">
<ele>408</ele>
</trkpt>
<trkpt lat="39.847340025007725" lon="2.858711024746299">
<ele>407</ele>
</trkpt>
<trkpt lat="39.847271963953972" lon="2.858614968135953">
<ele>406</ele>
</trkpt>
<trkpt lat="39.847225025296211" lon="2.858561994507909">
<ele>405</ele>
</trkpt>
<trkpt lat="39.847120000049472" lon="2.858492005616427">
<ele>404</ele>
</trkpt>
<trkpt lat="39.847102984786034" lon="2.858502985909581">
<ele>404</ele>
</trkpt>
<trkpt lat="39.847063003107905" lon="2.858652016147971">
<ele>403</ele>
</trkpt>
<trkpt lat="39.847089992836118" lon="2.858717981725931">
<ele>402</ele>
</trkpt>
<trkpt lat="39.847112037241459" lon="2.858746983110905">
<ele>402</ele>
</trkpt>
<trkpt lat="39.847166016697884" lon="2.858894001692534">
<ele>401</ele>
</trkpt>
<trkpt lat="39.847194012254477" lon="2.858983017504215">
<ele>400</ele>
</trkpt>
<trkpt lat="39.847271963953972" lon="2.859160965308547">
<ele>399</ele>
</trkpt>
<trkpt lat="39.84728797338903" lon="2.859217962250114">
<ele>399</ele>
</trkpt>
<trkpt lat="39.847317980602384" lon="2.859418960288167">
<ele>398</ele>
</trkpt>
<trkpt lat="39.847314041107893" lon="2.859572013840079">
<ele>397</ele>
</trkpt>
<trkpt lat="39.847316974774003" lon="2.859606966376305">
<ele>396</ele>
</trkpt>
<trkpt lat="39.847312029451132" lon="2.85963898524642">
<ele>396</ele>
</trkpt>
<trkpt lat="39.847289985045791" lon="2.859763037413359">
<ele>395</ele>
</trkpt>
<trkpt lat="39.847302976995707" lon="2.859807964414358">
<ele>394</ele>
</trkpt>
<trkpt lat="39.847342036664486" lon="2.859911983832717">
<ele>393</ele>
</trkpt>
<trkpt lat="39.847337007522583" lon="2.860151035711169">
<ele>392</ele>
</trkpt>
<trkpt lat="39.847271963953972" lon="2.860234016552568">
<ele>392</ele>
</trkpt>
<trkpt lat="39.847186971455812" lon="2.860339041799307">
<ele>391</ele>
</trkpt>
<trkpt lat="39.847182026132941" lon="2.860384974628687">
<ele>390</ele>
</trkpt>
<trkpt lat="39.847146989777684" lon="2.860687980428338">
<ele>389</ele>
</trkpt>
<trkpt lat="39.847146989777684" lon="2.860729973763228">
<ele>388</ele>
</trkpt>
<trkpt lat="39.847118994221091" lon="2.860812032595277">
<ele>387</ele>
</trkpt>
<trkpt lat="39.847106002271175" lon="2.860875986516476">
<ele>386</ele>
</trkpt>
<trkpt lat="39.847084041684866" lon="2.8606260381639">
<ele>386</ele>
</trkpt>
<trkpt lat="39.847082030028105" lon="2.860614974051714">
<ele>385</ele>
</trkpt>
<trkpt lat="39.847065014764667" lon="2.860491005703807">
<ele>384</ele>
</trkpt>
<trkpt lat="39.847056968137622" lon="2.86037097685039">
<ele>383</ele>
</trkpt>
<trkpt lat="39.847036013379693" lon="2.860257988795638">
<ele>382</ele>
</trkpt>
<trkpt lat="39.847003994509578" lon="2.860105019062758">
<ele>381</ele>
</trkpt>
<trkpt lat="39.847001982852817" lon="2.860088003799319">
<ele>380</ele>
</trkpt>
<trkpt lat="39.846923025324941" lon="2.859915001317859">
<ele>380</ele>
</trkpt>
<trkpt lat="39.846917996183038" lon="2.859902009367943">
<ele>379</ele>
</trkpt>
<trkpt lat="39.846829986199737" lon="2.859779968857765">
<ele>379</ele>
</trkpt>
<trkpt lat="39.846822023391724" lon="2.859778963029385">
<ele>378</ele>
</trkpt>
<trkpt lat="39.846795033663511" lon="2.860008962452412">
<ele>377</ele>
</trkpt>
<trkpt lat="39.846801990643144" lon="2.86011197604239">
<ele>377</ele>
</trkpt>
<trkpt lat="39.846757985651493" lon="2.860228987410665">
<ele>376</ele>
</trkpt>
<trkpt lat="39.846684979274869" lon="2.860364019870758">
<ele>376</ele>
</trkpt>
<trkpt lat="39.846677016466856" lon="2.86039100959897">
<ele>375</ele>
</trkpt>
<trkpt lat="39.84664399176836" lon="2.860503997653723">
<ele>374</ele>
</trkpt>
<trkpt lat="39.846604010090232" lon="2.860666019842029">
<ele>374</ele>
</trkpt>
<trkpt lat="39.846554975956678" lon="2.860824018716812">
<ele>373</ele>
</trkpt>
<trkpt lat="39.846539972350001" lon="2.860853020101786">
<ele>372</ele>
</trkpt>
<trkpt lat="39.846504013985395" lon="2.861081007868052">
<ele>372</ele>
</trkpt>
<trkpt lat="39.846500996500254" lon="2.861092993989587">
<ele>371</ele>
</trkpt>
<trkpt lat="39.84644902870059" lon="2.861276976764202">
<ele>370</ele>
</trkpt>
<trkpt lat="39.846421033143997" lon="2.861491972580552">
<ele>369</ele>
</trkpt>
<trkpt lat="39.846420027315617" lon="2.861505970358849">
<ele>369</ele>
</trkpt>
<trkpt lat="39.84640896320343" lon="2.861610995605588">
<ele>368</ele>
</trkpt>
<trkpt lat="39.846399994567037" lon="2.861797995865345">
<ele>367</ele>
</trkpt>
<trkpt lat="39.846379039809108" lon="2.861960018053651">
<ele>367</ele>
</trkpt>
<trkpt lat="39.846316007897258" lon="2.862036963924766">
<ele>366</ele>
</trkpt>
<trkpt lat="39.846268985420465" lon="2.86193797364831">
<ele>365</ele>
</trkpt>
<trkpt lat="39.846280971542001" lon="2.861869996413589">
<ele>364</ele>
</trkpt>
<trkpt lat="39.846293041482568" lon="2.861802019178867">
<ele>364</ele>
</trkpt>
<trkpt lat="39.846328999847174" lon="2.861624993383884">
<ele>363</ele>
</trkpt>
<trkpt lat="39.846307961270213" lon="2.861461965367198">
<ele>362</ele>
</trkpt>
<trkpt lat="39.846188016235828" lon="2.861577970907092">
<ele>362</ele>
</trkpt>
<trkpt lat="39.846163038164377" lon="2.86161501891911">
<ele>361</ele>
</trkpt>
<trkpt lat="39.846077039837837" lon="2.861664975062013">
<ele>360</ele>
</trkpt>
<trkpt lat="39.84593496657908" lon="2.861630022525787">
<ele>359</ele>
</trkpt>
<trkpt lat="39.845814015716314" lon="2.861556010320783">
<ele>358</ele>
</trkpt>
<trkpt lat="39.845751989632845" lon="2.861494990065694">
<ele>357</ele>
</trkpt>
<trkpt lat="39.845678983256221" lon="2.861445033922792">
<ele>356</ele>
</trkpt>
<trkpt lat="39.845573036000133" lon="2.861362975090742">
<ele>356</ele>
</trkpt>
<trkpt lat="39.845472034066916" lon="2.861278988420963">
<ele>355</ele>
</trkpt>
<trkpt lat="39.845381006598473" lon="2.861216040328145">
<ele>354</ele>
</trkpt>
<trkpt lat="39.845271036028862" lon="2.86114202812314">
<ele>353</ele>
</trkpt>
<trkpt lat="39.845197023823857" lon="2.861114032566547">
<ele>352</ele>
</trkpt>
<trkpt lat="39.845098033547401" lon="2.861047983169556">
<ele>352</ele>
</trkpt>
<trkpt lat="39.844984039664268" lon="2.861027028411627">
<ele>351</ele>
</trkpt>
<trkpt lat="39.844908015802503" lon="2.861003978177905">
<ele>350</ele>
</trkpt>
<trkpt lat="39.844782035797834" lon="2.861000960692763">
<ele>350</ele>
</trkpt>
<trkpt lat="39.844721015542746" lon="2.860981011763215">
<ele>350</ele>
</trkpt>
<trkpt lat="39.844605010002851" lon="2.860984029248357">
<ele>349</ele>
</trkpt>
<trkpt lat="39.844481963664293" lon="2.860979000106454">
<ele>348</ele>
</trkpt>
<trkpt lat="39.844412980601192" lon="2.861017975956202">
<ele>348</ele>
</trkpt>
<trkpt lat="39.844381967559457" lon="2.861073967069387">
<ele>348</ele>
</trkpt>
<trkpt lat="39.844327988103032" lon="2.861197013407946">
<ele>347</ele>
</trkpt>
<trkpt lat="39.844322958961129" lon="2.861208999529481">
<ele>346</ele>
</trkpt>
<trkpt lat="39.844256993383169" lon="2.861302038654685">
<ele>346</ele>
</trkpt>
<trkpt lat="39.844226986169815" lon="2.861311007291079">
<ele>345</ele>
</trkpt>
<trkpt lat="39.844176024198532" lon="2.861171029508114">
<ele>345</ele>
</trkpt>
<trkpt lat="39.84410997480154" lon="2.861134987324476">
<ele>344</ele>
</trkpt>
<trkpt lat="39.844070998951793" lon="2.861238000914455">
<ele>343</ele>
</trkpt>
<trkpt lat="39.844091031700373" lon="2.861429024487734">
<ele>343</ele>
</trkpt>
<trkpt lat="39.844092959538102" lon="2.861449979245663">
<ele>342</ele>
</trkpt>
<trkpt lat="39.844093965366483" lon="2.861574031412602">
<ele>342</ele>
</trkpt>
<trkpt lat="39.844088014215231" lon="2.861608983948827">
<ele>341</ele>
</trkpt>
<trkpt lat="39.843978965654969" lon="2.861607978120446">
<ele>341</ele>
</trkpt>
<trkpt lat="39.843911994248629" lon="2.861549975350499">
<ele>340</ele>
</trkpt>
<trkpt lat="39.843870000913739" lon="2.861435981467366">
<ele>340</ele>
</trkpt>
<trkpt lat="39.843796994537115" lon="2.861340008676052">
<ele>340</ele>
</trkpt>
<trkpt lat="39.843760030344129" lon="2.861288962885737">
<ele>340</ele>
</trkpt>
<trkpt lat="39.843601025640965" lon="2.861297009512782">
<ele>339</ele>
</trkpt>
<trkpt lat="39.843560038134456" lon="2.861345037817955">
<ele>339</ele>
</trkpt>
<trkpt lat="39.843509998172522" lon="2.861394993960857">
<ele>339</ele>
</trkpt>
<trkpt lat="39.84339801594615" lon="2.86161401309073">
<ele>338</ele>
</trkpt>
<trkpt lat="39.843340013176203" lon="2.861676039174199">
<ele>338</ele>
</trkpt>
<trkpt lat="39.843271030113101" lon="2.861834960058332">
<ele>337</ele>
</trkpt>
<trkpt lat="39.843211015686393" lon="2.861964963376522">
<ele>336</ele>
</trkpt>
<trkpt lat="39.843211015686393" lon="2.86206697113812">
<ele>335</ele>
</trkpt>
<trkpt lat="39.84320699237287" lon="2.862223964184523">
<ele>334</ele>
</trkpt>
<trkpt lat="39.843204980716109" lon="2.862347010523081">
<ele>334</ele>
</trkpt>
<trkpt lat="39.843159969896078" lon="2.862469973042607">
<ele>333</ele>
</trkpt>
<trkpt lat="39.84314102679491" lon="2.862501991912723">
<ele>332</ele>
</trkpt>
<trkpt lat="39.843079000711441" lon="2.862471984699369">
<ele>331</ele>
</trkpt>
<trkpt lat="39.84307799488306" lon="2.862455975264311">
<ele>330</ele>
</trkpt>
<trkpt lat="39.843073971569538" lon="2.862336030229926">
<ele>329</ele>
</trkpt>
<trkpt lat="39.843048993498087" lon="2.862254977226257">
<ele>328</ele>
</trkpt>
<trkpt lat="39.842961989343166" lon="2.86230300553143">
<ele>328</ele>
</trkpt>
<trkpt lat="39.842898035421968" lon="2.862471984699369">
<ele>327</ele>
</trkpt>
<trkpt lat="39.842896023765206" lon="2.862487994134426">
<ele>326</ele>
</trkpt>
<trkpt lat="39.842924019321799" lon="2.862638030201197">
<ele>326</ele>
</trkpt>
<trkpt lat="39.842929970473051" lon="2.862697960808873">
<ele>325</ele>
</trkpt>
<trkpt lat="39.842910021543503" lon="2.862837016582489">
<ele>324</ele>
</trkpt>
<trkpt lat="39.842869034036994" lon="2.862921003252268">
<ele>323</ele>
</trkpt>
<trkpt lat="39.842744981870055" lon="2.863057041540742">
<ele>323</ele>
</trkpt>
<trkpt lat="39.84262503683567" lon="2.863070033490658">
<ele>322</ele>
</trkpt>
<trkpt lat="39.842565022408962" lon="2.86307598464191">
<ele>322</ele>
</trkpt>
<trkpt lat="39.84238900244236" lon="2.863102974370122">
<ele>322</ele>
</trkpt>
<trkpt lat="39.842280959710479" lon="2.863082019612193">
<ele>323</ele>
</trkpt>
<trkpt lat="39.842159003019333" lon="2.863023011013866">
<ele>323</ele>
</trkpt>
<trkpt lat="39.842064036056399" lon="2.862987974658608">
<ele>323</ele>
</trkpt>
<trkpt lat="39.841947024688125" lon="2.863028040155768">
<ele>323</ele>
</trkpt>
<trkpt lat="39.841909976676106" lon="2.863041032105684">
<ele>323</ele>
</trkpt>
<trkpt lat="39.841801011934876" lon="2.863089982420206">
<ele>324</ele>
</trkpt>
<trkpt lat="39.841707972809672" lon="2.863134993240237">
<ele>324</ele>
</trkpt>
<trkpt lat="39.841650975868106" lon="2.863151002675295">
<ele>324</ele>
</trkpt>
<trkpt lat="39.841563971713185" lon="2.863188972696662">
<ele>324</ele>
</trkpt>
<trkpt lat="39.841417036950588" lon="2.863261979073286">
<ele>325</ele>
</trkpt>
<trkpt lat="39.841374037787318" lon="2.863285029307008">
<ele>325</ele>
</trkpt>
<trkpt lat="39.841279992833734" lon="2.863374967128038">
<ele>325</ele>
</trkpt>
<trkpt lat="39.841144038364291" lon="2.863472029566765">
<ele>326</ele>
</trkpt>
<trkpt lat="39.841107996180654" lon="2.863489966839552">
<ele>326</ele>
</trkpt>
<trkpt lat="39.840914960950613" lon="2.863689037039876">
<ele>326</ele>
</trkpt>
<trkpt lat="39.840895012021065" lon="2.863713009282947">
<ele>326</ele>
</trkpt>
<trkpt lat="39.840826028957963" lon="2.86382800899446">
<ele>327</ele>
</trkpt>
<trkpt lat="39.840758973732591" lon="2.863983996212483">
<ele>327</ele>
</trkpt>
<trkpt lat="39.840723015367985" lon="2.864050967618823">
<ele>328</ele>
</trkpt>
<trkpt lat="39.840636011213064" lon="2.8641920350492">
<ele>328</ele>
</trkpt>
<trkpt lat="39.840622013434768" lon="2.864210978150368">
<ele>329</ele>
</trkpt>
<trkpt lat="39.84054003842175" lon="2.864351961761713">
<ele>330</ele>
</trkpt>
<trkpt lat="39.840444987639785" lon="2.864500992000103">
<ele>330</ele>
</trkpt>
<trkpt lat="39.840357983484864" lon="2.864637030288577">
<ele>331</ele>
</trkpt>
<trkpt lat="39.840267961844802" lon="2.864768961444497">
<ele>332</ele>
</trkpt>
<trkpt lat="39.840166037902236" lon="2.864842973649502">
<ele>333</ele>
</trkpt>
<trkpt lat="39.840080961585045" lon="2.864883039146662">
<ele>333</ele>
</trkpt>
<trkpt lat="39.840032011270523" lon="2.864920003339648">
<ele>334</ele>
</trkpt>
<trkpt lat="39.840054977685213" lon="2.86507498472929">
<ele>334</ele>
</trkpt>
<trkpt lat="39.840177018195391" lon="2.865219991654158">
<ele>334</ele>
</trkpt>
<trkpt lat="39.840215994045138" lon="2.865258967503905">
<ele>334</ele>
</trkpt>
<trkpt lat="39.840312972664833" lon="2.865395005792379">
<ele>334</ele>
</trkpt>
<trkpt lat="39.840324958786368" lon="2.865477986633778">
<ele>334</ele>
</trkpt>
<trkpt lat="39.840281959623098" lon="2.865602038800716">
<ele>333</ele>
</trkpt>
<trkpt lat="39.840256981551647" lon="2.865658029913902">
<ele>333</ele>
</trkpt>
<trkpt lat="39.840096971020103" lon="2.865858022123575">
<ele>333</ele>
</trkpt>
<trkpt lat="39.840086996555328" lon="2.86586900241673">
<ele>333</ele>
</trkpt>
<trkpt lat="39.840036034584045" lon="2.865943014621735">
<ele>333</ele>
</trkpt>
<trkpt lat="39.840014996007085" lon="2.866157004609704">
<ele>333</ele>
</trkpt>
<trkpt lat="39.840033017098904" lon="2.866368982940912">
<ele>332</ele>
</trkpt>
<trkpt lat="39.8400470148772" lon="2.866512984037399">
<ele>332</ele>
</trkpt>
<trkpt lat="39.840076016262174" lon="2.866655979305506">
<ele>332</ele>
</trkpt>
<trkpt lat="39.840118009597063" lon="2.866834010928869">
<ele>332</ele>
</trkpt>
<trkpt lat="39.840195961296558" lon="2.866999972611666">
<ele>331</ele>
</trkpt>
<trkpt lat="39.8401989787817" lon="2.867035008966923">
<ele>331</ele>
</trkpt>
<trkpt lat="39.840160002931952" lon="2.867246987298131">
<ele>331</ele>
</trkpt>
<trkpt lat="39.840135024860501" lon="2.867413032799959">
<ele>330</ele>
</trkpt>
<trkpt lat="39.840137036517262" lon="2.867466006428003">
<ele>330</ele>
</trkpt>
<trkpt lat="39.840185986831784" lon="2.867597015574575">
<ele>330</ele>
</trkpt>
<trkpt lat="39.84028397127986" lon="2.867693994194269">
<ele>330</ele>
</trkpt>
<trkpt lat="39.840386984869838" lon="2.867862973362207">
<ele>330</ele>
</trkpt>
<trkpt lat="39.840481029823422" lon="2.867969004437327">
<ele>330</ele>
</trkpt>
<trkpt lat="39.840511037036777" lon="2.868024995550513">
<ele>330</ele>
</trkpt>
<trkpt lat="39.840560993179679" lon="2.868133960291743">
<ele>329</ele>
</trkpt>
<trkpt lat="39.84075696207583" lon="2.868309980258346">
<ele>329</ele>
</trkpt>
<trkpt lat="39.840858969837427" lon="2.86836002022028">
<ele>329</ele>
</trkpt>
<trkpt lat="39.840897023677826" lon="2.868373012170196">
<ele>329</ele>
</trkpt>
<trkpt lat="39.841025015339255" lon="2.868458004668355">
<ele>329</ele>
</trkpt>
<trkpt lat="39.841062985360622" lon="2.868478959426284">
<ele>329</ele>
</trkpt>
<trkpt lat="39.841125011444092" lon="2.868581973016262">
<ele>329</ele>
</trkpt>
<trkpt lat="39.841117970645428" lon="2.868659002706409">
<ele>329</ele>
</trkpt>
<trkpt lat="39.841162981465459" lon="2.86883401684463">
<ele>329</ele>
</trkpt>
<trkpt lat="39.841186031699181" lon="2.868868969380856">
<ele>329</ele>
</trkpt>
<trkpt lat="39.841262977570295" lon="2.869054041802883">
<ele>329</ele>
</trkpt>
<trkpt lat="39.841302037239075" lon="2.869162000715733">
<ele>329</ele>
</trkpt>
<trkpt lat="39.841305976733565" lon="2.869202988222241">
<ele>329</ele>
</trkpt>
<trkpt lat="39.841182008385658" lon="2.869427958503366">
<ele>329</ele>
</trkpt>
<trkpt lat="39.84110196121037" lon="2.869542958214879">
<ele>329</ele>
</trkpt>
<trkpt lat="39.841029960662127" lon="2.869656030088663">
<ele>329</ele>
</trkpt>
<trkpt lat="39.840955026447773" lon="2.869755020365119">
<ele>328</ele>
</trkpt>
<trkpt lat="39.840926025062799" lon="2.869813023135066">
<ele>328</ele>
</trkpt>
<trkpt lat="39.840771965682507" lon="2.870022989809513">
<ele>328</ele>
</trkpt>
<trkpt lat="39.840697031468153" lon="2.870134972035885">
<ele>328</ele>
</trkpt>
<trkpt lat="39.840684039518237" lon="2.870155004784465">
<ele>327</ele>
</trkpt>
<trkpt lat="39.840512964874506" lon="2.870339993387461">
<ele>327</ele>
</trkpt>
<trkpt lat="39.840486980974674" lon="2.870360026136041">
<ele>327</ele>
</trkpt>
<trkpt lat="39.840331999585032" lon="2.870497992262244">
<ele>326</ele>
</trkpt>
<trkpt lat="39.84028497710824" lon="2.870611986145377">
<ele>326</ele>
</trkpt>
<trkpt lat="39.840299980714917" lon="2.870716005563736">
<ele>326</ele>
</trkpt>
<trkpt lat="39.840324958786368" lon="2.870879033580422">
<ele>327</ele>
</trkpt>
<trkpt lat="39.840331999585032" lon="2.870909040793777">
<ele>327</ele>
</trkpt>
<trkpt lat="39.840381033718586" lon="2.871125964447856">
<ele>327</ele>
</trkpt>
<trkpt lat="39.840435013175011" lon="2.871281029656529">
<ele>328</ele>
</trkpt>
<trkpt lat="39.840427972376347" lon="2.871355041861534">
<ele>328</ele>
</trkpt>
<trkpt lat="39.84039000235498" lon="2.87149703130126">
<ele>328</ele>
</trkpt>
<trkpt lat="39.840373992919922" lon="2.87151999771595">
<ele>328</ele>
</trkpt>
<trkpt lat="39.840270979329944" lon="2.871661987155676">
<ele>329</ele>
</trkpt>
<trkpt lat="39.840187998488545" lon="2.871875977143645">
<ele>329</ele>
</trkpt>
<trkpt lat="39.840167965739965" lon="2.871914030984044">
<ele>329</ele>
</trkpt>
<trkpt lat="39.840082973241806" lon="2.872082004323602">
<ele>328</ele>
</trkpt>
<trkpt lat="39.840059000998735" lon="2.872217036783695">
<ele>328</ele>
</trkpt>
<trkpt lat="39.840048020705581" lon="2.872229022905231">
<ele>328</ele>
</trkpt>
<trkpt lat="39.839987000450492" lon="2.872380986809731">
<ele>328</ele>
</trkpt>
<trkpt lat="39.839916005730629" lon="2.872513001784682">
<ele>327</ele>
</trkpt>
<trkpt lat="39.839879041537642" lon="2.872552983462811">
<ele>327</ele>
</trkpt>
<trkpt lat="39.839775022119284" lon="2.872620038688183">
<ele>327</ele>
</trkpt>
<trkpt lat="39.839729005470872" lon="2.872667983174324">
<ele>326</ele>
</trkpt>
<trkpt lat="39.839625991880894" lon="2.87280997261405">
<ele>326</ele>
</trkpt>
<trkpt lat="39.839507974684238" lon="2.872899994254112">
<ele>326</ele>
</trkpt>
<trkpt lat="39.839433962479234" lon="2.87297903560102">
<ele>326</ele>
</trkpt>
<trkpt lat="39.839387023821473" lon="2.873028991743922">
<ele>326</ele>
</trkpt>
<trkpt lat="39.8392319586128" lon="2.873178021982312">
<ele>326</ele>
</trkpt>
<trkpt lat="39.839227013289928" lon="2.873186990618706">
<ele>326</ele>
</trkpt>
<trkpt lat="39.839116958901286" lon="2.873381031677127">
<ele>326</ele>
</trkpt>
<trkpt lat="39.839102039113641" lon="2.873422019183636">
<ele>326</ele>
</trkpt>
<trkpt lat="39.839047975838184" lon="2.873701974749565">
<ele>326</ele>
</trkpt>
<trkpt lat="39.839028026908636" lon="2.873871959745884">
<ele>326</ele>
</trkpt>
<trkpt lat="39.83901696279645" lon="2.873958963900805">
<ele>326</ele>
</trkpt>
<trkpt lat="39.839004976674914" lon="2.874192986637354">
<ele>326</ele>
</trkpt>
<trkpt lat="39.839010005816817" lon="2.874240009114146">
<ele>326</ele>
</trkpt>
<trkpt lat="39.838985027745366" lon="2.874434972181916">
<ele>326</ele>
</trkpt>
<trkpt lat="39.838981004431844" lon="2.874443018808961">
<ele>326</ele>
</trkpt>
<trkpt lat="39.838983016088605" lon="2.874652985483408">
<ele>326</ele>
</trkpt>
<trkpt lat="39.838998019695282" lon="2.874812996014953">
<ele>326</ele>
</trkpt>
<trkpt lat="39.839030960574746" lon="2.875018017366529">
<ele>326</ele>
</trkpt>
<trkpt lat="39.839049987494946" lon="2.875094041228294">
<ele>326</ele>
</trkpt>
<trkpt lat="39.839077983051538" lon="2.875243993476033">
<ele>326</ele>
</trkpt>
<trkpt lat="39.839085023850203" lon="2.875291015952826">
<ele>326</ele>
</trkpt>
<trkpt lat="39.839111007750034" lon="2.875457983464003">
<ele>326</ele>
</trkpt>
<trkpt lat="39.839108996093273" lon="2.875499976798892">
<ele>327</ele>
</trkpt>
<trkpt lat="39.839154006913304" lon="2.875699969008565">
<ele>327</ele>
</trkpt>
<trkpt lat="39.839190971106291" lon="2.875802982598543">
<ele>328</ele>
</trkpt>
<trkpt lat="39.839243022724986" lon="2.875929968431592">
<ele>328</ele>
</trkpt>
<trkpt lat="39.839345030486584" lon="2.876086961477995">
<ele>328</ele>
</trkpt>
<trkpt lat="39.83938199467957" lon="2.876174971461296">
<ele>329</ele>
</trkpt>
<trkpt lat="39.839278981089592" lon="2.876254012808204">
<ele>329</ele>
</trkpt>
<trkpt lat="39.839207986369729" lon="2.876215036958456">
<ele>330</ele>
</trkpt>
<trkpt lat="39.839147971943021" lon="2.876195004209876">
<ele>330</ele>
</trkpt>
<trkpt lat="39.839010005816817" lon="2.876146975904703">
<ele>331</ele>
</trkpt>
<trkpt lat="39.838967006653547" lon="2.876141024753451">
<ele>331</ele>
</trkpt>
<trkpt lat="39.838882014155388" lon="2.876220988109708">
<ele>332</ele>
</trkpt>
<trkpt lat="39.838870028033853" lon="2.876219982281327">
<ele>333</ele>
</trkpt>
<trkpt lat="39.83878000639379" lon="2.876242026686668">
<ele>334</ele>
</trkpt>
<trkpt lat="39.838732983916998" lon="2.876257030293346">
<ele>334</ele>
</trkpt>
<trkpt lat="39.838596023619175" lon="2.876346968114376">
<ele>335</ele>
</trkpt>
<trkpt lat="39.838513964787126" lon="2.876455010846257">
<ele>336</ele>
</trkpt>
<trkpt lat="39.838438024744391" lon="2.876564981415868">
<ele>336</ele>
</trkpt>
<trkpt lat="39.838354960083961" lon="2.876680986955762">
<ele>337</ele>
</trkpt>
<trkpt lat="39.838327970355749" lon="2.876701019704342">
<ele>337</ele>
</trkpt>
<trkpt lat="39.838238032534719" lon="2.876836974173784">
<ele>337</ele>
</trkpt>
<trkpt lat="39.838233003392816" lon="2.876851977780461">
<ele>337</ele>
</trkpt>
<trkpt lat="39.838152034208179" lon="2.877015005797148">
<ele>337</ele>
</trkpt>
<trkpt lat="39.838138958439231" lon="2.877035960555077">
<ele>336</ele>
</trkpt>
<trkpt lat="39.838053965941072" lon="2.877204017713666">
<ele>336</ele>
</trkpt>
<trkpt lat="39.838039968162775" lon="2.877211980521679">
<ele>336</ele>
</trkpt>
<trkpt lat="39.837936032563448" lon="2.87729999050498">
<ele>336</ele>
</trkpt>
<trkpt lat="39.837860008701682" lon="2.877289010211825">
<ele>336</ele>
</trkpt>
<trkpt lat="39.83783695846796" lon="2.87727601826191">
<ele>336</ele>
</trkpt>
<trkpt lat="39.837793037295341" lon="2.877251962199807">
<ele>335</ele>
</trkpt>
<trkpt lat="39.837713995948434" lon="2.877246011048555">
<ele>335</ele>
</trkpt>
<trkpt lat="39.83768398873508" lon="2.877263026311994">
<ele>334</ele>
</trkpt>
<trkpt lat="39.837617017328739" lon="2.877296973019838">
<ele>334</ele>
</trkpt>
<trkpt lat="39.837563037872314" lon="2.877328991889954">
<ele>333</ele>
</trkpt>
<trkpt lat="39.837347958236933" lon="2.877356987446547">
<ele>332</ele>
</trkpt>
<trkpt lat="39.837270006537437" lon="2.877331003546715">
<ele>332</ele>
</trkpt>
<trkpt lat="39.837170010432601" lon="2.877265037968755">
<ele>331</ele>
</trkpt>
<trkpt lat="39.837130028754473" lon="2.877241987735033">
<ele>331</ele>
</trkpt>
<trkpt lat="39.837037995457649" lon="2.877180967479944">
<ele>330</ele>
</trkpt>
<trkpt lat="39.83684797771275" lon="2.877053981646895">
<ele>330</ele>
</trkpt>
<trkpt lat="39.836818976327777" lon="2.877030009403825">
<ele>330</ele>
</trkpt>
<trkpt lat="39.836716968566179" lon="2.876941999420524">
<ele>330</ele>
</trkpt>
<trkpt lat="39.836686961352825" lon="2.876922972500324">
<ele>330</ele>
</trkpt>
<trkpt lat="39.836556036025286" lon="2.876862036064267">
<ele>330</ele>
</trkpt>
<trkpt lat="39.836533991619945" lon="2.876862036064267">
<ele>330</ele>
</trkpt>
<trkpt lat="39.836440030485392" lon="2.87691299803555">
<ele>330</ele>
</trkpt>
<trkpt lat="39.836422009393573" lon="2.876926995813847">
<ele>330</ele>
</trkpt>
<trkpt lat="39.836298041045666" lon="2.876995978876948">
<ele>330</ele>
</trkpt>
<trkpt lat="39.836173988878727" lon="2.877064039930701">
<ele>330</ele>
</trkpt>
<trkpt lat="39.836037028580904" lon="2.877123970538378">
<ele>330</ele>
</trkpt>
<trkpt lat="39.835914988070726" lon="2.877174010500312">
<ele>331</ele>
</trkpt>
<trkpt lat="39.835778027772903" lon="2.877268977463245">
<ele>331</ele>
</trkpt>
<trkpt lat="39.835655987262726" lon="2.877328991889954">
<ele>332</ele>
</trkpt>
<trkpt lat="39.835575018078089" lon="2.877380959689617">
<ele>332</ele>
</trkpt>
<trkpt lat="39.835431016981602" lon="2.87744902074337">
<ele>332</ele>
</trkpt>
<trkpt lat="39.835305958986282" lon="2.877523032948375">
<ele>333</ele>
</trkpt>
<trkpt lat="39.835174027830362" lon="2.877586986869574">
<ele>333</ele>
</trkpt>
<trkpt lat="39.835049975663424" lon="2.877658987417817">
<ele>334</ele>
</trkpt>
<trkpt lat="39.834917960688472" lon="2.877730987966061">
<ele>334</ele>
</trkpt>
<trkpt lat="39.834770020097494" lon="2.877798965200782">
<ele>334</ele>
</trkpt>
<trkpt lat="39.834642028436065" lon="2.877899967133999">
<ele>334</ele>
</trkpt>
<trkpt lat="39.834609003737569" lon="2.877927040681243">
<ele>335</ele>
</trkpt>
<trkpt lat="39.834414962679148" lon="2.878111023455858">
<ele>335</ele>
</trkpt>
<trkpt lat="39.834264004603028" lon="2.878235997632146">
<ele>335</ele>
</trkpt>
<trkpt lat="39.834135007113218" lon="2.87832903675735">
<ele>335</ele>
</trkpt>
<trkpt lat="39.834026964381337" lon="2.878387961536646">
<ele>335</ele>
</trkpt>
<trkpt lat="39.833897966891527" lon="2.878461973741651">
<ele>336</ele>
</trkpt>
<trkpt lat="39.833771986886859" lon="2.8785440325737">
<ele>336</ele>
</trkpt>
<trkpt lat="39.833631003275514" lon="2.878629025071859">
<ele>336</ele>
</trkpt>
<trkpt lat="39.833496976643801" lon="2.878727009519935">
<ele>336</ele>
</trkpt>
<trkpt lat="39.833360016345978" lon="2.878799010068178">
<ele>337</ele>
</trkpt>
<trkpt lat="39.83321500942111" lon="2.878858018666506">
<ele>337</ele>
</trkpt>
<trkpt lat="39.833097998052835" lon="2.878905041143298">
<ele>337</ele>
</trkpt>
<trkpt lat="39.832971012219787" lon="2.878989027813077">
<ele>338</ele>
</trkpt>
<trkpt lat="39.832837991416454" lon="2.879094975069165">
<ele>338</ele>
</trkpt>
<trkpt lat="39.832733971998096" lon="2.879210980609059">
<ele>338</ele>
</trkpt>
<trkpt lat="39.832663983106613" lon="2.879284992814064">
<ele>338</ele>
</trkpt>
<trkpt lat="39.832529034465551" lon="2.879408961161971">
<ele>339</ele>
</trkpt>
<trkpt lat="39.832407999783754" lon="2.879505017772317">
<ele>339</ele>
</trkpt>
<trkpt lat="39.832353014498949" lon="2.879535024985671">
<ele>339</ele>
</trkpt>
<trkpt lat="39.832240026444197" lon="2.879583975300193">
<ele>340</ele>
</trkpt>
<trkpt lat="39.832087978720665" lon="2.879632003605366">
<ele>340</ele>
</trkpt>
<trkpt lat="39.832039028406143" lon="2.879643989726901">
<ele>340</ele>
</trkpt>
<trkpt lat="39.83188102953136" lon="2.879718001931906">
<ele>340</ele>
</trkpt>
<trkpt lat="39.831794025376439" lon="2.879734011366963">
<ele>341</ele>
</trkpt>
<trkpt lat="39.831756977364421" lon="2.879744991660118">
<ele>341</ele>
</trkpt>
<trkpt lat="39.831652035936713" lon="2.879751026630402">
<ele>341</ele>
</trkpt>
<trkpt lat="39.83145497739315" lon="2.879786984995008">
<ele>342</ele>
</trkpt>
<trkpt lat="39.831394962966442" lon="2.879787990823388">
<ele>342</ele>
</trkpt>
<trkpt lat="39.831283986568451" lon="2.879790002480149">
<ele>342</ele>
</trkpt>
<trkpt lat="39.831149959936738" lon="2.879800982773304">
<ele>342</ele>
</trkpt>
<trkpt lat="39.831077037379146" lon="2.87979201413691">
<ele>343</ele>
</trkpt>
<trkpt lat="39.830949967727065" lon="2.879799976944923">
<ele>343</ele>
</trkpt>
<trkpt lat="39.830833962187171" lon="2.879802994430065">
<ele>343</ele>
</trkpt>
<trkpt lat="39.83076598495245" lon="2.879797965288162">
<ele>343</ele>
</trkpt>
<trkpt lat="39.830632964149117" lon="2.879816992208362">
<ele>343</ele>
</trkpt>
<trkpt lat="39.830491980537772" lon="2.879838030785322">
<ele>344</ele>
</trkpt>
<trkpt lat="39.830436995252967" lon="2.879836019128561">
<ele>344</ele>
</trkpt>
<trkpt lat="39.830397013574839" lon="2.879822021350265">
<ele>344</ele>
</trkpt>
<trkpt lat="39.830212024971843" lon="2.879827972501516">
<ele>344</ele>
</trkpt>
<trkpt lat="39.830095013603568" lon="2.879825038835406">
<ele>345</ele>
</trkpt>
<trkpt lat="39.829994011670351" lon="2.879844987764955">
<ele>345</ele>
</trkpt>
<trkpt lat="39.829895021393895" lon="2.8798340074718">
<ele>345</ele>
</trkpt>
<trkpt lat="39.829809023067355" lon="2.87983501330018">
<ele>346</ele>
</trkpt>
<trkpt lat="39.829708021134138" lon="2.87983501330018">
<ele>346</ele>
</trkpt>
<trkpt lat="39.829610036686063" lon="2.879819003865123">
<ele>346</ele>
</trkpt>
<trkpt lat="39.829590003937483" lon="2.879807017743588">
<ele>346</ele>
</trkpt>
<trkpt lat="39.829466035589576" lon="2.879699980840087">
<ele>347</ele>
</trkpt>
<trkpt lat="39.829427981749177" lon="2.879650024697185">
<ele>347</ele>
</trkpt>
<trkpt lat="39.829394035041332" lon="2.879500994458795">
<ele>347</ele>
</trkpt>
<trkpt lat="39.829395040869713" lon="2.879471993073821">
<ele>348</ele>
</trkpt>
<trkpt lat="39.829392023384571" lon="2.879471993073821">
<ele>348</ele>
</trkpt>
<trkpt lat="39.829382970929146" lon="2.87942698225379">
<ele>348</ele>
</trkpt>
<trkpt lat="39.829380959272385" lon="2.879406027495861">
<ele>348</ele>
</trkpt>
<trkpt lat="39.829285992309451" lon="2.879237970337272">
<ele>349</ele>
</trkpt>
<trkpt lat="39.829204017296433" lon="2.879192959517241">
<ele>349</ele>
</trkpt>
<trkpt lat="39.829083988443017" lon="2.879159012809396">
<ele>349</ele>
</trkpt>
<trkpt lat="39.828963959589601" lon="2.879200000315905">
<ele>350</ele>
</trkpt>
<trkpt lat="39.828894976526499" lon="2.879222966730595">
<ele>350</ele>
</trkpt>
<trkpt lat="39.828759022057056" lon="2.879287004470825">
<ele>351</ele>
</trkpt>
<trkpt lat="39.828663971275091" lon="2.879316005855799">
<ele>351</ele>
</trkpt>
<trkpt lat="39.82853296212852" lon="2.87936101667583">
<ele>352</ele>
</trkpt>
<trkpt lat="39.828415028750896" lon="2.879399992525578">
<ele>352</ele>
</trkpt>
<trkpt lat="39.828265998512506" lon="2.879438968375325">
<ele>353</ele>
</trkpt>
<trkpt lat="39.828213024884462" lon="2.879461012780666">
<ele>354</ele>
</trkpt>
<trkpt lat="39.828106993809342" lon="2.879521027207375">
<ele>354</ele>
</trkpt>
<trkpt lat="39.82803700491786" lon="2.879556985571981">
<ele>355</ele>
</trkpt>
<trkpt lat="39.827874982729554" lon="2.879613982513547">
<ele>355</ele>
</trkpt>
<trkpt lat="39.827775992453098" lon="2.879671985283494">
<ele>356</ele>
</trkpt>
<trkpt lat="39.827652024105191" lon="2.879696963354945">
<ele>357</ele>
</trkpt>
<trkpt lat="39.827611036598682" lon="2.879710039123893">
<ele>358</ele>
</trkpt>
<trkpt lat="39.827496958896518" lon="2.879729988053441">
<ele>358</ele>
</trkpt>
<trkpt lat="39.82750098221004" lon="2.879539970308542">
<ele>359</ele>
</trkpt>
<trkpt lat="39.827505005523562" lon="2.879514992237091">
<ele>360</ele>
</trkpt>
<trkpt lat="39.827531995251775" lon="2.879376020282507">
<ele>361</ele>
</trkpt>
<trkpt lat="39.827540041878819" lon="2.879235958680511">
<ele>362</ele>
</trkpt>
<trkpt lat="39.827540041878819" lon="2.879182985052466">
<ele>362</ele>
</trkpt>
<trkpt lat="39.827550016343594" lon="2.879153983667493">
<ele>363</ele>
</trkpt>
<trkpt lat="39.827549010515213" lon="2.879091035574675">
<ele>364</ele>
</trkpt>
<trkpt lat="39.827559990808368" lon="2.879037978127599">
<ele>364</ele>
</trkpt>
<trkpt lat="39.827578011900187" lon="2.879011994227767">
<ele>365</ele>
</trkpt>
<trkpt lat="39.827616987749934" lon="2.878846032544971">
<ele>365</ele>
</trkpt>
<trkpt lat="39.827626962214708" lon="2.8786959964782">
<ele>365</ele>
</trkpt>
<trkpt lat="39.827631991356611" lon="2.878459040075541">
<ele>366</ele>
</trkpt>
<trkpt lat="39.827627968043089" lon="2.878371030092239">
<ele>366</ele>
</trkpt>
<trkpt lat="39.827636014670134" lon="2.878344962373376">
<ele>366</ele>
</trkpt>
<trkpt lat="39.827639032155275" lon="2.878243960440159">
<ele>366</ele>
</trkpt>
<trkpt lat="39.827692005783319" lon="2.878040028735995">
<ele>367</ele>
</trkpt>
<trkpt lat="39.827702986076474" lon="2.878028964623809">
<ele>367</ele>
</trkpt>
<trkpt lat="39.827683959156275" lon="2.877755966037512">
<ele>367</ele>
</trkpt>
<trkpt lat="39.827680019661784" lon="2.877697041258216">
<ele>368</ele>
</trkpt>
<trkpt lat="39.827698040753603" lon="2.877572989091277">
<ele>368</ele>
</trkpt>
<trkpt lat="39.82775897718966" lon="2.877395041286945">
<ele>369</ele>
</trkpt>
<trkpt lat="39.827831983566284" lon="2.877265959978104">
<ele>369</ele>
</trkpt>
<trkpt lat="39.827872971072793" lon="2.877160012722015">
<ele>369</ele>
</trkpt>
<trkpt lat="39.827891997992992" lon="2.877136040478945">
<ele>370</ele>
</trkpt>
<trkpt lat="39.827934997156262" lon="2.877032021060586">
<ele>370</ele>
</trkpt>
<trkpt lat="39.827947989106178" lon="2.877030009403825">
<ele>371</ele>
</trkpt>
<trkpt lat="39.828075980767608" lon="2.876883996650577">
<ele>371</ele>
</trkpt>
<trkpt lat="39.828133983537555" lon="2.876793975010514">
<ele>372</ele>
</trkpt>
<trkpt lat="39.828220987692475" lon="2.876728009432554">
<ele>372</ele>
</trkpt>
<trkpt lat="39.828373035416007" lon="2.876652991399169">
<ele>373</ele>
</trkpt>
<trkpt lat="39.828480994328856" lon="2.876609992235899">
<ele>373</ele>
</trkpt>
<trkpt lat="39.828490968793631" lon="2.876606974750757">
<ele>374</ele>
</trkpt>
<trkpt lat="39.828518964350224" lon="2.876578979194164">
<ele>374</ele>
</trkpt>
<trkpt lat="39.828535979613662" lon="2.876550983637571">
<ele>375</ele>
</trkpt>
<trkpt lat="39.828469008207321" lon="2.876479988917708">
<ele>375</ele>
</trkpt>
<trkpt lat="39.828374963253736" lon="2.876450987532735">
<ele>375</ele>
</trkpt>
<trkpt lat="39.828349985182285" lon="2.876454005017877">
<ele>375</ele>
</trkpt>
<trkpt lat="39.82833799906075" lon="2.876455010846257">
<ele>375</ele>
</trkpt>
<trkpt lat="39.828204978257418" lon="2.876435983926058">
<ele>375</ele>
</trkpt>
<trkpt lat="39.828175976872444" lon="2.876429026946425">
<ele>375</ele>
</trkpt>
<trkpt lat="39.828077992424369" lon="2.876410000026226">
<ele>375</ele>
</trkpt>
<trkpt lat="39.82805997133255" lon="2.87641704082489">
<ele>375</ele>
</trkpt>
<trkpt lat="39.827979002147913" lon="2.876443024724722">
<ele>375</ele>
</trkpt>
<trkpt lat="39.827872971072793" lon="2.87648200057447">
<ele>375</ele>
</trkpt>
<trkpt lat="39.827802982181311" lon="2.876501027494669">
<ele>376</ele>
</trkpt>
<trkpt lat="39.827706003561616" lon="2.876566993072629">
<ele>376</ele>
</trkpt>
<trkpt lat="39.827539036050439" lon="2.876709988340735">
<ele>377</ele>
</trkpt>
<trkpt lat="39.827519003301859" lon="2.876727003604174">
<ele>378</ele>
</trkpt>
<trkpt lat="39.82739201746881" lon="2.876865975558758">
<ele>378</ele>
</trkpt>
<trkpt lat="39.827296966686845" lon="2.876962032169104">
<ele>379</ele>
</trkpt>
<trkpt lat="39.827240975573659" lon="2.877037972211838">
<ele>380</ele>
</trkpt>
<trkpt lat="39.827168975025415" lon="2.877109972760081">
<ele>381</ele>
</trkpt>
<trkpt lat="39.827067973092198" lon="2.877204017713666">
<ele>381</ele>
</trkpt>
<trkpt lat="39.827034026384354" lon="2.877227989956737">
<ele>382</ele>
</trkpt>
<trkpt lat="39.826861023902893" lon="2.87731901742518">
<ele>382</ele>
</trkpt>
<trkpt lat="39.826814001426101" lon="2.87734298966825">
<ele>383</ele>
</trkpt>
<trkpt lat="39.826716016978025" lon="2.877530995756388">
<ele>383</ele>
</trkpt>
<trkpt lat="39.826701013371348" lon="2.877567037940025">
<ele>383</ele>
</trkpt>
<trkpt lat="39.826650973409414" lon="2.877812962979078">
<ele>384</ele>
</trkpt>
<trkpt lat="39.82661702670157" lon="2.877950007095933">
<ele>384</ele>
</trkpt>
<trkpt lat="39.82661803252995" lon="2.877979008480907">
<ele>384</ele>
</trkpt>
<trkpt lat="39.826604034751654" lon="2.878013039007783">
<ele>384</ele>
</trkpt>
<trkpt lat="39.826518958434463" lon="2.878117980435491">
<ele>385</ele>
</trkpt>
<trkpt lat="39.826515018939972" lon="2.878141030669212">
<ele>385</ele>
</trkpt>
<trkpt lat="39.826432960107923" lon="2.878251001238823">
<ele>386</ele>
</trkpt>
<trkpt lat="39.82636003755033" lon="2.878291988745332">
<ele>387</ele>
</trkpt>
<trkpt lat="39.826311003416777" lon="2.878339011222124">
<ele>387</ele>
</trkpt>
<trkpt lat="39.826201032847166" lon="2.878420986235142">
<ele>388</ele>
</trkpt>
<trkpt lat="39.82614797540009" lon="2.878307998180389">
<ele>389</ele>
</trkpt>
<trkpt lat="39.826186029240489" lon="2.878204984590411">
<ele>390</ele>
</trkpt>
<trkpt lat="39.826202960684896" lon="2.878118986263871">
<ele>391</ele>
</trkpt>
<trkpt lat="39.826256018131971" lon="2.877958975732327">
<ele>391</ele>
</trkpt>
<trkpt lat="39.826270015910268" lon="2.877846993505955">
<ele>392</ele>
</trkpt>
<trkpt lat="39.826221987605095" lon="2.877753032371402">
<ele>393</ele>
</trkpt>
<trkpt lat="39.826182005926967" lon="2.877780022099614">
<ele>394</ele>
</trkpt>
<trkpt lat="39.826136995106936" lon="2.877831989899278">
<ele>394</ele>
</trkpt>
<trkpt lat="39.826064994558692" lon="2.877936009317637">
<ele>395</ele>
</trkpt>
<trkpt lat="39.825958963483572" lon="2.878033993765712">
<ele>395</ele>
</trkpt>
<trkpt lat="39.825860979035497" lon="2.878109011799097">
<ele>396</ele>
</trkpt>
<trkpt lat="39.825762994587421" lon="2.878189980983734">
<ele>397</ele>
</trkpt>
<trkpt lat="39.825711026787758" lon="2.878212025389075">
<ele>397</ele>
</trkpt>
<trkpt lat="39.825606001541018" lon="2.878186041489244">
<ele>398</ele>
</trkpt>
<trkpt lat="39.825590997934341" lon="2.878163997083902">
<ele>398</ele>
</trkpt>
<trkpt lat="39.825671967118979" lon="2.877999041229487">
<ele>399</ele>
</trkpt>
<trkpt lat="39.825743967667222" lon="2.877945983782411">
<ele>400</ele>
</trkpt>
<trkpt lat="39.825841030105948" lon="2.877838024869561">
<ele>400</ele>
</trkpt>
<trkpt lat="39.825830971822143" lon="2.877738028764725">
<ele>401</ele>
</trkpt>
<trkpt lat="39.825745979323983" lon="2.87770701572299">
<ele>402</ele>
</trkpt>
<trkpt lat="39.825600972399116" lon="2.877683965489268">
<ele>402</ele>
</trkpt>
<trkpt lat="39.825518997386098" lon="2.877679020166397">
<ele>403</ele>
</trkpt>
<trkpt lat="39.825392011553049" lon="2.87768698297441">
<ele>404</ele>
</trkpt>
<trkpt lat="39.825313976034522" lon="2.877698969095945">
<ele>405</ele>
</trkpt>
<trkpt lat="39.825202999636531" lon="2.877921005710959">
<ele>405</ele>
</trkpt>
<trkpt lat="39.825177015736699" lon="2.878025025129318">
<ele>406</ele>
</trkpt>
<trkpt lat="39.825167963281274" lon="2.878163997083902">
<ele>407</ele>
</trkpt>
<trkpt lat="39.825199982151389" lon="2.878267010673881">
<ele>408</ele>
</trkpt>
<trkpt lat="39.825202999636531" lon="2.878276985138655">
<ele>408</ele>
</trkpt>
<trkpt lat="39.82524398714304" lon="2.878407994285226">
<ele>409</ele>
</trkpt>
<trkpt lat="39.825254967436194" lon="2.878449987620115">
<ele>410</ele>
</trkpt>
<trkpt lat="39.825250022113323" lon="2.878590971231461">
<ele>411</ele>
</trkpt>
<trkpt lat="39.825242981314659" lon="2.878678981214762">
<ele>412</ele>
</trkpt>
<trkpt lat="39.825132004916668" lon="2.878831028938294">
<ele>412</ele>
</trkpt>
<trkpt lat="39.825061010196805" lon="2.878831028938294">
<ele>413</ele>
</trkpt>
<trkpt lat="39.82509302906692" lon="2.878660960122943">
<ele>414</ele>
</trkpt>
<trkpt lat="39.82511599548161" lon="2.878575967624784">
<ele>415</ele>
</trkpt>
<trkpt lat="39.825099986046553" lon="2.878459040075541">
<ele>415</ele>
</trkpt>
<trkpt lat="39.825023962184787" lon="2.878306992352009">
<ele>416</ele>
</trkpt>
<trkpt lat="39.824980963021517" lon="2.878209007903934">
<ele>416</ele>
</trkpt>
<trkpt lat="39.8248799610883" lon="2.878102976828814">
<ele>417</ele>
</trkpt>
<trkpt lat="39.824871998280287" lon="2.878096019849181">
<ele>418</ele>
</trkpt>
<trkpt lat="39.824885996058583" lon="2.878346974030137">
<ele>418</ele>
</trkpt>
<trkpt lat="39.824845008552074" lon="2.878479994833469">
<ele>419</ele>
</trkpt>
<trkpt lat="39.824809972196817" lon="2.878603963181377">
<ele>419</ele>
</trkpt>
<trkpt lat="39.824801003560424" lon="2.878660038113594">
<ele>420</ele>
</trkpt>
<trkpt lat="39.824746018275619" lon="2.878761040046811">
<ele>421</ele>
</trkpt>
<trkpt lat="39.824692038819194" lon="2.878877967596054">
<ele>421</ele>
</trkpt>
<trkpt lat="39.824653984978795" lon="2.878962038084865">
<ele>422</ele>
</trkpt>
<trkpt lat="39.824594976380467" lon="2.878973018378019">
<ele>423</ele>
</trkpt>
<trkpt lat="39.824616014957428" lon="2.878795992583036">
<ele>424</ele>
</trkpt>
<trkpt lat="39.824648033827543" lon="2.878732038661838">
<ele>424</ele>
</trkpt>
<trkpt lat="39.824691032990813" lon="2.87858703173697">
<ele>425</ele>
</trkpt>
<trkpt lat="39.824706958606839" lon="2.87852399982512">
<ele>426</ele>
</trkpt>
<trkpt lat="39.824588019400835" lon="2.878485023975372">
<ele>426</ele>
</trkpt>
<trkpt lat="39.824562035501003" lon="2.878535985946655">
<ele>427</ele>
</trkpt>
<trkpt lat="39.824500009417534" lon="2.878677975386381">
<ele>428</ele>
</trkpt>
<trkpt lat="39.824454998597503" lon="2.878839997574687">
<ele>429</ele>
</trkpt>
<trkpt lat="39.824422979727387" lon="2.878930019214749">
<ele>429</ele>
</trkpt>
<trkpt lat="39.824380986392498" lon="2.878880985081196">
<ele>430</ele>
</trkpt>
<trkpt lat="39.824399007484317" lon="2.878790963441134">
<ele>431</ele>
</trkpt>
<trkpt lat="39.82440403662622" lon="2.878757016733289">
<ele>432</ele>
</trkpt>
<trkpt lat="39.824457010254264" lon="2.878530034795404">
<ele>433</ele>
</trkpt>
<trkpt lat="39.82444703578949" lon="2.878393996506929">
<ele>433</ele>
</trkpt>
<trkpt lat="39.82442700304091" lon="2.878241026774049">
<ele>434</ele>
</trkpt>
<trkpt lat="39.824402024969459" lon="2.878105994313955">
<ele>435</ele>
</trkpt>
<trkpt lat="39.824327006936073" lon="2.878075987100601">
<ele>436</ele>
</trkpt>
<trkpt lat="39.824249977245927" lon="2.878256030380726">
<ele>437</ele>
</trkpt>
<trkpt lat="39.824226005002856" lon="2.878403970971704">
<ele>438</ele>
</trkpt>
<trkpt lat="39.824208989739418" lon="2.878580996766686">
<ele>439</ele>
</trkpt>
<trkpt lat="39.824180994182825" lon="2.878763973712921">
<ele>440</ele>
</trkpt>
<trkpt lat="39.824133971706033" lon="2.878745030611754">
<ele>442</ele>
</trkpt>
<trkpt lat="39.824150986969471" lon="2.878574961796403">
<ele>443</ele>
</trkpt>
<trkpt lat="39.824163978919387" lon="2.878526011481881">
<ele>444</ele>
</trkpt>
<trkpt lat="39.824185017496347" lon="2.878387039527297">
<ele>445</ele>
</trkpt>
<trkpt lat="39.824190968647599" lon="2.878272039815784">
<ele>446</ele>
</trkpt>
<trkpt lat="39.824180994182825" lon="2.878170032054186">
<ele>447</ele>
</trkpt>
<trkpt lat="39.82410698197782" lon="2.87805100902915">
<ele>448</ele>
</trkpt>
<trkpt lat="39.824046967551112" lon="2.877959981560707">
<ele>448</ele>
</trkpt>
<trkpt lat="39.824003968387842" lon="2.877841964364052">
<ele>449</ele>
</trkpt>
<trkpt lat="39.823930962011218" lon="2.877719001844525">
<ele>450</ele>
</trkpt>
<trkpt lat="39.823918975889683" lon="2.87762001156807">
<ele>451</ele>
</trkpt>
<trkpt lat="39.823900032788515" lon="2.877527978271246">
<ele>452</ele>
</trkpt>
<trkpt lat="39.823855021968484" lon="2.877392023801804">
<ele>452</ele>
</trkpt>
<trkpt lat="39.823829960078001" lon="2.87734198383987">
<ele>453</ele>
</trkpt>
<trkpt lat="39.82380598783493" lon="2.877505011856556">
<ele>454</ele>
</trkpt>
<trkpt lat="39.823860973119736" lon="2.87770600989461">
<ele>454</ele>
</trkpt>
<trkpt lat="39.823883017525077" lon="2.877839030697942">
<ele>454</ele>
</trkpt>
<trkpt lat="39.823883017525077" lon="2.877890998497605">
<ele>455</ele>
</trkpt>
<trkpt lat="39.823920987546444" lon="2.878099959343672">
<ele>455</ele>
</trkpt>
<trkpt lat="39.823930962011218" lon="2.878244966268539">
<ele>455</ele>
</trkpt>
<trkpt lat="39.823926016688347" lon="2.878377987071872">
<ele>455</ele>
</trkpt>
<trkpt lat="39.823942026123405" lon="2.878500027582049">
<ele>455</ele>
</trkpt>
<trkpt lat="39.823959963396192" lon="2.878628019243479">
<ele>456</ele>
</trkpt>
<trkpt lat="39.823982007801533" lon="2.878736983984709">
<ele>456</ele>
</trkpt>
<trkpt lat="39.823956023901701" lon="2.878876961767674">
<ele>456</ele>
</trkpt>
<trkpt lat="39.823929034173489" lon="2.878960026428103">
<ele>457</ele>
</trkpt>
<trkpt lat="39.823883017525077" lon="2.879091035574675">
<ele>457</ele>
</trkpt>
<trkpt lat="39.823834989219904" lon="2.879234030842781">
<ele>458</ele>
</trkpt>
<trkpt lat="39.823824008926749" lon="2.879342995584011">
<ele>458</ele>
</trkpt>
<trkpt lat="39.823837000876665" lon="2.879477022215724">
<ele>459</ele>
</trkpt>
<trkpt lat="39.823817973956466" lon="2.8795559797436">
<ele>460</ele>
</trkpt>
<trkpt lat="39.823795007541776" lon="2.879697969183326">
<ele>460</ele>
</trkpt>
<trkpt lat="39.823809005320072" lon="2.879763012751937">
<ele>461</ele>
</trkpt>
<trkpt lat="39.823818979784846" lon="2.879859991371632">
<ele>461</ele>
</trkpt>
<trkpt lat="39.823799030855298" lon="2.88002897053957">
<ele>462</ele>
</trkpt>
<trkpt lat="39.823802970349789" lon="2.880041962489486">
<ele>462</ele>
</trkpt>
<trkpt lat="39.82380598783493" lon="2.88007004186511">
<ele>463</ele>
</trkpt>
<trkpt lat="39.823829960078001" lon="2.880215970799327">
<ele>463</ele>
</trkpt>
<trkpt lat="39.82384798116982" lon="2.880387967452407">
<ele>464</ele>
</trkpt>
<trkpt lat="39.823853010311723" lon="2.880549989640713">
<ele>464</ele>
</trkpt>
<trkpt lat="39.823817973956466" lon="2.880686027929187">
<ele>464</ele>
</trkpt>
<trkpt lat="39.823757959529757" lon="2.88080002181232">
<ele>465</ele>
</trkpt>
<trkpt lat="39.823683025315404" lon="2.880932036787272">
<ele>465</ele>
</trkpt>
<trkpt lat="39.823663998395205" lon="2.880958020687103">
<ele>466</ele>
</trkpt>
<trkpt lat="39.823608007282019" lon="2.881091041490436">
<ele>466</ele>
</trkpt>
<trkpt lat="39.823480015620589" lon="2.881220038980246">
<ele>466</ele>
</trkpt>
<trkpt lat="39.823453025892377" lon="2.881234958767891">
<ele>466</ele>
</trkpt>
<trkpt lat="39.823299972340465" lon="2.881323974579573">
<ele>467</ele>
</trkpt>
<trkpt lat="39.823178015649319" lon="2.881335960701108">
<ele>467</ele>
</trkpt>
<trkpt lat="39.823062010109425" lon="2.881358005106449">
<ele>467</ele>
</trkpt>
<trkpt lat="39.822937035933137" lon="2.881373008713126">
<ele>467</ele>
</trkpt>
<trkpt lat="39.822904011234641" lon="2.881550034508109">
<ele>467</ele>
</trkpt>
<trkpt lat="39.822912979871035" lon="2.88157400675118">
<ele>468</ele>
</trkpt>
<trkpt lat="39.822875009849668" lon="2.881724964827299">
<ele>468</ele>
</trkpt>
<trkpt lat="39.822869980707765" lon="2.881740974262357">
<ele>468</ele>
</trkpt>
<trkpt lat="39.82281700707972" lon="2.881838958710432">
<ele>468</ele>
</trkpt>
<trkpt lat="39.822736037895083" lon="2.881942978128791">
<ele>468</ele>
</trkpt>
<trkpt lat="39.822679040953517" lon="2.88206996396184">
<ele>469</ele>
</trkpt>
<trkpt lat="39.822599999606609" lon="2.88222000002861">
<ele>469</ele>
</trkpt>
<trkpt lat="39.82255800627172" lon="2.882307004183531">
<ele>469</ele>
</trkpt>
<trkpt lat="39.822477959096432" lon="2.88245796225965">
<ele>469</ele>
</trkpt>
<trkpt lat="39.822410987690091" lon="2.882587965577841">
<ele>469</ele>
</trkpt>
<trkpt lat="39.82236597687006" lon="2.882783012464643">
<ele>470</ele>
</trkpt>
<trkpt lat="39.822340998798609" lon="2.882944028824568">
<ele>470</ele>
</trkpt>
<trkpt lat="39.822345022112131" lon="2.883127005770803">
<ele>470</ele>
</trkpt>
<trkpt lat="39.822329012677073" lon="2.88329103961587">
<ele>470</ele>
</trkpt>
<trkpt lat="39.822329012677073" lon="2.883343007415533">
<ele>470</ele>
</trkpt>
<trkpt lat="39.822340998798609" lon="2.883493965491653">
<ele>470</ele>
</trkpt>
<trkpt lat="39.822354996576905" lon="2.88363503292203">
<ele>470</ele>
</trkpt>
<trkpt lat="39.822375029325485" lon="2.883759001269937">
<ele>470</ele>
</trkpt>
<trkpt lat="39.822401013225317" lon="2.883891016244888">
<ele>469</ele>
</trkpt>
<trkpt lat="39.822415011003613" lon="2.883952036499977">
<ele>469</ele>
</trkpt>
<trkpt lat="39.822425991296768" lon="2.884070975705981">
<ele>469</ele>
</trkpt>
<trkpt lat="39.822424985468388" lon="2.88406603038311">
<ele>469</ele>
</trkpt>
<trkpt lat="39.82242900878191" lon="2.884100982919335">
<ele>469</ele>
</trkpt>
<trkpt lat="39.822415011003613" lon="2.884176000952721">
<ele>469</ele>
</trkpt>
<trkpt lat="39.822309985756874" lon="2.884244984015822">
<ele>469</ele>
</trkpt>
<trkpt lat="39.822296993806958" lon="2.884266022592783">
<ele>469</ele>
</trkpt>
<trkpt lat="39.822208983823657" lon="2.884298041462898">
<ele>469</ele>
</trkpt>
<trkpt lat="39.822104964405298" lon="2.884331988170743">
<ele>470</ele>
</trkpt>
<trkpt lat="39.822011003270745" lon="2.884378004819155">
<ele>470</ele>
</trkpt>
<trkpt lat="39.821922993287444" lon="2.884396025910974">
<ele>470</ele>
</trkpt>
<trkpt lat="39.821799024939537" lon="2.884439025074244">
<ele>470</ele>
</trkpt>
<trkpt lat="39.821725012734532" lon="2.884458974003792">
<ele>470</ele>
</trkpt>
<trkpt lat="39.821627028286457" lon="2.884511025622487">
<ele>470</ele>
</trkpt>
<trkpt lat="39.821590986102819" lon="2.884525023400784">
<ele>471</ele>
</trkpt>
<trkpt lat="39.821446985006332" lon="2.884542038664222">
<ele>471</ele>
</trkpt>
<trkpt lat="39.821342965587974" lon="2.88458202034235">
<ele>472</ele>
</trkpt>
<trkpt lat="39.821255961433053" lon="2.884632982313633">
<ele>473</ele>
</trkpt>
<trkpt lat="39.821177003905177" lon="2.884672963991761">
<ele>474</ele>
</trkpt>
<trkpt lat="39.821086982265115" lon="2.884692996740341">
<ele>474</ele>
</trkpt>
<trkpt lat="39.82101196423173" lon="2.884700037539005">
<ele>475</ele>
</trkpt>
<trkpt lat="39.820918003097177" lon="2.884701965376735">
<ele>476</ele>
</trkpt>
<trkpt lat="39.820824963971972" lon="2.884697020053864">
<ele>476</ele>
</trkpt>
<trkpt lat="39.820824963971972" lon="2.884697020053864">
<ele>477</ele>
</trkpt>
<trkpt lat="39.820737959817052" lon="2.884617978706956">
<ele>478</ele>
</trkpt>
<trkpt lat="39.82066797092557" lon="2.884523011744022">
<ele>479</ele>
</trkpt>
<trkpt lat="39.820577027276158" lon="2.88443198427558">
<ele>479</ele>
</trkpt>
<trkpt lat="39.820350967347622" lon="2.88428395986557">
<ele>480</ele>
</trkpt>
</trkseg>
</trk>
</gpx>
