<?xml version="1.0" encoding="UTF-8"?>
<gpx version="1.1"
creator="Smartprofil-Office - http://www.rother.de"
xmlns:xsi="http://www.w3.org/2001/XMLSchema-instance"
xmlns="http://www.topografix.com/GPX/1/1"
xsi:schemaLocation="http://www.topografix.com/GPX/1/1 http://www.topografix.com/GPX/1/1/gpx.xsd">
<metadata>

<bounds minlat="39.854548964649439" minlon="3.157526040449739" maxlat="39.875213038176298" maxlon="3.19051000289619"/>
</metadata>
<wpt lat="39.873117981478572" lon="3.170690992847085">
<ele>140</ele>
<name>56_Ermita de la Victòria (1)</name>
<cmt></cmt>
<desc></desc>
<sym>Crossing</sym>
</wpt>

<wpt lat="39.874905003234744" lon="3.176879016682506">
<ele>260</ele>
<name>56_(2)</name>
<cmt>Cruce Talaia d'Alcúdia </cmt>
<desc></desc>
<sym>Crossing</sym>
</wpt>

<wpt lat="39.866028986871243" lon="3.173570008948445">
<ele>446</ele>
<name>56_Talaia d’Alcúdia (3)</name>
<cmt></cmt>
<desc></desc>
<sym>Crossing</sym>
</wpt>

<wpt lat="39.862664993852377" lon="3.183194026350975">
<ele>309</ele>
<name>56_(4)</name>
<cmt>Mirador Platja </cmt>
<desc></desc>
<sym>Crossing</sym>
</wpt>

<wpt lat="39.859827971085906" lon="3.184711989015341">
<ele>128</ele>
<name>56_Collet des Coll Baix (5)</name>
<cmt></cmt>
<desc></desc>
<sym>Crossing</sym>
</wpt>

<wpt lat="39.861892014741898" lon="3.188012028113008">
<ele>0</ele>
<name>56_Platja des Coll Baix (6)</name>
<cmt></cmt>
<desc></desc>
<sym>Crossing</sym>
</wpt>

<wpt lat="39.856694983318448" lon="3.169439993798733">
<ele>163</ele>
<name>56_Coll de na Benet (7)</name>
<cmt></cmt>
<desc></desc>
<sym>Crossing</sym>
</wpt>

<trk>
<name>Mal_56_TalaidAlcudia</name>
<trkseg>
<trkpt lat="39.873117981478572" lon="3.170690992847085">
<ele>140</ele>
</trkpt>
<trkpt lat="39.873118987306952" lon="3.170690992847085">
<ele>141</ele>
</trkpt>
<trkpt lat="39.873118987306952" lon="3.170690992847085">
<ele>142</ele>
</trkpt>
<trkpt lat="39.873118987306952" lon="3.170690992847085">
<ele>143</ele>
</trkpt>
<trkpt lat="39.873118987306952" lon="3.170693004503846">
<ele>144</ele>
</trkpt>
<trkpt lat="39.873115969821811" lon="3.170707002282143">
<ele>145</ele>
</trkpt>
<trkpt lat="39.873102977871895" lon="3.170826025307179">
<ele>145</ele>
</trkpt>
<trkpt lat="39.873107001185417" lon="3.170982012525201">
<ele>146</ele>
</trkpt>
<trkpt lat="39.873144971206784" lon="3.171116039156914">
<ele>147</ele>
</trkpt>
<trkpt lat="39.873150000348687" lon="3.171141017228365">
<ele>148</ele>
</trkpt>
<trkpt lat="39.873295007273555" lon="3.171335980296135">
<ele>149</ele>
</trkpt>
<trkpt lat="39.873404977843165" lon="3.17145399749279">
<ele>150</ele>
</trkpt>
<trkpt lat="39.87343498505652" lon="3.171462966129184">
<ele>151</ele>
</trkpt>
<trkpt lat="39.873489970341325" lon="3.17153999581933">
<ele>152</ele>
</trkpt>
<trkpt lat="39.873636988922954" lon="3.17164896056056">
<ele>153</ele>
</trkpt>
<trkpt lat="39.873731033876538" lon="3.171702018007636">
<ele>155</ele>
</trkpt>
<trkpt lat="39.873876040801406" lon="3.171721966937184">
<ele>156</ele>
</trkpt>
<trkpt lat="39.874056000262499" lon="3.171728001907468">
<ele>157</ele>
</trkpt>
<trkpt lat="39.874112997204065" lon="3.171749962493777">
<ele>158</ele>
</trkpt>
<trkpt lat="39.874222967773676" lon="3.171821963042021">
<ele>159</ele>
</trkpt>
<trkpt lat="39.874174017459154" lon="3.172001000493765">
<ele>160</ele>
</trkpt>
<trkpt lat="39.874106962233782" lon="3.172093033790588">
<ele>161</ele>
</trkpt>
<trkpt lat="39.874068992212415" lon="3.172096973285079">
<ele>163</ele>
</trkpt>
<trkpt lat="39.873962039127946" lon="3.172104014083743">
<ele>164</ele>
</trkpt>
<trkpt lat="39.873876962810755" lon="3.172103008255363">
<ele>166</ele>
</trkpt>
<trkpt lat="39.873858019709587" lon="3.172105019912124">
<ele>167</ele>
</trkpt>
<trkpt lat="39.873772021383047" lon="3.172110971063376">
<ele>168</ele>
</trkpt>
<trkpt lat="39.873716030269861" lon="3.172096973285079">
<ele>170</ele>
</trkpt>
<trkpt lat="39.873661966994405" lon="3.172104014083743">
<ele>171</ele>
</trkpt>
<trkpt lat="39.873547973111272" lon="3.172110971063376">
<ele>173</ele>
</trkpt>
<trkpt lat="39.873503968119621" lon="3.172124968841672">
<ele>174</ele>
</trkpt>
<trkpt lat="39.873400032520294" lon="3.172143995761871">
<ele>176</ele>
</trkpt>
<trkpt lat="39.873362984508276" lon="3.172148019075394">
<ele>177</ele>
</trkpt>
<trkpt lat="39.873267011716962" lon="3.172203004360199">
<ele>179</ele>
</trkpt>
<trkpt lat="39.873165003955364" lon="3.172280034050345">
<ele>180</ele>
</trkpt>
<trkpt lat="39.873124016448855" lon="3.172414982691407">
<ele>182</ele>
</trkpt>
<trkpt lat="39.873128961771727" lon="3.172495029866695">
<ele>184</ele>
</trkpt>
<trkpt lat="39.873151006177068" lon="3.172595025971532">
<ele>185</ele>
</trkpt>
<trkpt lat="39.873166009783745" lon="3.172750007361174">
<ele>187</ele>
</trkpt>
<trkpt lat="39.873169027268887" lon="3.172899959608913">
<ele>188</ele>
</trkpt>
<trkpt lat="39.873205991461873" lon="3.173066005110741">
<ele>190</ele>
</trkpt>
<trkpt lat="39.873230969533324" lon="3.17310699261725">
<ele>191</ele>
</trkpt>
<trkpt lat="39.873324008658528" lon="3.173244036734104">
<ele>192</ele>
</trkpt>
<trkpt lat="39.873399026691914" lon="3.173360964283347">
<ele>194</ele>
</trkpt>
<trkpt lat="39.873440014198422" lon="3.173404969274998">
<ele>196</ele>
</trkpt>
<trkpt lat="39.873473038896918" lon="3.173550982028246">
<ele>198</ele>
</trkpt>
<trkpt lat="39.873536992818117" lon="3.173688026145101">
<ele>199</ele>
</trkpt>
<trkpt lat="39.873590972274542" lon="3.173860022798181">
<ele>201</ele>
</trkpt>
<trkpt lat="39.873631037771702" lon="3.173989020287991">
<ele>203</ele>
</trkpt>
<trkpt lat="39.873689040541649" lon="3.17411701194942">
<ele>204</ele>
</trkpt>
<trkpt lat="39.873774033039808" lon="3.174189012497664">
<ele>206</ele>
</trkpt>
<trkpt lat="39.873838992789388" lon="3.174243997782469">
<ele>208</ele>
</trkpt>
<trkpt lat="39.874001014977694" lon="3.174315998330712">
<ele>210</ele>
</trkpt>
<trkpt lat="39.874086007475853" lon="3.174376012757421">
<ele>212</ele>
</trkpt>
<trkpt lat="39.874164965003729" lon="3.174438960850239">
<ele>214</ele>
</trkpt>
<trkpt lat="39.874254986643791" lon="3.174552032724023">
<ele>216</ele>
</trkpt>
<trkpt lat="39.874303014948964" lon="3.174700979143381">
<ele>218</ele>
</trkpt>
<trkpt lat="39.874318018555641" lon="3.174850009381771">
<ele>220</ele>
</trkpt>
<trkpt lat="39.874378032982349" lon="3.17495696246624">
<ele>222</ele>
</trkpt>
<trkpt lat="39.874403011053801" lon="3.175039021298289">
<ele>224</ele>
</trkpt>
<trkpt lat="39.874448021873832" lon="3.175159972161055">
<ele>226</ele>
</trkpt>
<trkpt lat="39.874486997723579" lon="3.175195008516312">
<ele>228</ele>
</trkpt>
<trkpt lat="39.874567966908216" lon="3.175259968265891">
<ele>229</ele>
</trkpt>
<trkpt lat="39.874624041840434" lon="3.175368010997772">
<ele>231</ele>
</trkpt>
<trkpt lat="39.874729989096522" lon="3.175426013767719">
<ele>233</ele>
</trkpt>
<trkpt lat="39.874771982431412" lon="3.175544030964375">
<ele>234</ele>
</trkpt>
<trkpt lat="39.87481196410954" lon="3.175618965178728">
<ele>236</ele>
</trkpt>
<trkpt lat="39.874810958281159" lon="3.175738994032145">
<ele>238</ele>
</trkpt>
<trkpt lat="39.874829985201359" lon="3.175835972651839">
<ele>240</ele>
</trkpt>
<trkpt lat="39.874888993799686" lon="3.175962958484888">
<ele>241</ele>
</trkpt>
<trkpt lat="39.874908020719886" lon="3.176036970689893">
<ele>243</ele>
</trkpt>
<trkpt lat="39.874906009063125" lon="3.176207961514592">
<ele>244</ele>
</trkpt>
<trkpt lat="39.874915983527899" lon="3.176319021731615">
<ele>246</ele>
</trkpt>
<trkpt lat="39.874914977699518" lon="3.176467968150973">
<ele>247</ele>
</trkpt>
<trkpt lat="39.874951019883156" lon="3.176583973690867">
<ele>249</ele>
</trkpt>
<trkpt lat="39.874996030703187" lon="3.176699979230762">
<ele>250</ele>
</trkpt>
<trkpt lat="39.875016985461116" lon="3.176769968122244">
<ele>252</ele>
</trkpt>
<trkpt lat="39.875213038176298" lon="3.176999967545271">
<ele>253</ele>
</trkpt>
<trkpt lat="39.875119999051094" lon="3.177070962265134">
<ele>254</ele>
</trkpt>
<trkpt lat="39.87511002458632" lon="3.177062999457121">
<ele>256</ele>
</trkpt>
<trkpt lat="39.875102983787656" lon="3.177049001678824">
<ele>257</ele>
</trkpt>
<trkpt lat="39.874956971034408" lon="3.176884967833757">
<ele>259</ele>
</trkpt>
<trkpt lat="39.874905003234744" lon="3.176879016682506">
<ele>260</ele>
</trkpt>
<trkpt lat="39.874912966042757" lon="3.176912041381002">
<ele>260</ele>
</trkpt>
<trkpt lat="39.874909026548266" lon="3.176908018067479">
<ele>260</ele>
</trkpt>
<trkpt lat="39.874912966042757" lon="3.17684599198401">
<ele>261</ele>
</trkpt>
<trkpt lat="39.874871978536248" lon="3.17676099948585">
<ele>261</ele>
</trkpt>
<trkpt lat="39.874821016564965" lon="3.176676006987691">
<ele>261</ele>
</trkpt>
<trkpt lat="39.874782040715218" lon="3.176511973142624">
<ele>261</ele>
</trkpt>
<trkpt lat="39.874785980209708" lon="3.176424968987703">
<ele>261</ele>
</trkpt>
<trkpt lat="39.874756978824735" lon="3.176321033388376">
<ele>262</ele>
</trkpt>
<trkpt lat="39.874714985489845" lon="3.17624400369823">
<ele>262</ele>
</trkpt>
<trkpt lat="39.874580036848783" lon="3.176119029521942">
<ele>262</ele>
</trkpt>
<trkpt lat="39.874552041292191" lon="3.176107965409756">
<ele>264</ele>
</trkpt>
<trkpt lat="39.874405022710562" lon="3.17607200704515">
<ele>265</ele>
</trkpt>
<trkpt lat="39.874297985807061" lon="3.176033031195402">
<ele>266</ele>
</trkpt>
<trkpt lat="39.874210981652141" lon="3.176021967083216">
<ele>268</ele>
</trkpt>
<trkpt lat="39.874095981940627" lon="3.176019033417106">
<ele>270</ele>
</trkpt>
<trkpt lat="39.874004032462835" lon="3.176069995388389">
<ele>271</ele>
</trkpt>
<trkpt lat="39.873922979459167" lon="3.176096985116601">
<ele>272</ele>
</trkpt>
<trkpt lat="39.873881991952658" lon="3.17609497345984">
<ele>274</ele>
</trkpt>
<trkpt lat="39.873787024989724" lon="3.176110982894898">
<ele>276</ele>
</trkpt>
<trkpt lat="39.873720975592732" lon="3.176152976229787">
<ele>277</ele>
</trkpt>
<trkpt lat="39.873522995039821" lon="3.176213996484876">
<ele>278</ele>
</trkpt>
<trkpt lat="39.873512014746666" lon="3.176225982606411">
<ele>279</ele>
</trkpt>
<trkpt lat="39.873431967571378" lon="3.176299994811416">
<ele>281</ele>
</trkpt>
<trkpt lat="39.873323002830148" lon="3.176371995359659">
<ele>282</ele>
</trkpt>
<trkpt lat="39.873237004503608" lon="3.176457993686199">
<ele>283</ele>
</trkpt>
<trkpt lat="39.873161986470222" lon="3.176552038639784">
<ele>284</ele>
</trkpt>
<trkpt lat="39.873074982315302" lon="3.176626972854137">
<ele>285</ele>
</trkpt>
<trkpt lat="39.873051010072231" lon="3.176647005602717">
<ele>287</ele>
</trkpt>
<trkpt lat="39.872894017025828" lon="3.176795030012727">
<ele>288</ele>
</trkpt>
<trkpt lat="39.872826961800456" lon="3.176896031945944">
<ele>289</ele>
</trkpt>
<trkpt lat="39.872766025364399" lon="3.177003990858793">
<ele>291</ele>
</trkpt>
<trkpt lat="39.87272403202951" lon="3.177107004448772">
<ele>293</ele>
</trkpt>
<trkpt lat="39.872665023431182" lon="3.17718998529017">
<ele>295</ele>
</trkpt>
<trkpt lat="39.87259897403419" lon="3.177281012758613">
<ele>297</ele>
</trkpt>
<trkpt lat="39.872492020949721" lon="3.177351001650095">
<ele>298</ele>
</trkpt>
<trkpt lat="39.872419014573097" lon="3.177374973893166">
<ele>300</ele>
</trkpt>
<trkpt lat="39.872326981276274" lon="3.177470024675131">
<ele>301</ele>
</trkpt>
<trkpt lat="39.87225104123354" lon="3.177527021616697">
<ele>303</ele>
</trkpt>
<trkpt lat="39.872138975188136" lon="3.177656019106507">
<ele>305</ele>
</trkpt>
<trkpt lat="39.871979970484972" lon="3.177721984684467">
<ele>307</ele>
</trkpt>
<trkpt lat="39.871896989643574" lon="3.177668005228043">
<ele>308</ele>
</trkpt>
<trkpt lat="39.871879974380136" lon="3.177651995792985">
<ele>308</ele>
</trkpt>
<trkpt lat="39.871816020458937" lon="3.177559962496162">
<ele>309</ele>
</trkpt>
<trkpt lat="39.871793976053596" lon="3.177527021616697">
<ele>309</ele>
</trkpt>
<trkpt lat="39.871717030182481" lon="3.177394000813365">
<ele>310</ele>
</trkpt>
<trkpt lat="39.871671013534069" lon="3.177335998043418">
<ele>311</ele>
</trkpt>
<trkpt lat="39.871550984680653" lon="3.177240025252104">
<ele>311</ele>
</trkpt>
<trkpt lat="39.87152399495244" lon="3.177214041352272">
<ele>312</ele>
</trkpt>
<trkpt lat="39.87139399163425" lon="3.177076997235417">
<ele>312</ele>
</trkpt>
<trkpt lat="39.871378988027573" lon="3.177027963101864">
<ele>313</ele>
</trkpt>
<trkpt lat="39.871318973600864" lon="3.176829982548952">
<ele>313</ele>
</trkpt>
<trkpt lat="39.871306987479329" lon="3.176808021962643">
<ele>313</ele>
</trkpt>
<trkpt lat="39.871269017457962" lon="3.176709031686187">
<ele>313</ele>
</trkpt>
<trkpt lat="39.87111303023994" lon="3.176614986732602">
<ele>313</ele>
</trkpt>
<trkpt lat="39.871001970022917" lon="3.176540974527597">
<ele>313</ele>
</trkpt>
<trkpt lat="39.870967017486691" lon="3.176526976749301">
<ele>312</ele>
</trkpt>
<trkpt lat="39.87085897475481" lon="3.17650300450623">
<ele>312</ele>
</trkpt>
<trkpt lat="39.87076903693378" lon="3.176491018384695">
<ele>312</ele>
</trkpt>
<trkpt lat="39.870687983930111" lon="3.176474003121257">
<ele>312</ele>
</trkpt>
<trkpt lat="39.870499977841973" lon="3.17631097510457">
<ele>312</ele>
</trkpt>
<trkpt lat="39.87040501087904" lon="3.17622497677803">
<ele>313</ele>
</trkpt>
<trkpt lat="39.870324963703752" lon="3.176139984279871">
<ele>313</ele>
</trkpt>
<trkpt lat="39.870293028652668" lon="3.176086004823446">
<ele>314</ele>
</trkpt>
<trkpt lat="39.870197977870703" lon="3.175991959869862">
<ele>314</ele>
</trkpt>
<trkpt lat="39.870097981765866" lon="3.175877965986729">
<ele>315</ele>
</trkpt>
<trkpt lat="39.870002008974552" lon="3.17575198598206">
<ele>316</ele>
</trkpt>
<trkpt lat="39.869965966790915" lon="3.175710998475552">
<ele>316</ele>
</trkpt>
<trkpt lat="39.869893966242671" lon="3.175609996542335">
<ele>317</ele>
</trkpt>
<trkpt lat="39.869731022045016" lon="3.175418972969055">
<ele>317</ele>
</trkpt>
<trkpt lat="39.869629014283419" lon="3.175324006006122">
<ele>318</ele>
</trkpt>
<trkpt lat="39.8696109931916" lon="3.175296010449529">
<ele>318</ele>
</trkpt>
<trkpt lat="39.869492975994945" lon="3.175187967717648">
<ele>318</ele>
</trkpt>
<trkpt lat="39.869487024843693" lon="3.175175981596112">
<ele>318</ele>
</trkpt>
<trkpt lat="39.869381999596953" lon="3.175067016854882">
<ele>318</ele>
</trkpt>
<trkpt lat="39.869262976571918" lon="3.174937013536692">
<ele>318</ele>
</trkpt>
<trkpt lat="39.869197010993958" lon="3.174869958311319">
<ele>318</ele>
</trkpt>
<trkpt lat="39.869078993797302" lon="3.174745989963412">
<ele>318</ele>
</trkpt>
<trkpt lat="39.869070025160909" lon="3.17473903298378">
<ele>318</ele>
</trkpt>
<trkpt lat="39.868991989642382" lon="3.174663009122014">
<ele>318</ele>
</trkpt>
<trkpt lat="39.868871960788965" lon="3.174564018845558">
<ele>318</ele>
</trkpt>
<trkpt lat="39.868770036846399" lon="3.17443803884089">
<ele>320</ele>
</trkpt>
<trkpt lat="39.868743969127536" lon="3.174405014142394">
<ele>322</ele>
</trkpt>
<trkpt lat="39.868608014658093" lon="3.174214996397495">
<ele>324</ele>
</trkpt>
<trkpt lat="39.868587981909513" lon="3.174196975305677">
<ele>326</ele>
</trkpt>
<trkpt lat="39.868468958884478" lon="3.174180965870619">
<ele>327</ele>
</trkpt>
<trkpt lat="39.868342978879809" lon="3.174309963360429">
<ele>329</ele>
</trkpt>
<trkpt lat="39.868302997201681" lon="3.174348017200828">
<ele>331</ele>
</trkpt>
<trkpt lat="39.868213981389999" lon="3.174309963360429">
<ele>333</ele>
</trkpt>
<trkpt lat="39.868178023025393" lon="3.17424600943923">
<ele>335</ele>
</trkpt>
<trkpt lat="39.868125971406698" lon="3.174152970314026">
<ele>337</ele>
</trkpt>
<trkpt lat="39.868075009435415" lon="3.174083987250924">
<ele>340</ele>
</trkpt>
<trkpt lat="39.868010971695185" lon="3.1740109808743">
<ele>343</ele>
</trkpt>
<trkpt lat="39.867959003895521" lon="3.174136038869619">
<ele>345</ele>
</trkpt>
<trkpt lat="39.867936037480831" lon="3.174194963648915">
<ele>348</ele>
</trkpt>
<trkpt lat="39.867820031940937" lon="3.174087004736066">
<ele>351</ele>
</trkpt>
<trkpt lat="39.867782983928919" lon="3.174123968929052">
<ele>354</ele>
</trkpt>
<trkpt lat="39.867772003635764" lon="3.174207033589482">
<ele>357</ele>
</trkpt>
<trkpt lat="39.867658009752631" lon="3.174076024442911">
<ele>359</ele>
</trkpt>
<trkpt lat="39.867572011426091" lon="3.174015004187822">
<ele>362</ele>
</trkpt>
<trkpt lat="39.867521971464157" lon="3.174027996137738">
<ele>365</ele>
</trkpt>
<trkpt lat="39.867544015869498" lon="3.174133021384478">
<ele>368</ele>
</trkpt>
<trkpt lat="39.867604030296206" lon="3.174294959753752">
<ele>370</ele>
</trkpt>
<trkpt lat="39.867618028074503" lon="3.174479026347399">
<ele>373</ele>
</trkpt>
<trkpt lat="39.867607969790697" lon="3.17459000274539">
<ele>375</ele>
</trkpt>
<trkpt lat="39.867546027526259" lon="3.174673989415169">
<ele>378</ele>
</trkpt>
<trkpt lat="39.867492970079184" lon="3.174673989415169">
<ele>381</ele>
</trkpt>
<trkpt lat="39.867449970915914" lon="3.174689998850226">
<ele>382</ele>
</trkpt>
<trkpt lat="39.867458017542958" lon="3.174601988866925">
<ele>385</ele>
</trkpt>
<trkpt lat="39.867516020312905" lon="3.174529988318682">
<ele>387</ele>
</trkpt>
<trkpt lat="39.867496993392706" lon="3.174477014690638">
<ele>390</ele>
</trkpt>
<trkpt lat="39.867413006722927" lon="3.174642976373434">
<ele>392</ele>
</trkpt>
<trkpt lat="39.867419963702559" lon="3.174797035753727">
<ele>393</ele>
</trkpt>
<trkpt lat="39.867445025593042" lon="3.174935001879931">
<ele>395</ele>
</trkpt>
<trkpt lat="39.867433961480856" lon="3.174972971901298">
<ele>397</ele>
</trkpt>
<trkpt lat="39.867371013388038" lon="3.174944976344705">
<ele>398</ele>
</trkpt>
<trkpt lat="39.867333965376019" lon="3.17480499856174">
<ele>400</ele>
</trkpt>
<trkpt lat="39.86726900562644" lon="3.174699973315001">
<ele>402</ele>
</trkpt>
<trkpt lat="39.867234975099564" lon="3.174622021615505">
<ele>404</ele>
</trkpt>
<trkpt lat="39.867178983986378" lon="3.174498975276947">
<ele>405</ele>
</trkpt>
<trkpt lat="39.86714000813663" lon="3.174406019970775">
<ele>407</ele>
</trkpt>
<trkpt lat="39.867044035345316" lon="3.174278028309345">
<ele>409</ele>
</trkpt>
<trkpt lat="39.866996007040143" lon="3.174230000004172">
<ele>411</ele>
</trkpt>
<trkpt lat="39.866829961538315" lon="3.174120029434562">
<ele>414</ele>
</trkpt>
<trkpt lat="39.866747986525297" lon="3.174078958109021">
<ele>416</ele>
</trkpt>
<trkpt lat="39.866612032055855" lon="3.174044005572796">
<ele>418</ele>
</trkpt>
<trkpt lat="39.866487979888916" lon="3.174078036099672">
<ele>420</ele>
</trkpt>
<trkpt lat="39.866339033469558" lon="3.174083987250924">
<ele>422</ele>
</trkpt>
<trkpt lat="39.86638798378408" lon="3.173993965610862">
<ele>425</ele>
</trkpt>
<trkpt lat="39.866367029026151" lon="3.173916013911367">
<ele>427</ele>
</trkpt>
<trkpt lat="39.866282036527991" lon="3.173959013074637">
<ele>429</ele>
</trkpt>
<trkpt lat="39.866289999336004" lon="3.173895981162787">
<ele>430</ele>
</trkpt>
<trkpt lat="39.866249011829495" lon="3.173865973949432">
<ele>432</ele>
</trkpt>
<trkpt lat="39.866242976859212" lon="3.173867985606194">
<ele>433</ele>
</trkpt>
<trkpt lat="39.866242976859212" lon="3.173800008371472">
<ele>435</ele>
</trkpt>
<trkpt lat="39.866215987131" lon="3.173793973401189">
<ele>436</ele>
</trkpt>
<trkpt lat="39.86617399379611" lon="3.173822974786162">
<ele>438</ele>
</trkpt>
<trkpt lat="39.866149015724659" lon="3.173760026693344">
<ele>439</ele>
</trkpt>
<trkpt lat="39.866141974925995" lon="3.173747034743428">
<ele>440</ele>
</trkpt>
<trkpt lat="39.866048013791442" lon="3.173533966764808">
<ele>442</ele>
</trkpt>
<trkpt lat="39.866035021841526" lon="3.173524998128414">
<ele>443</ele>
</trkpt>
<trkpt lat="39.866029992699623" lon="3.173570008948445">
<ele>445</ele>
</trkpt>
<trkpt lat="39.866028986871243" lon="3.173570008948445">
<ele>446</ele>
</trkpt>
<trkpt lat="39.866028986871243" lon="3.173570008948445">
<ele>446</ele>
</trkpt>
<trkpt lat="39.866028986871243" lon="3.173570008948445">
<ele>445</ele>
</trkpt>
<trkpt lat="39.866028986871243" lon="3.173570008948445">
<ele>445</ele>
</trkpt>
<trkpt lat="39.866032004356384" lon="3.173572020605207">
<ele>444</ele>
</trkpt>
<trkpt lat="39.866027981042862" lon="3.173557016998529">
<ele>444</ele>
</trkpt>
<trkpt lat="39.866040972992778" lon="3.173527009785175">
<ele>444</ele>
</trkpt>
<trkpt lat="39.866038039326668" lon="3.173527009785175">
<ele>443</ele>
</trkpt>
<trkpt lat="39.866036027669907" lon="3.173524998128414">
<ele>442</ele>
</trkpt>
<trkpt lat="39.866144992411137" lon="3.173678973689675">
<ele>440</ele>
</trkpt>
<trkpt lat="39.866167958825827" lon="3.173805959522724">
<ele>439</ele>
</trkpt>
<trkpt lat="39.866163013502955" lon="3.173815011978149">
<ele>438</ele>
</trkpt>
<trkpt lat="39.866185979917645" lon="3.173847030848265">
<ele>436</ele>
</trkpt>
<trkpt lat="39.866234008222818" lon="3.173787016421557">
<ele>434</ele>
</trkpt>
<trkpt lat="39.866253035143018" lon="3.173855999484658">
<ele>433</ele>
</trkpt>
<trkpt lat="39.866295028477907" lon="3.173879971727729">
<ele>432</ele>
</trkpt>
<trkpt lat="39.866317994892597" lon="3.173983991146088">
<ele>430</ele>
</trkpt>
<trkpt lat="39.86638798378408" lon="3.17394501529634">
<ele>428</ele>
</trkpt>
<trkpt lat="39.866370968520641" lon="3.174022966995835">
<ele>427</ele>
</trkpt>
<trkpt lat="39.866418996825814" lon="3.174061020836234">
<ele>426</ele>
</trkpt>
<trkpt lat="39.866436012089252" lon="3.174109971150756">
<ele>424</ele>
</trkpt>
<trkpt lat="39.866527961567044" lon="3.174090022221208">
<ele>423</ele>
</trkpt>
<trkpt lat="39.866616977378726" lon="3.174073006957769">
<ele>421</ele>
</trkpt>
<trkpt lat="39.86668998375535" lon="3.174052974209189">
<ele>420</ele>
</trkpt>
<trkpt lat="39.866695012897253" lon="3.174130003899336">
<ele>419</ele>
</trkpt>
<trkpt lat="39.866671040654182" lon="3.174156993627548">
<ele>417</ele>
</trkpt>
<trkpt lat="39.866586970165372" lon="3.174222959205508">
<ele>416</ele>
</trkpt>
<trkpt lat="39.866426959633827" lon="3.174292026087642">
<ele>414</ele>
</trkpt>
<trkpt lat="39.866337021812797" lon="3.174357991665602">
<ele>413</ele>
</trkpt>
<trkpt lat="39.866282036527991" lon="3.174415994435549">
<ele>412</ele>
</trkpt>
<trkpt lat="39.866229984909296" lon="3.174464022740722">
<ele>410</ele>
</trkpt>
<trkpt lat="39.866148009896278" lon="3.17452697083354">
<ele>409</ele>
</trkpt>
<trkpt lat="39.866054970771074" lon="3.174619004130364">
<ele>407</ele>
</trkpt>
<trkpt lat="39.865945000201464" lon="3.174716988578439">
<ele>406</ele>
</trkpt>
<trkpt lat="39.865869982168078" lon="3.174636019393802">
<ele>405</ele>
</trkpt>
<trkpt lat="39.865853972733021" lon="3.174602994695306">
<ele>403</ele>
</trkpt>
<trkpt lat="39.865796975791454" lon="3.174499981105328">
<ele>402</ele>
</trkpt>
<trkpt lat="39.865707037970424" lon="3.174427980557084">
<ele>400</ele>
</trkpt>
<trkpt lat="39.865643000230193" lon="3.174366960301995">
<ele>400</ele>
</trkpt>
<trkpt lat="39.86555096693337" lon="3.174299988895655">
<ele>398</ele>
</trkpt>
<trkpt lat="39.865540992468596" lon="3.174306023865938">
<ele>397</ele>
</trkpt>
<trkpt lat="39.865479972213507" lon="3.174314992502332">
<ele>395</ele>
</trkpt>
<trkpt lat="39.865535041317344" lon="3.174453964456916">
<ele>393</ele>
</trkpt>
<trkpt lat="39.865535963326693" lon="3.174464022740722">
<ele>391</ele>
</trkpt>
<trkpt lat="39.865580974146724" lon="3.1745670363307">
<ele>390</ele>
</trkpt>
<trkpt lat="39.865598995238543" lon="3.174602994695306">
<ele>388</ele>
</trkpt>
<trkpt lat="39.865650963038206" lon="3.174756970256567">
<ele>386</ele>
</trkpt>
<trkpt lat="39.865704020485282" lon="3.174909017980099">
<ele>385</ele>
</trkpt>
<trkpt lat="39.86572396941483" lon="3.175024017691612">
<ele>383</ele>
</trkpt>
<trkpt lat="39.865719024091959" lon="3.175183022394776">
<ele>381</ele>
</trkpt>
<trkpt lat="39.865715000778437" lon="3.17523499019444">
<ele>380</ele>
</trkpt>
<trkpt lat="39.865727992728353" lon="3.175445040687919">
<ele>378</ele>
</trkpt>
<trkpt lat="39.865715000778437" lon="3.175647966563702">
<ele>376</ele>
</trkpt>
<trkpt lat="39.86567703075707" lon="3.175666993483901">
<ele>375</ele>
</trkpt>
<trkpt lat="39.865664960816503" lon="3.175695994868875">
<ele>373</ele>
</trkpt>
<trkpt lat="39.865663032978773" lon="3.175930017605424">
<ele>371</ele>
</trkpt>
<trkpt lat="39.865687005221844" lon="3.176038982346654">
<ele>369</ele>
</trkpt>
<trkpt lat="39.865722041577101" lon="3.176102014258504">
<ele>368</ele>
</trkpt>
<trkpt lat="39.86565699800849" lon="3.176207961514592">
<ele>366</ele>
</trkpt>
<trkpt lat="39.86559497192502" lon="3.176303012296557">
<ele>364</ele>
</trkpt>
<trkpt lat="39.865563036873937" lon="3.176408037543297">
<ele>363</ele>
</trkpt>
<trkpt lat="39.865448959171772" lon="3.176456987857819">
<ele>361</ele>
</trkpt>
<trkpt lat="39.865439990535378" lon="3.176551032811403">
<ele>360</ele>
</trkpt>
<trkpt lat="39.865410989150405" lon="3.176701990887523">
<ele>358</ele>
</trkpt>
<trkpt lat="39.865338988602161" lon="3.176813973113895">
<ele>356</ele>
</trkpt>
<trkpt lat="39.865298001095653" lon="3.17699602805078">
<ele>355</ele>
</trkpt>
<trkpt lat="39.865272017195821" lon="3.177164001390338">
<ele>353</ele>
</trkpt>
<trkpt lat="39.865246033295989" lon="3.177224015817046">
<ele>352</ele>
</trkpt>
<trkpt lat="39.865220971405506" lon="3.177337003871799">
<ele>350</ele>
</trkpt>
<trkpt lat="39.865122986957431" lon="3.177397018298507">
<ele>349</ele>
</trkpt>
<trkpt lat="39.865061966702342" lon="3.17744798026979">
<ele>347</ele>
</trkpt>
<trkpt lat="39.86503497697413" lon="3.17755501717329">
<ele>346</ele>
</trkpt>
<trkpt lat="39.865069007501006" lon="3.17778903990984">
<ele>344</ele>
</trkpt>
<trkpt lat="39.86505500972271" lon="3.177837990224361">
<ele>343</ele>
</trkpt>
<trkpt lat="39.865100020542741" lon="3.177904039621353">
<ele>342</ele>
</trkpt>
<trkpt lat="39.865147965028882" lon="3.177959024906158">
<ele>340</ele>
</trkpt>
<trkpt lat="39.865226000547409" lon="3.177993977442384">
<ele>339</ele>
</trkpt>
<trkpt lat="39.865109995007515" lon="3.178110988810659">
<ele>337</ele>
</trkpt>
<trkpt lat="39.865044029429555" lon="3.178192963823676">
<ele>336</ele>
</trkpt>
<trkpt lat="39.865027014166117" lon="3.178197992965579">
<ele>333</ele>
</trkpt>
<trkpt lat="39.864950990304351" lon="3.17826303653419">
<ele>331</ele>
</trkpt>
<trkpt lat="39.864801960065961" lon="3.178119035437703">
<ele>328</ele>
</trkpt>
<trkpt lat="39.86475401557982" lon="3.178086010739207">
<ele>325</ele>
</trkpt>
<trkpt lat="39.864703975617886" lon="3.178224982693791">
<ele>323</ele>
</trkpt>
<trkpt lat="39.864574978128076" lon="3.178237974643707">
<ele>320</ele>
</trkpt>
<trkpt lat="39.86454295925796" lon="3.17834903486073">
<ele>317</ele>
</trkpt>
<trkpt lat="39.864467019215226" lon="3.17832900211215">
<ele>314</ele>
</trkpt>
<trkpt lat="39.864396024495363" lon="3.178438972681761">
<ele>312</ele>
</trkpt>
<trkpt lat="39.86430499702692" lon="3.178475014865398">
<ele>309</ele>
</trkpt>
<trkpt lat="39.864222016185522" lon="3.178541986271739">
<ele>307</ele>
</trkpt>
<trkpt lat="39.864121014252305" lon="3.178641982376576">
<ele>306</ele>
</trkpt>
<trkpt lat="39.86409000121057" lon="3.178660003468394">
<ele>304</ele>
</trkpt>
<trkpt lat="39.864019006490707" lon="3.178810039535165">
<ele>303</ele>
</trkpt>
<trkpt lat="39.864000985398889" lon="3.178855972364545">
<ele>301</ele>
</trkpt>
<trkpt lat="39.863953040912747" lon="3.179071974009275">
<ele>299</ele>
</trkpt>
<trkpt lat="39.863933008164167" lon="3.179134000092745">
<ele>298</ele>
</trkpt>
<trkpt lat="39.863936025649309" lon="3.179242964833975">
<ele>296</ele>
</trkpt>
<trkpt lat="39.863948011770844" lon="3.179379003122449">
<ele>295</ele>
</trkpt>
<trkpt lat="39.863964021205902" lon="3.179426025599241">
<ele>293</ele>
</trkpt>
<trkpt lat="39.863817002624273" lon="3.179528033360839">
<ele>295</ele>
</trkpt>
<trkpt lat="39.863771991804242" lon="3.179592993110418">
<ele>296</ele>
</trkpt>
<trkpt lat="39.863799987360835" lon="3.179715033620596">
<ele>297</ele>
</trkpt>
<trkpt lat="39.863800993189216" lon="3.179772030562162">
<ele>299</ele>
</trkpt>
<trkpt lat="39.863727986812592" lon="3.179846964776516">
<ele>301</ele>
</trkpt>
<trkpt lat="39.863649029284716" lon="3.179818969219923">
<ele>302</ele>
</trkpt>
<trkpt lat="39.863635031506419" lon="3.179926006123424">
<ele>303</ele>
</trkpt>
<trkpt lat="39.863619022071362" lon="3.179975040256977">
<ele>305</ele>
</trkpt>
<trkpt lat="39.863610975444317" lon="3.180190036073327">
<ele>307</ele>
</trkpt>
<trkpt lat="39.86359303817153" lon="3.180305035784841">
<ele>308</ele>
</trkpt>
<trkpt lat="39.863623967394233" lon="3.180411988869309">
<ele>309</ele>
</trkpt>
<trkpt lat="39.863618016242981" lon="3.180472003296018">
<ele>310</ele>
</trkpt>
<trkpt lat="39.863655986264348" lon="3.180582979694009">
<ele>311</ele>
</trkpt>
<trkpt lat="39.863664032891393" lon="3.180594965815544">
<ele>312</ele>
</trkpt>
<trkpt lat="39.86365900374949" lon="3.180741984397173">
<ele>313</ele>
</trkpt>
<trkpt lat="39.86367903649807" lon="3.180784983560443">
<ele>314</ele>
</trkpt>
<trkpt lat="39.863665960729122" lon="3.180860001593828">
<ele>315</ele>
</trkpt>
<trkpt lat="39.863645005971193" lon="3.180970977991819">
<ele>316</ele>
</trkpt>
<trkpt lat="39.863652968779206" lon="3.181018000468612">
<ele>317</ele>
</trkpt>
<trkpt lat="39.863627990707755" lon="3.181070974096656">
<ele>318</ele>
</trkpt>
<trkpt lat="39.863610975444317" lon="3.181103998795152">
<ele>319</ele>
</trkpt>
<trkpt lat="39.863542998209596" lon="3.180978018790484">
<ele>320</ele>
</trkpt>
<trkpt lat="39.863484995439649" lon="3.180938959121704">
<ele>321</ele>
</trkpt>
<trkpt lat="39.863390028476715" lon="3.180966032668948">
<ele>322</ele>
</trkpt>
<trkpt lat="39.863278968259692" lon="3.18101498298347">
<ele>323</ele>
</trkpt>
<trkpt lat="39.863205039873719" lon="3.18103501573205">
<ele>324</ele>
</trkpt>
<trkpt lat="39.863129016011953" lon="3.181077009066939">
<ele>325</ele>
</trkpt>
<trkpt lat="39.863029019907117" lon="3.181137023493648">
<ele>326</ele>
</trkpt>
<trkpt lat="39.86295199021697" lon="3.181236013770104">
<ele>327</ele>
</trkpt>
<trkpt lat="39.862932041287422" lon="3.181313965469599">
<ele>328</ele>
</trkpt>
<trkpt lat="39.862937992438674" lon="3.181388983502984">
<ele>329</ele>
</trkpt>
<trkpt lat="39.862955007702112" lon="3.181524015963078">
<ele>330</ele>
</trkpt>
<trkpt lat="39.862954001873732" lon="3.181558968499303">
<ele>331</ele>
</trkpt>
<trkpt lat="39.862965987995267" lon="3.181685032323003">
<ele>332</ele>
</trkpt>
<trkpt lat="39.862952996045351" lon="3.181820986792445">
<ele>332</ele>
</trkpt>
<trkpt lat="39.862952996045351" lon="3.181844959035516">
<ele>333</ele>
</trkpt>
<trkpt lat="39.862948972731829" lon="3.181914025917649">
<ele>334</ele>
</trkpt>
<trkpt lat="39.862933969125152" lon="3.182062972337008">
<ele>335</ele>
</trkpt>
<trkpt lat="39.862923994660378" lon="3.182102032005787">
<ele>336</ele>
</trkpt>
<trkpt lat="39.862840007990599" lon="3.182353992015123">
<ele>337</ele>
</trkpt>
<trkpt lat="39.862730959430337" lon="3.182438984513283">
<ele>336</ele>
</trkpt>
<trkpt lat="39.862647978588939" lon="3.182510985061526">
<ele>335</ele>
</trkpt>
<trkpt lat="39.862643033266068" lon="3.182521965354681">
<ele>334</ele>
</trkpt>
<trkpt lat="39.86262702383101" lon="3.182652974501252">
<ele>333</ele>
</trkpt>
<trkpt lat="39.862558040767908" lon="3.1825209595263">
<ele>332</ele>
</trkpt>
<trkpt lat="39.862524010241032" lon="3.182460023090243">
<ele>330</ele>
</trkpt>
<trkpt lat="39.862480005249381" lon="3.182523977011442">
<ele>329</ele>
</trkpt>
<trkpt lat="39.862496014684439" lon="3.182608969509602">
<ele>328</ele>
</trkpt>
<trkpt lat="39.862523004412651" lon="3.182665966451168">
<ele>327</ele>
</trkpt>
<trkpt lat="39.86258695833385" lon="3.182782977819443">
<ele>326</ele>
</trkpt>
<trkpt lat="39.862615959718823" lon="3.182805022224784">
<ele>323</ele>
</trkpt>
<trkpt lat="39.862631969153881" lon="3.183007026091218">
<ele>319</ele>
</trkpt>
<trkpt lat="39.862638004124165" lon="3.183110039681196">
<ele>316</ele>
</trkpt>
<trkpt lat="39.86267002299428" lon="3.183191008865833">
<ele>312</ele>
</trkpt>
<trkpt lat="39.862664993852377" lon="3.183194026350975">
<ele>309</ele>
</trkpt>
<trkpt lat="39.862664993852377" lon="3.183194026350975">
<ele>309</ele>
</trkpt>
<trkpt lat="39.862664993852377" lon="3.183194026350975">
<ele>309</ele>
</trkpt>
<trkpt lat="39.862664993852377" lon="3.183194026350975">
<ele>309</ele>
</trkpt>
<trkpt lat="39.862664993852377" lon="3.183194026350975">
<ele>309</ele>
</trkpt>
<trkpt lat="39.862639009952545" lon="3.183166030794382">
<ele>310</ele>
</trkpt>
<trkpt lat="39.862534990534186" lon="3.182965032756329">
<ele>310</ele>
</trkpt>
<trkpt lat="39.862518981099129" lon="3.182957991957665">
<ele>310</ele>
</trkpt>
<trkpt lat="39.862516969442368" lon="3.183070980012417">
<ele>310</ele>
</trkpt>
<trkpt lat="39.862525016069412" lon="3.183187991380692">
<ele>310</ele>
</trkpt>
<trkpt lat="39.86247799359262" lon="3.183081960305572">
<ele>310</ele>
</trkpt>
<trkpt lat="39.862459972500801" lon="3.183043990284205">
<ele>308</ele>
</trkpt>
<trkpt lat="39.862403981387615" lon="3.182940976694226">
<ele>307</ele>
</trkpt>
<trkpt lat="39.862295016646385" lon="3.18277602083981">
<ele>304</ele>
</trkpt>
<trkpt lat="39.862254029139876" lon="3.182728998363018">
<ele>302</ele>
</trkpt>
<trkpt lat="39.862169958651066" lon="3.182584997266531">
<ele>301</ele>
</trkpt>
<trkpt lat="39.862141963094473" lon="3.182550966739655">
<ele>299</ele>
</trkpt>
<trkpt lat="39.862040961161256" lon="3.182459017261863">
<ele>297</ele>
</trkpt>
<trkpt lat="39.861862007528543" lon="3.182334965094924">
<ele>295</ele>
</trkpt>
<trkpt lat="39.861810961738229" lon="3.182262964546681">
<ele>294</ele>
</trkpt>
<trkpt lat="39.861778020858765" lon="3.182266987860203">
<ele>292</ele>
</trkpt>
<trkpt lat="39.861814985051751" lon="3.182319961488247">
<ele>290</ele>
</trkpt>
<trkpt lat="39.861851027235389" lon="3.182449964806438">
<ele>289</ele>
</trkpt>
<trkpt lat="39.861749019473791" lon="3.182407971471548">
<ele>287</ele>
</trkpt>
<trkpt lat="39.861784977838397" lon="3.182490030303598">
<ele>286</ele>
</trkpt>
<trkpt lat="39.861827977001667" lon="3.182541998103261">
<ele>284</ele>
</trkpt>
<trkpt lat="39.861798975616693" lon="3.182580973953009">
<ele>282</ele>
</trkpt>
<trkpt lat="39.861748013645411" lon="3.182548033073545">
<ele>281</ele>
</trkpt>
<trkpt lat="39.861679030582309" lon="3.182503022253513">
<ele>279</ele>
</trkpt>
<trkpt lat="39.861556990072131" lon="3.182424986734986">
<ele>278</ele>
</trkpt>
<trkpt lat="39.861498987302184" lon="3.182319961488247">
<ele>276</ele>
</trkpt>
<trkpt lat="39.861492030322552" lon="3.182289032265544">
<ele>274</ele>
</trkpt>
<trkpt lat="39.861408965662122" lon="3.18217302672565">
<ele>272</ele>
</trkpt>
<trkpt lat="39.861348029226065" lon="3.182171015068889">
<ele>269</ele>
</trkpt>
<trkpt lat="39.861308969557285" lon="3.182074036449194">
<ele>267</ele>
</trkpt>
<trkpt lat="39.861302012577653" lon="3.182012010365725">
<ele>265</ele>
</trkpt>
<trkpt lat="39.861266976222396" lon="3.181840013712645">
<ele>262</ele>
</trkpt>
<trkpt lat="39.861264964565635" lon="3.181830961257219">
<ele>260</ele>
</trkpt>
<trkpt lat="39.861182989552617" lon="3.181715039536357">
<ele>257</ele>
</trkpt>
<trkpt lat="39.861155999824405" lon="3.18172300234437">
<ele>255</ele>
</trkpt>
<trkpt lat="39.861157005652785" lon="3.181768013164401">
<ele>253</ele>
</trkpt>
<trkpt lat="39.861134961247444" lon="3.18189499899745">
<ele>251</ele>
</trkpt>
<trkpt lat="39.861095985397696" lon="3.181949984282255">
<ele>249</ele>
</trkpt>
<trkpt lat="39.861089028418064" lon="3.181838002055883">
<ele>247</ele>
</trkpt>
<trkpt lat="39.861063966527581" lon="3.181843031197786">
<ele>245</ele>
</trkpt>
<trkpt lat="39.861028008162975" lon="3.181910002604127">
<ele>244</ele>
</trkpt>
<trkpt lat="39.861005963757634" lon="3.182006981223822">
<ele>242</ele>
</trkpt>
<trkpt lat="39.860963970422745" lon="3.181861974298954">
<ele>240</ele>
</trkpt>
<trkpt lat="39.860892975702882" lon="3.181896004825831">
<ele>238</ele>
</trkpt>
<trkpt lat="39.86088995821774" lon="3.181910002604127">
<ele>236</ele>
</trkpt>
<trkpt lat="39.860907979309559" lon="3.182105971500278">
<ele>234</ele>
</trkpt>
<trkpt lat="39.86088995821774" lon="3.182056015357375">
<ele>233</ele>
</trkpt>
<trkpt lat="39.860867997631431" lon="3.182006981223822">
<ele>233</ele>
</trkpt>
<trkpt lat="39.860811000689864" lon="3.182128015905619">
<ele>232</ele>
</trkpt>
<trkpt lat="39.860815024003386" lon="3.18215399980545">
<ele>232</ele>
</trkpt>
<trkpt lat="39.860819969326258" lon="3.18217596039176">
<ele>231</ele>
</trkpt>
<trkpt lat="39.860857017338276" lon="3.182342005893588">
<ele>230</ele>
</trkpt>
<trkpt lat="39.860890964046121" lon="3.182460023090243">
<ele>230</ele>
</trkpt>
<trkpt lat="39.860923988744617" lon="3.182552978396416">
<ele>229</ele>
</trkpt>
<trkpt lat="39.860955001786351" lon="3.18271198309958">
<ele>228</ele>
</trkpt>
<trkpt lat="39.860955001786351" lon="3.182727992534638">
<ele>227</ele>
</trkpt>
<trkpt lat="39.861039994284511" lon="3.182918010279536">
<ele>225</ele>
</trkpt>
<trkpt lat="39.861057009547949" lon="3.182966038584709">
<ele>224</ele>
</trkpt>
<trkpt lat="39.86114501953125" lon="3.183089001104236">
<ele>222</ele>
</trkpt>
<trkpt lat="39.861194975674152" lon="3.183186985552311">
<ele>220</ele>
</trkpt>
<trkpt lat="39.861090034246445" lon="3.18316301330924">
<ele>219</ele>
</trkpt>
<trkpt lat="39.861035970970988" lon="3.183153038844466">
<ele>217</ele>
</trkpt>
<trkpt lat="39.860875960439444" lon="3.183041978627443">
<ele>215</ele>
</trkpt>
<trkpt lat="39.860865985974669" lon="3.18303300999105">
<ele>213</ele>
</trkpt>
<trkpt lat="39.860725002363324" lon="3.182871993631125">
<ele>212</ele>
</trkpt>
<trkpt lat="39.860683009028435" lon="3.182768980041146">
<ele>210</ele>
</trkpt>
<trkpt lat="39.860658030956984" lon="3.182721035555005">
<ele>209</ele>
</trkpt>
<trkpt lat="39.860627017915249" lon="3.182569993659854">
<ele>208</ele>
</trkpt>
<trkpt lat="39.860622994601727" lon="3.18251702003181">
<ele>207</ele>
</trkpt>
<trkpt lat="39.860587958246469" lon="3.182445019483566">
<ele>206</ele>
</trkpt>
<trkpt lat="39.860568009316921" lon="3.182691028341651">
<ele>205</ele>
</trkpt>
<trkpt lat="39.860559962689877" lon="3.182744001969695">
<ele>204</ele>
</trkpt>
<trkpt lat="39.860555017367005" lon="3.182865958660841">
<ele>203</ele>
</trkpt>
<trkpt lat="39.86054596491158" lon="3.182890014722943">
<ele>202</ele>
</trkpt>
<trkpt lat="39.86062902957201" lon="3.183143986389041">
<ele>201</ele>
</trkpt>
<trkpt lat="39.860643027350307" lon="3.183156978338957">
<ele>200</ele>
</trkpt>
<trkpt lat="39.860675968229771" lon="3.183239037171006">
<ele>198</ele>
</trkpt>
<trkpt lat="39.860711004585028" lon="3.183319000527263">
<ele>196</ele>
</trkpt>
<trkpt lat="39.860873026773334" lon="3.183509018272162">
<ele>194</ele>
</trkpt>
<trkpt lat="39.860931029543281" lon="3.183581018820405">
<ele>192</ele>
</trkpt>
<trkpt lat="39.860982997342944" lon="3.183640027418733">
<ele>190</ele>
</trkpt>
<trkpt lat="39.861060027033091" lon="3.183782016858459">
<ele>188</ele>
</trkpt>
<trkpt lat="39.861021973192692" lon="3.183786040171981">
<ele>186</ele>
</trkpt>
<trkpt lat="39.860869003459811" lon="3.183738011866808">
<ele>185</ele>
</trkpt>
<trkpt lat="39.860752997919917" lon="3.183681014925242">
<ele>183</ele>
</trkpt>
<trkpt lat="39.860766995698214" lon="3.183731976896524">
<ele>181</ele>
</trkpt>
<trkpt lat="39.860832961276174" lon="3.183821998536587">
<ele>179</ele>
</trkpt>
<trkpt lat="39.860886018723249" lon="3.183973040431738">
<ele>177</ele>
</trkpt>
<trkpt lat="39.86088995821774" lon="3.184035988524556">
<ele>176</ele>
</trkpt>
<trkpt lat="39.860795997083187" lon="3.184069013223052">
<ele>174</ele>
</trkpt>
<trkpt lat="39.860660964623094" lon="3.183974968269467">
<ele>172</ele>
</trkpt>
<trkpt lat="39.860597010701895" lon="3.183973040431738">
<ele>170</ele>
</trkpt>
<trkpt lat="39.860492991283536" lon="3.183907996863127">
<ele>168</ele>
</trkpt>
<trkpt lat="39.860426019877195" lon="3.183883018791676">
<ele>167</ele>
</trkpt>
<trkpt lat="39.860309008508921" lon="3.183810012415052">
<ele>165</ele>
</trkpt>
<trkpt lat="39.860210018232465" lon="3.183771036565304">
<ele>163</ele>
</trkpt>
<trkpt lat="39.860223010182381" lon="3.183802971616387">
<ele>161</ele>
</trkpt>
<trkpt lat="39.860315965488553" lon="3.183965999633074">
<ele>160</ele>
</trkpt>
<trkpt lat="39.860405987128615" lon="3.184103965759277">
<ele>158</ele>
</trkpt>
<trkpt lat="39.860369022935629" lon="3.184089967980981">
<ele>156</ele>
</trkpt>
<trkpt lat="39.860303979367018" lon="3.184038000181317">
<ele>154</ele>
</trkpt>
<trkpt lat="39.860309008508921" lon="3.184225000441074">
<ele>152</ele>
</trkpt>
<trkpt lat="39.860334992408752" lon="3.184267999604344">
<ele>150</ele>
</trkpt>
<trkpt lat="39.86032803542912" lon="3.184401020407677">
<ele>148</ele>
</trkpt>
<trkpt lat="39.86028696410358" lon="3.184361038729549">
<ele>147</ele>
</trkpt>
<trkpt lat="39.860176993533969" lon="3.184289038181305">
<ele>145</ele>
</trkpt>
<trkpt lat="39.860169030725956" lon="3.184357015416026">
<ele>143</ele>
</trkpt>
<trkpt lat="39.860008014366031" lon="3.184362966567278">
<ele>140</ele>
</trkpt>
<trkpt lat="39.859939031302929" lon="3.184468997642398">
<ele>138</ele>
</trkpt>
<trkpt lat="39.859887985512614" lon="3.184575028717518">
<ele>135</ele>
</trkpt>
<trkpt lat="39.859837023541331" lon="3.18466697819531">
<ele>133</ele>
</trkpt>
<trkpt lat="39.859825037419796" lon="3.184715006500483">
<ele>130</ele>
</trkpt>
<trkpt lat="39.859827971085906" lon="3.184711989015341">
<ele>128</ele>
</trkpt>
<trkpt lat="39.859827971085906" lon="3.18471098318696">
<ele>127</ele>
</trkpt>
<trkpt lat="39.859827971085906" lon="3.18471098318696">
<ele>126</ele>
</trkpt>
<trkpt lat="39.859827971085906" lon="3.18471098318696">
<ele>125</ele>
</trkpt>
<trkpt lat="39.859831994399428" lon="3.184711989015341">
<ele>124</ele>
</trkpt>
<trkpt lat="39.859825037419796" lon="3.184778960421681">
<ele>123</ele>
</trkpt>
<trkpt lat="39.859928973019123" lon="3.184936037287116">
<ele>122</ele>
</trkpt>
<trkpt lat="39.859979012981057" lon="3.184991022571921">
<ele>121</ele>
</trkpt>
<trkpt lat="39.860047996044159" lon="3.185201995074749">
<ele>120</ele>
</trkpt>
<trkpt lat="39.860051013529301" lon="3.185235019773245">
<ele>119</ele>
</trkpt>
<trkpt lat="39.860113961622119" lon="3.185353958979249">
<ele>118</ele>
</trkpt>
<trkpt lat="39.860148997977376" lon="3.185449009761214">
<ele>117</ele>
</trkpt>
<trkpt lat="39.86019903793931" lon="3.185580018907785">
<ele>114</ele>
</trkpt>
<trkpt lat="39.860228961333632" lon="3.185625029727817">
<ele>112</ele>
</trkpt>
<trkpt lat="39.860285958275199" lon="3.185811024159193">
<ele>109</ele>
</trkpt>
<trkpt lat="39.860396012663841" lon="3.185963993892074">
<ele>106</ele>
</trkpt>
<trkpt lat="39.860442029312253" lon="3.186092991381884">
<ele>104</ele>
</trkpt>
<trkpt lat="39.860472958534956" lon="3.186199022457004">
<ele>101</ele>
</trkpt>
<trkpt lat="39.860505983233452" lon="3.186327014118433">
<ele>99</ele>
</trkpt>
<trkpt lat="39.860529033467174" lon="3.186351992189884">
<ele>96</ele>
</trkpt>
<trkpt lat="39.860568009316921" lon="3.18657997995615">
<ele>94</ele>
</trkpt>
<trkpt lat="39.860587958246469" lon="3.186679976060987">
<ele>93</ele>
</trkpt>
<trkpt lat="39.860594999045134" lon="3.186862030997872">
<ele>93</ele>
</trkpt>
<trkpt lat="39.860583012923598" lon="3.186965966597199">
<ele>91</ele>
</trkpt>
<trkpt lat="39.860596004873514" lon="3.187118014320731">
<ele>91</ele>
</trkpt>
<trkpt lat="39.860639004036784" lon="3.187250029295683">
<ele>90</ele>
</trkpt>
<trkpt lat="39.860663982108235" lon="3.187378020957112">
<ele>89</ele>
</trkpt>
<trkpt lat="39.8606519959867" lon="3.187505006790161">
<ele>89</ele>
</trkpt>
<trkpt lat="39.860657025128603" lon="3.187605002894998">
<ele>88</ele>
</trkpt>
<trkpt lat="39.860669011250138" lon="3.187741963192821">
<ele>88</ele>
</trkpt>
<trkpt lat="39.860686026513577" lon="3.187859980389476">
<ele>87</ele>
</trkpt>
<trkpt lat="39.860673034563661" lon="3.187929969280958">
<ele>87</ele>
</trkpt>
<trkpt lat="39.860680997371674" lon="3.188060978427529">
<ele>88</ele>
</trkpt>
<trkpt lat="39.860685020685196" lon="3.188191987574101">
<ele>88</ele>
</trkpt>
<trkpt lat="39.860722990706563" lon="3.188367001712322">
<ele>89</ele>
</trkpt>
<trkpt lat="39.860729025676847" lon="3.188542015850544">
<ele>89</ele>
</trkpt>
<trkpt lat="39.860741011798382" lon="3.188657015562058">
<ele>89</ele>
</trkpt>
<trkpt lat="39.860721984878182" lon="3.18887896835804">
<ele>90</ele>
</trkpt>
<trkpt lat="39.860709998756647" lon="3.18909203633666">
<ele>90</ele>
</trkpt>
<trkpt lat="39.860714022070169" lon="3.18922396749258">
<ele>91</ele>
</trkpt>
<trkpt lat="39.860741011798382" lon="3.18943602964282">
<ele>91</ele>
</trkpt>
<trkpt lat="39.860727014020085" lon="3.189472993835807">
<ele>88</ele>
</trkpt>
<trkpt lat="39.860775964334607" lon="3.18961095996201">
<ele>87</ele>
</trkpt>
<trkpt lat="39.860804965719581" lon="3.189691007137299">
<ele>86</ele>
</trkpt>
<trkpt lat="39.860870009288192" lon="3.189808018505573">
<ele>84</ele>
</trkpt>
<trkpt lat="39.860972017049789" lon="3.189962999895215">
<ele>82</ele>
</trkpt>
<trkpt lat="39.861043011769652" lon="3.190196016803384">
<ele>81</ele>
</trkpt>
<trkpt lat="39.861118029803038" lon="3.19035803899169">
<ele>80</ele>
</trkpt>
<trkpt lat="39.861212996765971" lon="3.190459962934256">
<ele>78</ele>
</trkpt>
<trkpt lat="39.861275022849441" lon="3.190409000962973">
<ele>76</ele>
</trkpt>
<trkpt lat="39.861273011192679" lon="3.190387040376663">
<ele>74</ele>
</trkpt>
<trkpt lat="39.861261025071144" lon="3.190256031230092">
<ele>72</ele>
</trkpt>
<trkpt lat="39.861263036727905" lon="3.190202973783016">
<ele>70</ele>
</trkpt>
<trkpt lat="39.861262030899525" lon="3.190068025141954">
<ele>70</ele>
</trkpt>
<trkpt lat="39.861259013414383" lon="3.190041035413742">
<ele>68</ele>
</trkpt>
<trkpt lat="39.86127401702106" lon="3.189890999346972">
<ele>66</ele>
</trkpt>
<trkpt lat="39.861304024234414" lon="3.190046986564994">
<ele>64</ele>
</trkpt>
<trkpt lat="39.861335959285498" lon="3.19012301042676">
<ele>62</ele>
</trkpt>
<trkpt lat="39.861412988975644" lon="3.189979009330273">
<ele>60</ele>
</trkpt>
<trkpt lat="39.861475015059114" lon="3.189807012677193">
<ele>58</ele>
</trkpt>
<trkpt lat="39.861496975645423" lon="3.189719002693892">
<ele>56</ele>
</trkpt>
<trkpt lat="39.861527988687158" lon="3.18988798186183">
<ele>54</ele>
</trkpt>
<trkpt lat="39.861559001728892" lon="3.189990995451808">
<ele>52</ele>
</trkpt>
<trkpt lat="39.861609041690826" lon="3.190136002376676">
<ele>50</ele>
</trkpt>
<trkpt lat="39.861687999218702" lon="3.189975991845131">
<ele>48</ele>
</trkpt>
<trkpt lat="39.861743990331888" lon="3.18986501544714">
<ele>45</ele>
</trkpt>
<trkpt lat="39.861772991716862" lon="3.189806006848812">
<ele>43</ele>
</trkpt>
<trkpt lat="39.861792018637061" lon="3.189987977966666">
<ele>40</ele>
</trkpt>
<trkpt lat="39.861856978386641" lon="3.19012401625514">
<ele>38</ele>
</trkpt>
<trkpt lat="39.861929984763265" lon="3.190117981284857">
<ele>36</ele>
</trkpt>
<trkpt lat="39.8619419708848" lon="3.190047992393374">
<ele>34</ele>
</trkpt>
<trkpt lat="39.861979018896818" lon="3.189936010167003">
<ele>32</ele>
</trkpt>
<trkpt lat="39.862015983089805" lon="3.190013039857149">
<ele>30</ele>
</trkpt>
<trkpt lat="39.862066023051739" lon="3.19010398350656">
<ele>28</ele>
</trkpt>
<trkpt lat="39.862126959487796" lon="3.190280003473163">
<ele>27</ele>
</trkpt>
<trkpt lat="39.862129976972938" lon="3.190309004858136">
<ele>25</ele>
</trkpt>
<trkpt lat="39.862192003056407" lon="3.190419981256127">
<ele>23</ele>
</trkpt>
<trkpt lat="39.862212035804987" lon="3.19051000289619">
<ele>21</ele>
</trkpt>
<trkpt lat="39.862250005826354" lon="3.190470021218061">
<ele>19</ele>
</trkpt>
<trkpt lat="39.862265009433031" lon="3.190430961549282">
<ele>17</ele>
</trkpt>
<trkpt lat="39.862295016646385" lon="3.190255025401712">
<ele>15</ele>
</trkpt>
<trkpt lat="39.862337009981275" lon="3.190137008205056">
<ele>14</ele>
</trkpt>
<trkpt lat="39.862328041344881" lon="3.190053021535277">
<ele>14</ele>
</trkpt>
<trkpt lat="39.862276995554566" lon="3.190012034028769">
<ele>13</ele>
</trkpt>
<trkpt lat="39.862239025533199" lon="3.189966017380357">
<ele>12</ele>
</trkpt>
<trkpt lat="39.862250005826354" lon="3.189724031835794">
<ele>11</ele>
</trkpt>
<trkpt lat="39.862276995554566" lon="3.189688995480537">
<ele>10</ele>
</trkpt>
<trkpt lat="39.862228967249393" lon="3.189600985497236">
<ele>9</ele>
</trkpt>
<trkpt lat="39.86224103718996" lon="3.189590005204082">
<ele>8</ele>
</trkpt>
<trkpt lat="39.862143974751234" lon="3.189469976350665">
<ele>8</ele>
</trkpt>
<trkpt lat="39.862039033323526" lon="3.189411973580718">
<ele>7</ele>
</trkpt>
<trkpt lat="39.861997039988637" lon="3.189357994124293">
<ele>6</ele>
</trkpt>
<trkpt lat="39.86202503554523" lon="3.18926403298974">
<ele>6</ele>
</trkpt>
<trkpt lat="39.861971978098154" lon="3.18887896835804">
<ele>4</ele>
</trkpt>
<trkpt lat="39.861958986148238" lon="3.188848039135337">
<ele>4</ele>
</trkpt>
<trkpt lat="39.861910035833716" lon="3.188722981140018">
<ele>4</ele>
</trkpt>
<trkpt lat="39.861908024176955" lon="3.188594989478588">
<ele>3</ele>
</trkpt>
<trkpt lat="39.861914981156588" lon="3.188497005030513">
<ele>3</ele>
</trkpt>
<trkpt lat="39.861909030005336" lon="3.188488036394119">
<ele>2</ele>
</trkpt>
<trkpt lat="39.861899977549911" lon="3.188449982553721">
<ele>2</ele>
</trkpt>
<trkpt lat="39.861914981156588" lon="3.188364990055561">
<ele>1</ele>
</trkpt>
<trkpt lat="39.861916992813349" lon="3.188370019197464">
<ele>1</ele>
</trkpt>
<trkpt lat="39.861916992813349" lon="3.188370019197464">
<ele>0</ele>
</trkpt>
<trkpt lat="39.861912969499826" lon="3.188130967319012">
<ele>0</ele>
</trkpt>
<trkpt lat="39.861909030005336" lon="3.188044968992472">
<ele>0</ele>
</trkpt>
<trkpt lat="39.861891008913517" lon="3.188013033941388">
<ele>0</ele>
</trkpt>
<trkpt lat="39.861892014741898" lon="3.188012028113008">
<ele>0</ele>
</trkpt>
<trkpt lat="39.861892014741898" lon="3.188012028113008">
<ele>1</ele>
</trkpt>
<trkpt lat="39.861892014741898" lon="3.188012028113008">
<ele>3</ele>
</trkpt>
<trkpt lat="39.861892014741898" lon="3.188012028113008">
<ele>4</ele>
</trkpt>
<trkpt lat="39.861893020570278" lon="3.188004987314344">
<ele>5</ele>
</trkpt>
<trkpt lat="39.861893020570278" lon="3.188004987314344">
<ele>5</ele>
</trkpt>
<trkpt lat="39.861885979771614" lon="3.188005993142724">
<ele>7</ele>
</trkpt>
<trkpt lat="39.861897965893149" lon="3.188127027824521">
<ele>8</ele>
</trkpt>
<trkpt lat="39.861887991428375" lon="3.188169021159411">
<ele>9</ele>
</trkpt>
<trkpt lat="39.861937025561929" lon="3.188334982842207">
<ele>11</ele>
</trkpt>
<trkpt lat="39.861956974491477" lon="3.188374964520335">
<ele>10</ele>
</trkpt>
<trkpt lat="39.861920010298491" lon="3.188557019457221">
<ele>11</ele>
</trkpt>
<trkpt lat="39.861895032227039" lon="3.188544027507305">
<ele>10</ele>
</trkpt>
<trkpt lat="39.861841974779963" lon="3.188632959499955">
<ele>9</ele>
</trkpt>
<trkpt lat="39.861937025561929" lon="3.188815014436841">
<ele>8</ele>
</trkpt>
<trkpt lat="39.861958986148238" lon="3.188869999721646">
<ele>7</ele>
</trkpt>
<trkpt lat="39.86198203638196" lon="3.188946023583412">
<ele>6</ele>
</trkpt>
<trkpt lat="39.862000979483128" lon="3.189111985266209">
<ele>6</ele>
</trkpt>
<trkpt lat="39.861982958391309" lon="3.18917996250093">
<ele>5</ele>
</trkpt>
<trkpt lat="39.862032998353243" lon="3.1893490254879">
<ele>5</ele>
</trkpt>
<trkpt lat="39.862040039151907" lon="3.189466036856175">
<ele>4</ele>
</trkpt>
<trkpt lat="39.862145986407995" lon="3.189530996605754">
<ele>2</ele>
</trkpt>
<trkpt lat="39.862183034420013" lon="3.189580030739307">
<ele>-1</ele>
</trkpt>
<trkpt lat="39.862206000834703" lon="3.18971598520875">
<ele>1</ele>
</trkpt>
<trkpt lat="39.862219998613" lon="3.189809024333954">
<ele>3</ele>
</trkpt>
<trkpt lat="39.862273978069425" lon="3.189925029873848">
<ele>4</ele>
</trkpt>
<trkpt lat="39.86228303052485" lon="3.190010022372007">
<ele>6</ele>
</trkpt>
<trkpt lat="39.86230700276792" lon="3.190099038183689">
<ele>8</ele>
</trkpt>
<trkpt lat="39.862273978069425" lon="3.190327025949955">
<ele>10</ele>
</trkpt>
<trkpt lat="39.862241959199309" lon="3.190419981256127">
<ele>12</ele>
</trkpt>
<trkpt lat="39.862202983349562" lon="3.190444959327579">
<ele>14</ele>
</trkpt>
<trkpt lat="39.862149003893137" lon="3.190372036769986">
<ele>17</ele>
</trkpt>
<trkpt lat="39.862084966152906" lon="3.190144971013069">
<ele>19</ele>
</trkpt>
<trkpt lat="39.862057976424694" lon="3.190046986564994">
<ele>20</ele>
</trkpt>
<trkpt lat="39.862023023888469" lon="3.189955959096551">
<ele>22</ele>
</trkpt>
<trkpt lat="39.861969966441393" lon="3.189998036250472">
<ele>24</ele>
</trkpt>
<trkpt lat="39.861934008076787" lon="3.190083028748632">
<ele>25</ele>
</trkpt>
<trkpt lat="39.861839041113853" lon="3.190032988786697">
<ele>27</ele>
</trkpt>
<trkpt lat="39.861775003373623" lon="3.189947996288538">
<ele>29</ele>
</trkpt>
<trkpt lat="39.861738961189985" lon="3.18986602127552">
<ele>32</ele>
</trkpt>
<trkpt lat="39.861691016703844" lon="3.189735012128949">
<ele>34</ele>
</trkpt>
<trkpt lat="39.861677018925548" lon="3.189726965501905">
<ele>36</ele>
</trkpt>
<trkpt lat="39.861707026138902" lon="3.189850011840463">
<ele>37</ele>
</trkpt>
<trkpt lat="39.861695040017366" lon="3.18997498601675">
<ele>39</ele>
</trkpt>
<trkpt lat="39.861692022532225" lon="3.190072970464826">
<ele>41</ele>
</trkpt>
<trkpt lat="39.861623961478472" lon="3.190061990171671">
<ele>43</ele>
</trkpt>
<trkpt lat="39.861560007557273" lon="3.18997398018837">
<ele>44</ele>
</trkpt>
<trkpt lat="39.861495969817042" lon="3.189856968820095">
<ele>46</ele>
</trkpt>
<trkpt lat="39.861450958997011" lon="3.189752027392387">
<ele>49</ele>
</trkpt>
<trkpt lat="39.861407037824392" lon="3.189702993258834">
<ele>50</ele>
</trkpt>
<trkpt lat="39.861440984532237" lon="3.189942967146635">
<ele>52</ele>
</trkpt>
<trkpt lat="39.861433021724224" lon="3.190087974071503">
<ele>54</ele>
</trkpt>
<trkpt lat="39.861389016732574" lon="3.190141031518579">
<ele>56</ele>
</trkpt>
<trkpt lat="39.861316010355949" lon="3.190066013485193">
<ele>58</ele>
</trkpt>
<trkpt lat="39.861263036727905" lon="3.190031982958317">
<ele>59</ele>
</trkpt>
<trkpt lat="39.861176032572985" lon="3.189918994903565">
<ele>61</ele>
</trkpt>
<trkpt lat="39.861221965402365" lon="3.190074982121587">
<ele>62</ele>
</trkpt>
<trkpt lat="39.861269993707538" lon="3.190278997644782">
<ele>65</ele>
</trkpt>
<trkpt lat="39.861277034506202" lon="3.190407995134592">
<ele>67</ele>
</trkpt>
<trkpt lat="39.861249038949609" lon="3.190481001511216">
<ele>69</ele>
</trkpt>
<trkpt lat="39.861245015636086" lon="3.190453005954623">
<ele>71</ele>
</trkpt>
<trkpt lat="39.861187012866139" lon="3.190402965992689">
<ele>72</ele>
</trkpt>
<trkpt lat="39.861120041459799" lon="3.190307999029756">
<ele>74</ele>
</trkpt>
<trkpt lat="39.861061032861471" lon="3.190185958519578">
<ele>75</ele>
</trkpt>
<trkpt lat="39.861019039526582" lon="3.190109012648463">
<ele>76</ele>
</trkpt>
<trkpt lat="39.860919965431094" lon="3.190008010715246">
<ele>79</ele>
</trkpt>
<trkpt lat="39.860900016501546" lon="3.189914971590042">
<ele>80</ele>
</trkpt>
<trkpt lat="39.860840002074838" lon="3.18980298936367">
<ele>81</ele>
</trkpt>
<trkpt lat="39.860819969326258" lon="3.189679021015763">
<ele>82</ele>
</trkpt>
<trkpt lat="39.860760038718581" lon="3.189570978283882">
<ele>84</ele>
</trkpt>
<trkpt lat="39.860728019848466" lon="3.189471988007426">
<ele>85</ele>
</trkpt>
<trkpt lat="39.860712010413408" lon="3.189217010512948">
<ele>85</ele>
</trkpt>
<trkpt lat="39.860704969614744" lon="3.189078038558364">
<ele>85</ele>
</trkpt>
<trkpt lat="39.860692983493209" lon="3.189018024131656">
<ele>85</ele>
</trkpt>
<trkpt lat="39.860700024291873" lon="3.188815014436841">
<ele>85</ele>
</trkpt>
<trkpt lat="39.860687032341957" lon="3.188649974763393">
<ele>85</ele>
</trkpt>
<trkpt lat="39.860679991543293" lon="3.188474038615823">
<ele>84</ele>
</trkpt>
<trkpt lat="39.86063196323812" lon="3.188328025862575">
<ele>84</ele>
</trkpt>
<trkpt lat="39.860627017915249" lon="3.188152005895972">
<ele>84</ele>
</trkpt>
<trkpt lat="39.860621988773346" lon="3.187986966222525">
<ele>84</ele>
</trkpt>
<trkpt lat="39.860633974894881" lon="3.187879007309675">
<ele>84</ele>
</trkpt>
<trkpt lat="39.860632969066501" lon="3.187699969857931">
<ele>85</ele>
</trkpt>
<trkpt lat="39.86063196323812" lon="3.187558986246586">
<ele>86</ele>
</trkpt>
<trkpt lat="39.860613020136952" lon="3.187375003471971">
<ele>87</ele>
</trkpt>
<trkpt lat="39.860591981559992" lon="3.18724500015378">
<ele>88</ele>
</trkpt>
<trkpt lat="39.860550994053483" lon="3.187050959095359">
<ele>89</ele>
</trkpt>
<trkpt lat="39.860553005710244" lon="3.186922967433929">
<ele>90</ele>
</trkpt>
<trkpt lat="39.860539007931948" lon="3.186749964952469">
<ele>91</ele>
</trkpt>
<trkpt lat="39.860514029860497" lon="3.186590038239956">
<ele>91</ele>
</trkpt>
<trkpt lat="39.860501037910581" lon="3.186475960537791">
<ele>92</ele>
</trkpt>
<trkpt lat="39.86050195991993" lon="3.186379987746477">
<ele>93</ele>
</trkpt>
<trkpt lat="39.860484022647142" lon="3.186303041875362">
<ele>96</ele>
</trkpt>
<trkpt lat="39.860475976020098" lon="3.186284014955163">
<ele>99</ele>
</trkpt>
<trkpt lat="39.860426019877195" lon="3.186171026900411">
<ele>101</ele>
</trkpt>
<trkpt lat="39.86041403375566" lon="3.186111012473702">
<ele>104</ele>
</trkpt>
<trkpt lat="39.860386960208416" lon="3.18595795892179">
<ele>106</ele>
</trkpt>
<trkpt lat="39.860325017943978" lon="3.185824016109109">
<ele>108</ele>
</trkpt>
<trkpt lat="39.860242959111929" lon="3.185670040547848">
<ele>110</ele>
</trkpt>
<trkpt lat="39.860170036554337" lon="3.185512041673064">
<ele>113</ele>
</trkpt>
<trkpt lat="39.860099963843822" lon="3.185342978686094">
<ele>116</ele>
</trkpt>
<trkpt lat="39.860044978559017" lon="3.185228984802961">
<ele>119</ele>
</trkpt>
<trkpt lat="39.860021006315947" lon="3.185128988698125">
<ele>121</ele>
</trkpt>
<trkpt lat="39.859927967190742" lon="3.184931008145213">
<ele>123</ele>
</trkpt>
<trkpt lat="39.859868036583066" lon="3.184852972626686">
<ele>124</ele>
</trkpt>
<trkpt lat="39.859848003834486" lon="3.18481701426208">
<ele>126</ele>
</trkpt>
<trkpt lat="39.859827971085906" lon="3.184711989015341">
<ele>128</ele>
</trkpt>
<trkpt lat="39.859768962487578" lon="3.184693967923522">
<ele>126</ele>
</trkpt>
<trkpt lat="39.859752031043172" lon="3.18468801677227">
<ele>125</ele>
</trkpt>
<trkpt lat="39.859693022444844" lon="3.184571005403996">
<ele>123</ele>
</trkpt>
<trkpt lat="39.859680030494928" lon="3.184551978483796">
<ele>121</ele>
</trkpt>
<trkpt lat="39.859573999419808" lon="3.184484001249075">
<ele>119</ele>
</trkpt>
<trkpt lat="39.859460005536675" lon="3.184487018734217">
<ele>118</ele>
</trkpt>
<trkpt lat="39.859376018866897" lon="3.184467991814017">
<ele>116</ele>
</trkpt>
<trkpt lat="39.859363026916981" lon="3.184373024851084">
<ele>114</ele>
</trkpt>
<trkpt lat="39.859274011105299" lon="3.184293983504176">
<ele>113</ele>
</trkpt>
<trkpt lat="39.85921198502183" lon="3.184275040403009">
<ele>111</ele>
</trkpt>
<trkpt lat="39.859143001958728" lon="3.184201028198004">
<ele>109</ele>
</trkpt>
<trkpt lat="39.859088016673923" lon="3.184144031256437">
<ele>108</ele>
</trkpt>
<trkpt lat="39.859049040824175" lon="3.183915037661791">
<ele>106</ele>
</trkpt>
<trkpt lat="39.858920965343714" lon="3.183690989390016">
<ele>105</ele>
</trkpt>
<trkpt lat="39.858827004209161" lon="3.183541959151626">
<ele>103</ele>
</trkpt>
<trkpt lat="39.858788028359413" lon="3.183480016887188">
<ele>101</ele>
</trkpt>
<trkpt lat="39.858693983405828" lon="3.183274995535612">
<ele>100</ele>
</trkpt>
<trkpt lat="39.858693983405828" lon="3.183237025514245">
<ele>98</ele>
</trkpt>
<trkpt lat="39.8585469648242" lon="3.183086989447475">
<ele>98</ele>
</trkpt>
<trkpt lat="39.858513018116355" lon="3.183048013597727">
<ele>96</ele>
</trkpt>
<trkpt lat="39.858420984819531" lon="3.182865036651492">
<ele>95</ele>
</trkpt>
<trkpt lat="39.85837203450501" lon="3.182706031948328">
<ele>93</ele>
</trkpt>
<trkpt lat="39.858258962631226" lon="3.182656997814775">
<ele>92</ele>
</trkpt>
<trkpt lat="39.858084032312036" lon="3.182578040286899">
<ele>91</ele>
</trkpt>
<trkpt lat="39.858081014826894" lon="3.18256102502346">
<ele>90</ele>
</trkpt>
<trkpt lat="39.858079003170133" lon="3.182392967864871">
<ele>88</ele>
</trkpt>
<trkpt lat="39.858183022588491" lon="3.182263970375061">
<ele>87</ele>
</trkpt>
<trkpt lat="39.858186962082982" lon="3.182170009240508">
<ele>86</ele>
</trkpt>
<trkpt lat="39.858086965978146" lon="3.182133967056871">
<ele>84</ele>
</trkpt>
<trkpt lat="39.857985964044929" lon="3.182187024503946">
<ele>83</ele>
</trkpt>
<trkpt lat="39.857874987646937" lon="3.18221602588892">
<ele>82</ele>
</trkpt>
<trkpt lat="39.85775101929903" lon="3.182169003412128">
<ele>80</ele>
</trkpt>
<trkpt lat="39.857645994052291" lon="3.182146959006786">
<ele>78</ele>
</trkpt>
<trkpt lat="39.857438961043954" lon="3.182169003412128">
<ele>77</ele>
</trkpt>
<trkpt lat="39.857317004352808" lon="3.182160034775734">
<ele>76</ele>
</trkpt>
<trkpt lat="39.857231006026268" lon="3.182132039219141">
<ele>74</ele>
</trkpt>
<trkpt lat="39.857183983549476" lon="3.181992983445525">
<ele>72</ele>
</trkpt>
<trkpt lat="39.857092034071684" lon="3.181945038959384">
<ele>71</ele>
</trkpt>
<trkpt lat="39.85691299661994" lon="3.181848982349038">
<ele>70</ele>
</trkpt>
<trkpt lat="39.85676203854382" lon="3.181763989850879">
<ele>68</ele>
</trkpt>
<trkpt lat="39.856701018288732" lon="3.181749992072582">
<ele>68</ele>
</trkpt>
<trkpt lat="39.856575960293412" lon="3.181730965152383">
<ele>67</ele>
</trkpt>
<trkpt lat="39.856446962803602" lon="3.181666005402803">
<ele>67</ele>
</trkpt>
<trkpt lat="39.85644000582397" lon="3.181611020117998">
<ele>67</ele>
</trkpt>
<trkpt lat="39.856286030262709" lon="3.181387977674604">
<ele>66</ele>
</trkpt>
<trkpt lat="39.856203971430659" lon="3.181298961862922">
<ele>66</ele>
</trkpt>
<trkpt lat="39.85616298392415" lon="3.181286975741386">
<ele>66</ele>
</trkpt>
<trkpt lat="39.856004985049367" lon="3.181244982406497">
<ele>67</ele>
</trkpt>
<trkpt lat="39.855884034186602" lon="3.181231990456581">
<ele>66</ele>
</trkpt>
<trkpt lat="39.855716982856393" lon="3.181213969364762">
<ele>66</ele>
</trkpt>
<trkpt lat="39.855707008391619" lon="3.181206006556749">
<ele>65</ele>
</trkpt>
<trkpt lat="39.855597037822008" lon="3.181127971038222">
<ele>64</ele>
</trkpt>
<trkpt lat="39.855480026453733" lon="3.181092012673616">
<ele>64</ele>
</trkpt>
<trkpt lat="39.8554109595716" lon="3.181053036823869">
<ele>63</ele>
</trkpt>
<trkpt lat="39.855323033407331" lon="3.180995034053922">
<ele>62</ele>
</trkpt>
<trkpt lat="39.855210967361927" lon="3.180977012962103">
<ele>62</ele>
</trkpt>
<trkpt lat="39.85515296459198" lon="3.180953040719032">
<ele>61</ele>
</trkpt>
<trkpt lat="39.855004018172622" lon="3.180908029899001">
<ele>61</ele>
</trkpt>
<trkpt lat="39.854860017076135" lon="3.180867964401841">
<ele>60</ele>
</trkpt>
<trkpt lat="39.85474300570786" lon="3.180811973288655">
<ele>59</ele>
</trkpt>
<trkpt lat="39.854644015431404" lon="3.180806022137404">
<ele>59</ele>
</trkpt>
<trkpt lat="39.854548964649439" lon="3.180731004104018">
<ele>59</ele>
</trkpt>
<trkpt lat="39.854582995176315" lon="3.180676018819213">
<ele>59</ele>
</trkpt>
<trkpt lat="39.854575032368302" lon="3.180608041584492">
<ele>59</ele>
</trkpt>
<trkpt lat="39.854689026251435" lon="3.180466974154115">
<ele>58</ele>
</trkpt>
<trkpt lat="39.854740994051099" lon="3.180435039103031">
<ele>58</ele>
</trkpt>
<trkpt lat="39.854864040389657" lon="3.180359015241265">
<ele>58</ele>
</trkpt>
<trkpt lat="39.854881977662444" lon="3.18034702911973">
<ele>58</ele>
</trkpt>
<trkpt lat="39.854993037879467" lon="3.18034702911973">
<ele>58</ele>
</trkpt>
<trkpt lat="39.855045005679131" lon="3.180346023291349">
<ele>58</ele>
</trkpt>
<trkpt lat="39.855067972093821" lon="3.180339988321066">
<ele>58</ele>
</trkpt>
<trkpt lat="39.855253966525197" lon="3.180188024416566">
<ele>59</ele>
</trkpt>
<trkpt lat="39.855348011478782" lon="3.180075958371162">
<ele>59</ele>
</trkpt>
<trkpt lat="39.855449013411999" lon="3.179936986416578">
<ele>59</ele>
</trkpt>
<trkpt lat="39.855493018403649" lon="3.179821986705065">
<ele>60</ele>
</trkpt>
<trkpt lat="39.855563007295132" lon="3.179674968123436">
<ele>60</ele>
</trkpt>
<trkpt lat="39.855621010065079" lon="3.179568015038967">
<ele>60</ele>
</trkpt>
<trkpt lat="39.855674989521503" lon="3.179440023377538">
<ele>60</ele>
</trkpt>
<trkpt lat="39.855706002563238" lon="3.179385038092732">
<ele>61</ele>
</trkpt>
<trkpt lat="39.855714971199632" lon="3.179242964833975">
<ele>61</ele>
</trkpt>
<trkpt lat="39.855746990069747" lon="3.17920801229775">
<ele>62</ele>
</trkpt>
<trkpt lat="39.85579501837492" lon="3.179035009816289">
<ele>62</ele>
</trkpt>
<trkpt lat="39.855800969526172" lon="3.178904000669718">
<ele>63</ele>
</trkpt>
<trkpt lat="39.855799041688442" lon="3.178842980414629">
<ele>63</ele>
</trkpt>
<trkpt lat="39.855798035860062" lon="3.17877802066505">
<ele>64</ele>
</trkpt>
<trkpt lat="39.855770962312818" lon="3.17860602401197">
<ele>65</ele>
</trkpt>
<trkpt lat="39.855762999504805" lon="3.178574005141854">
<ele>65</ele>
</trkpt>
<trkpt lat="39.85577498562634" lon="3.178379964083433">
<ele>66</ele>
</trkpt>
<trkpt lat="39.855784960091114" lon="3.17832900211215">
<ele>66</ele>
</trkpt>
<trkpt lat="39.855872970074415" lon="3.178383987396956">
<ele>67</ele>
</trkpt>
<trkpt lat="39.855975983664393" lon="3.17847996018827">
<ele>68</ele>
</trkpt>
<trkpt lat="39.856012025848031" lon="3.178384993225336">
<ele>70</ele>
</trkpt>
<trkpt lat="39.856009008362889" lon="3.178247027099133">
<ele>70</ele>
</trkpt>
<trkpt lat="39.855952011421323" lon="3.178100008517504">
<ele>71</ele>
</trkpt>
<trkpt lat="39.856000039726496" lon="3.177993977442384">
<ele>72</ele>
</trkpt>
<trkpt lat="39.856015965342522" lon="3.177980985492468">
<ele>73</ele>
</trkpt>
<trkpt lat="39.856112021952868" lon="3.177923988550901">
<ele>74</ele>
</trkpt>
<trkpt lat="39.856133982539177" lon="3.177917031571269">
<ele>74</ele>
</trkpt>
<trkpt lat="39.856246970593929" lon="3.177801026031375">
<ele>75</ele>
</trkpt>
<trkpt lat="39.856297010555863" lon="3.177708992734551">
<ele>76</ele>
</trkpt>
<trkpt lat="39.856387032195926" lon="3.177635986357927">
<ele>77</ele>
</trkpt>
<trkpt lat="39.856449980288744" lon="3.177556023001671">
<ele>77</ele>
</trkpt>
<trkpt lat="39.856522986665368" lon="3.177397018298507">
<ele>78</ele>
</trkpt>
<trkpt lat="39.85656900331378" lon="3.177175987511873">
<ele>78</ele>
</trkpt>
<trkpt lat="39.856642009690404" lon="3.177044978365302">
<ele>79</ele>
</trkpt>
<trkpt lat="39.856746029108763" lon="3.177027041092515">
<ele>80</ele>
</trkpt>
<trkpt lat="39.856853988021612" lon="3.176985969766974">
<ele>80</ele>
</trkpt>
<trkpt lat="39.856924982741475" lon="3.176886979490519">
<ele>81</ele>
</trkpt>
<trkpt lat="39.856949960812926" lon="3.176860995590687">
<ele>81</ele>
</trkpt>
<trkpt lat="39.856963036581874" lon="3.17660903558135">
<ele>82</ele>
</trkpt>
<trkpt lat="39.856989020481706" lon="3.176521025598049">
<ele>83</ele>
</trkpt>
<trkpt lat="39.856987008824944" lon="3.176418012008071">
<ele>83</ele>
</trkpt>
<trkpt lat="39.856953984126449" lon="3.176268981769681">
<ele>83</ele>
</trkpt>
<trkpt lat="39.85689396969974" lon="3.1761160120368">
<ele>84</ele>
</trkpt>
<trkpt lat="39.856831021606922" lon="3.176001012325287">
<ele>85</ele>
</trkpt>
<trkpt lat="39.856834961101413" lon="3.17585801705718">
<ele>85</ele>
</trkpt>
<trkpt lat="39.856881983578205" lon="3.175730025395751">
<ele>85</ele>
</trkpt>
<trkpt lat="39.856910984963179" lon="3.175633968785405">
<ele>86</ele>
</trkpt>
<trkpt lat="39.856963036581874" lon="3.175503965467215">
<ele>87</ele>
</trkpt>
<trkpt lat="39.857017016038299" lon="3.175413021817803">
<ele>87</ele>
</trkpt>
<trkpt lat="39.857078036293387" lon="3.175328029319644">
<ele>87</ele>
</trkpt>
<trkpt lat="39.857147019356489" lon="3.175240019336343">
<ele>88</ele>
</trkpt>
<trkpt lat="39.857159005478024" lon="3.175118984654546">
<ele>88</ele>
</trkpt>
<trkpt lat="39.857251038774848" lon="3.174999039620161">
<ele>89</ele>
</trkpt>
<trkpt lat="39.857347011566162" lon="3.174929972738028">
<ele>89</ele>
</trkpt>
<trkpt lat="39.857447007670999" lon="3.174875993281603">
<ele>89</ele>
</trkpt>
<trkpt lat="39.857479026541114" lon="3.174844980239868">
<ele>90</ele>
</trkpt>
<trkpt lat="39.857586985453963" lon="3.174657979980111">
<ele>90</ele>
</trkpt>
<trkpt lat="39.857596037909389" lon="3.174630990251899">
<ele>92</ele>
</trkpt>
<trkpt lat="39.857619004324079" lon="3.174602994695306">
<ele>92</ele>
</trkpt>
<trkpt lat="39.857631996273994" lon="3.174495035782456">
<ele>93</ele>
</trkpt>
<trkpt lat="39.857570976018906" lon="3.174356985837221">
<ele>94</ele>
</trkpt>
<trkpt lat="39.857548009604216" lon="3.174279034137726">
<ele>95</ele>
</trkpt>
<trkpt lat="39.85757801681757" lon="3.174111982807517">
<ele>96</ele>
</trkpt>
<trkpt lat="39.857583967968822" lon="3.174064960330725">
<ele>97</ele>
</trkpt>
<trkpt lat="39.857633002102375" lon="3.173953983932734">
<ele>98</ele>
</trkpt>
<trkpt lat="39.857681030407548" lon="3.173903021961451">
<ele>99</ele>
</trkpt>
<trkpt lat="39.857685975730419" lon="3.173791961744428">
<ele>100</ele>
</trkpt>
<trkpt lat="39.857667032629251" lon="3.173613008111715">
<ele>101</ele>
</trkpt>
<trkpt lat="39.857667032629251" lon="3.173569003120065">
<ele>103</ele>
</trkpt>
<trkpt lat="39.857642976567149" lon="3.173483004793525">
<ele>103</ele>
</trkpt>
<trkpt lat="39.857593020424247" lon="3.173259040340781">
<ele>104</ele>
</trkpt>
<trkpt lat="39.857567958533764" lon="3.17319299094379">
<ele>105</ele>
</trkpt>
<trkpt lat="39.857528982684016" lon="3.173072962090373">
<ele>105</ele>
</trkpt>
<trkpt lat="39.85753602348268" lon="3.172992998734117">
<ele>105</ele>
</trkpt>
<trkpt lat="39.857523031532764" lon="3.172897025942802">
<ele>106</ele>
</trkpt>
<trkpt lat="39.857502998784184" lon="3.172825025394559">
<ele>107</ele>
</trkpt>
<trkpt lat="39.857466034591198" lon="3.172683035954833">
<ele>107</ele>
</trkpt>
<trkpt lat="39.857467962428927" lon="3.172651017084718">
<ele>107</ele>
</trkpt>
<trkpt lat="39.85747299157083" lon="3.172545991837978">
<ele>108</ele>
</trkpt>
<trkpt lat="39.857512973248959" lon="3.172425040975213">
<ele>109</ele>
</trkpt>
<trkpt lat="39.857567036524415" lon="3.172281961888075">
<ele>110</ele>
</trkpt>
<trkpt lat="39.857662003487349" lon="3.172151958569884">
<ele>111</ele>
</trkpt>
<trkpt lat="39.85770802013576" lon="3.172053974121809">
<ele>112</ele>
</trkpt>
<trkpt lat="39.857693016529083" lon="3.172014998272061">
<ele>113</ele>
</trkpt>
<trkpt lat="39.857638031244278" lon="3.171896981075406">
<ele>114</ele>
</trkpt>
<trkpt lat="39.857620010152459" lon="3.171845013275743">
<ele>115</ele>
</trkpt>
<trkpt lat="39.857563013210893" lon="3.171746022999287">
<ele>116</ele>
</trkpt>
<trkpt lat="39.857526971027255" lon="3.171700006350875">
<ele>117</ele>
</trkpt>
<trkpt lat="39.857466034591198" lon="3.171615013852716">
<ele>118</ele>
</trkpt>
<trkpt lat="39.857430998235941" lon="3.17155902273953">
<ele>120</ele>
</trkpt>
<trkpt lat="39.857374001294374" lon="3.171470006927848">
<ele>121</ele>
</trkpt>
<trkpt lat="39.857272999361157" lon="3.171291975304484">
<ele>123</ele>
</trkpt>
<trkpt lat="39.857255984097719" lon="3.171271020546556">
<ele>125</ele>
</trkpt>
<trkpt lat="39.857223965227604" lon="3.1711720302701">
<ele>127</ele>
</trkpt>
<trkpt lat="39.857116006314754" lon="3.171015037223697">
<ele>129</ele>
</trkpt>
<trkpt lat="39.857029002159834" lon="3.17091403529048">
<ele>131</ele>
</trkpt>
<trkpt lat="39.856935041025281" lon="3.1707230117172">
<ele>133</ele>
</trkpt>
<trkpt lat="39.856886006891727" lon="3.170694010332227">
<ele>134</ele>
</trkpt>
<trkpt lat="39.856809983029962" lon="3.170598959550262">
<ele>136</ele>
</trkpt>
<trkpt lat="39.856714010238647" lon="3.170434003695846">
<ele>138</ele>
</trkpt>
<trkpt lat="39.856673022732139" lon="3.17035797983408">
<ele>140</ele>
</trkpt>
<trkpt lat="39.856552993878722" lon="3.170276004821062">
<ele>142</ele>
</trkpt>
<trkpt lat="39.856455009430647" lon="3.170243985950947">
<ele>144</ele>
</trkpt>
<trkpt lat="39.856361970305443" lon="3.17022998817265">
<ele>146</ele>
</trkpt>
<trkpt lat="39.856296004727483" lon="3.17020601592958">
<ele>148</ele>
</trkpt>
<trkpt lat="39.856336992233992" lon="3.170105013996363">
<ele>150</ele>
</trkpt>
<trkpt lat="39.856411004438996" lon="3.170007029548287">
<ele>152</ele>
</trkpt>
<trkpt lat="39.856475964188576" lon="3.169934023171663">
<ele>154</ele>
</trkpt>
<trkpt lat="39.856584006920457" lon="3.169795973226428">
<ele>156</ele>
</trkpt>
<trkpt lat="39.85658903606236" lon="3.169720033183694">
<ele>157</ele>
</trkpt>
<trkpt lat="39.856671011075377" lon="3.169535966590047">
<ele>159</ele>
</trkpt>
<trkpt lat="39.85667796805501" lon="3.169502019882202">
<ele>160</ele>
</trkpt>
<trkpt lat="39.85669900663197" lon="3.169440999627113">
<ele>162</ele>
</trkpt>
<trkpt lat="39.856694983318448" lon="3.169439993798733">
<ele>163</ele>
</trkpt>
<trkpt lat="39.856694983318448" lon="3.169438987970352">
<ele>162</ele>
</trkpt>
<trkpt lat="39.856694983318448" lon="3.169438987970352">
<ele>160</ele>
</trkpt>
<trkpt lat="39.856694983318448" lon="3.169438987970352">
<ele>158</ele>
</trkpt>
<trkpt lat="39.856664976105094" lon="3.16934603266418">
<ele>156</ele>
</trkpt>
<trkpt lat="39.856703029945493" lon="3.169190967455506">
<ele>155</ele>
</trkpt>
<trkpt lat="39.856747034937143" lon="3.169074039906263">
<ele>154</ele>
</trkpt>
<trkpt lat="39.856690960004926" lon="3.169003967195749">
<ele>153</ele>
</trkpt>
<trkpt lat="39.856668999418616" lon="3.168988041579723">
<ele>151</ele>
</trkpt>
<trkpt lat="39.85663597472012" lon="3.168764999136329">
<ele>150</ele>
</trkpt>
<trkpt lat="39.856512006372213" lon="3.168729040771723">
<ele>148</ele>
</trkpt>
<trkpt lat="39.856430031359196" lon="3.168686963617802">
<ele>146</ele>
</trkpt>
<trkpt lat="39.856300028041005" lon="3.168609011918306">
<ele>144</ele>
</trkpt>
<trkpt lat="39.856363981962204" lon="3.168470961973071">
<ele>142</ele>
</trkpt>
<trkpt lat="39.856460960581899" lon="3.168369960039854">
<ele>140</ele>
</trkpt>
<trkpt lat="39.856516029685736" lon="3.168299971148372">
<ele>138</ele>
</trkpt>
<trkpt lat="39.856614014133811" lon="3.168092016130686">
<ele>136</ele>
</trkpt>
<trkpt lat="39.856628011912107" lon="3.16797299310565">
<ele>134</ele>
</trkpt>
<trkpt lat="39.856643015518785" lon="3.167927982285619">
<ele>132</ele>
</trkpt>
<trkpt lat="39.856709986925125" lon="3.167829997837544">
<ele>130</ele>
</trkpt>
<trkpt lat="39.856794979423285" lon="3.167724972590804">
<ele>128</ele>
</trkpt>
<trkpt lat="39.856897993013263" lon="3.167573008686304">
<ele>127</ele>
</trkpt>
<trkpt lat="39.856938980519772" lon="3.167516011744738">
<ele>126</ele>
</trkpt>
<trkpt lat="39.856948032975197" lon="3.167464965954423">
<ele>124</ele>
</trkpt>
<trkpt lat="39.857018021866679" lon="3.167217029258609">
<ele>122</ele>
</trkpt>
<trkpt lat="39.857015004381537" lon="3.167123990133405">
<ele>121</ele>
</trkpt>
<trkpt lat="39.857048029080033" lon="3.167064981535077">
<ele>120</ele>
</trkpt>
<trkpt lat="39.857145007699728" lon="3.16700597293675">
<ele>118</ele>
</trkpt>
<trkpt lat="39.857208039611578" lon="3.166917040944099">
<ele>116</ele>
</trkpt>
<trkpt lat="39.857272999361157" lon="3.166802963241935">
<ele>115</ele>
</trkpt>
<trkpt lat="39.857308035716414" lon="3.166727023199201">
<ele>114</ele>
</trkpt>
<trkpt lat="39.857366038486362" lon="3.166638007387519">
<ele>113</ele>
</trkpt>
<trkpt lat="39.857434015721083" lon="3.166493000462651">
<ele>112</ele>
</trkpt>
<trkpt lat="39.85745295882225" lon="3.166394010186195">
<ele>111</ele>
</trkpt>
<trkpt lat="39.857486989349127" lon="3.166243974119425">
<ele>110</ele>
</trkpt>
<trkpt lat="39.857497969642282" lon="3.166222013533115">
<ele>110</ele>
</trkpt>
<trkpt lat="39.857562007382512" lon="3.16603995859623">
<ele>109</ele>
</trkpt>
<trkpt lat="39.857625961303711" lon="3.165883971378207">
<ele>108</ele>
</trkpt>
<trkpt lat="39.857646999880672" lon="3.165791016072035">
<ele>107</ele>
</trkpt>
<trkpt lat="39.857697039842606" lon="3.165682973340154">
<ele>106</ele>
</trkpt>
<trkpt lat="39.85770802013576" lon="3.165649026632309">
<ele>106</ele>
</trkpt>
<trkpt lat="39.857766022905707" lon="3.165483986958861">
<ele>105</ele>
</trkpt>
<trkpt lat="39.857797035947442" lon="3.165421960875392">
<ele>104</ele>
</trkpt>
<trkpt lat="39.857821008190513" lon="3.165302015841007">
<ele>104</ele>
</trkpt>
<trkpt lat="39.857849003747106" lon="3.165148962289095">
<ele>104</ele>
</trkpt>
<trkpt lat="39.857925027608871" lon="3.165023988112807">
<ele>103</ele>
</trkpt>
<trkpt lat="39.857941959053278" lon="3.164988029748201">
<ele>102</ele>
</trkpt>
<trkpt lat="39.857978001236916" lon="3.164907982572913">
<ele>102</ele>
</trkpt>
<trkpt lat="39.858090989291668" lon="3.164950981736183">
<ele>102</ele>
</trkpt>
<trkpt lat="39.858230967074633" lon="3.164916029199958">
<ele>101</ele>
</trkpt>
<trkpt lat="39.858313025906682" lon="3.164833970367909">
<ele>101</ele>
</trkpt>
<trkpt lat="39.858344038948417" lon="3.164815027266741">
<ele>100</ele>
</trkpt>
<trkpt lat="39.858424002304673" lon="3.164714025333524">
<ele>100</ele>
</trkpt>
<trkpt lat="39.858488040044904" lon="3.164627021178603">
<ele>99</ele>
</trkpt>
<trkpt lat="39.858500026166439" lon="3.164593996480107">
<ele>99</ele>
</trkpt>
<trkpt lat="39.858591975644231" lon="3.164559965953231">
<ele>99</ele>
</trkpt>
<trkpt lat="39.858659030869603" lon="3.164503974840045">
<ele>98</ele>
</trkpt>
<trkpt lat="39.858733965083957" lon="3.164414959028363">
<ele>98</ele>
</trkpt>
<trkpt lat="39.858761038631201" lon="3.164322003722191">
<ele>97</ele>
</trkpt>
<trkpt lat="39.858778975903988" lon="3.164237011224031">
<ele>97</ele>
</trkpt>
<trkpt lat="39.858822980895638" lon="3.164115976542234">
<ele>96</ele>
</trkpt>
<trkpt lat="39.858905961737037" lon="3.16399896517396">
<ele>95</ele>
</trkpt>
<trkpt lat="39.858916020020843" lon="3.163989996537566">
<ele>94</ele>
</trkpt>
<trkpt lat="39.858988020569086" lon="3.163921013474464">
<ele>93</ele>
</trkpt>
<trkpt lat="39.859062032774091" lon="3.163872985169292">
<ele>92</ele>
</trkpt>
<trkpt lat="39.859181977808475" lon="3.163862004876137">
<ele>92</ele>
</trkpt>
<trkpt lat="39.859191030263901" lon="3.163857981562614">
<ele>91</ele>
</trkpt>
<trkpt lat="39.859305024147034" lon="3.163776006549597">
<ele>90</ele>
</trkpt>
<trkpt lat="39.859334025532007" lon="3.163742981851101">
<ele>89</ele>
</trkpt>
<trkpt lat="39.859352968633175" lon="3.163586994633079">
<ele>88</ele>
</trkpt>
<trkpt lat="39.859379958361387" lon="3.16339697688818">
<ele>88</ele>
</trkpt>
<trkpt lat="39.859407031908631" lon="3.16337501630187">
<ele>87</ele>
</trkpt>
<trkpt lat="39.859474003314972" lon="3.163270996883512">
<ele>87</ele>
</trkpt>
<trkpt lat="39.859565030783415" lon="3.163241995498538">
<ele>87</ele>
</trkpt>
<trkpt lat="39.859657986089587" lon="3.163229003548622">
<ele>86</ele>
</trkpt>
<trkpt lat="39.859766028821468" lon="3.163196984678507">
<ele>86</ele>
</trkpt>
<trkpt lat="39.859826965257525" lon="3.163136970251799">
<ele>86</ele>
</trkpt>
<trkpt lat="39.859905000776052" lon="3.163018031045795">
<ele>86</ele>
</trkpt>
<trkpt lat="39.859938025474548" lon="3.162957010790706">
<ele>85</ele>
</trkpt>
<trkpt lat="39.860018994659185" lon="3.162776967510581">
<ele>85</ele>
</trkpt>
<trkpt lat="39.860153021290898" lon="3.162674037739635">
<ele>84</ele>
</trkpt>
<trkpt lat="39.860216975212097" lon="3.162561971694231">
<ele>83</ele>
</trkpt>
<trkpt lat="39.860231978818774" lon="3.162534981966019">
<ele>81</ele>
</trkpt>
<trkpt lat="39.860320994630456" lon="3.162513021379709">
<ele>80</ele>
</trkpt>
<trkpt lat="39.860400035977364" lon="3.162545040249825">
<ele>79</ele>
</trkpt>
<trkpt lat="39.860468013212085" lon="3.162469016388059">
<ele>78</ele>
</trkpt>
<trkpt lat="39.860489973798394" lon="3.162418976426125">
<ele>77</ele>
</trkpt>
<trkpt lat="39.86054596491158" lon="3.162198029458523">
<ele>76</ele>
</trkpt>
<trkpt lat="39.860621988773346" lon="3.162140026688576">
<ele>75</ele>
</trkpt>
<trkpt lat="39.860678985714912" lon="3.162155030295253">
<ele>74</ele>
</trkpt>
<trkpt lat="39.860743023455143" lon="3.162158969789743">
<ele>74</ele>
</trkpt>
<trkpt lat="39.860807983204722" lon="3.162133991718292">
<ele>74</ele>
</trkpt>
<trkpt lat="39.860856011509895" lon="3.162056040018797">
<ele>73</ele>
</trkpt>
<trkpt lat="39.860884007066488" lon="3.161921007558703">
<ele>73</ele>
</trkpt>
<trkpt lat="39.860883001238108" lon="3.161896029487252">
<ele>73</ele>
</trkpt>
<trkpt lat="39.860902028158307" lon="3.16186903975904">
<ele>73</ele>
</trkpt>
<trkpt lat="39.860918959602714" lon="3.161695031449199">
<ele>73</ele>
</trkpt>
<trkpt lat="39.860935974866152" lon="3.161566033959389">
<ele>72</ele>
</trkpt>
<trkpt lat="39.860947960987687" lon="3.161489004269242">
<ele>72</ele>
</trkpt>
<trkpt lat="39.86103898845613" lon="3.161381967365742">
<ele>72</ele>
</trkpt>
<trkpt lat="39.861058015376329" lon="3.161370987072587">
<ele>72</ele>
</trkpt>
<trkpt lat="39.861137978732586" lon="3.161133024841547">
<ele>72</ele>
</trkpt>
<trkpt lat="39.861204028129578" lon="3.161078039556742">
<ele>72</ele>
</trkpt>
<trkpt lat="39.861235963180661" lon="3.160866983234882">
<ele>72</ele>
</trkpt>
<trkpt lat="39.861261025071144" lon="3.1607969943434">
<ele>71</ele>
</trkpt>
<trkpt lat="39.861276028677821" lon="3.160674031823874">
<ele>71</ele>
</trkpt>
<trkpt lat="39.86129698343575" lon="3.160571018233895">
<ele>71</ele>
</trkpt>
<trkpt lat="39.861289020627737" lon="3.160420982167125">
<ele>71</ele>
</trkpt>
<trkpt lat="39.861282985657454" lon="3.160391980782151">
<ele>71</ele>
</trkpt>
<trkpt lat="39.861307963728905" lon="3.160183019936085">
<ele>71</ele>
</trkpt>
<trkpt lat="39.861313998699188" lon="3.160153012722731">
<ele>71</ele>
</trkpt>
<trkpt lat="39.861409971490502" lon="3.159956960007548">
<ele>70</ele>
</trkpt>
<trkpt lat="39.861508039757609" lon="3.159831985831261">
<ele>69</ele>
</trkpt>
<trkpt lat="39.861600995063782" lon="3.159739030525088">
<ele>69</ele>
</trkpt>
<trkpt lat="39.861650029197335" lon="3.159695025533438">
<ele>69</ele>
</trkpt>
<trkpt lat="39.861739967018366" lon="3.159590000286698">
<ele>68</ele>
</trkpt>
<trkpt lat="39.861818002536893" lon="3.159502996131778">
<ele>67</ele>
</trkpt>
<trkpt lat="39.861879022791982" lon="3.159407023340464">
<ele>67</ele>
</trkpt>
<trkpt lat="39.861953034996986" lon="3.15931499004364">
<ele>67</ele>
</trkpt>
<trkpt lat="39.86200500279665" lon="3.1592289917171">
<ele>66</ele>
</trkpt>
<trkpt lat="39.862040039151907" lon="3.159139975905418">
<ele>65</ele>
</trkpt>
<trkpt lat="39.862132994458079" lon="3.15894702449441">
<ele>63</ele>
</trkpt>
<trkpt lat="39.86215696670115" lon="3.15888499841094">
<ele>62</ele>
</trkpt>
<trkpt lat="39.862217986956239" lon="3.158730017021298">
<ele>61</ele>
</trkpt>
<trkpt lat="39.862256040796638" lon="3.158650975674391">
<ele>59</ele>
</trkpt>
<trkpt lat="39.86236902885139" lon="3.158445032313466">
<ele>58</ele>
</trkpt>
<trkpt lat="39.862396018579602" lon="3.158413013443351">
<ele>57</ele>
</trkpt>
<trkpt lat="39.862460978329182" lon="3.158330032601953">
<ele>56</ele>
</trkpt>
<trkpt lat="39.862592993304133" lon="3.158241016790271">
<ele>54</ele>
</trkpt>
<trkpt lat="39.862699024379253" lon="3.158206986263394">
<ele>53</ele>
</trkpt>
<trkpt lat="39.86280295997858" lon="3.158172033727169">
<ele>54</ele>
</trkpt>
<trkpt lat="39.862902034074068" lon="3.158011017367244">
<ele>54</ele>
</trkpt>
<trkpt lat="39.862985014915466" lon="3.157942034304142">
<ele>55</ele>
</trkpt>
<trkpt lat="39.863002030178905" lon="3.157939016819">
<ele>55</ele>
</trkpt>
<trkpt lat="39.863190036267042" lon="3.15787497907877">
<ele>56</ele>
</trkpt>
<trkpt lat="39.863242004066706" lon="3.1578319799155">
<ele>57</ele>
</trkpt>
<trkpt lat="39.863349040970206" lon="3.157747993245721">
<ele>57</ele>
</trkpt>
<trkpt lat="39.863465968519449" lon="3.157682027667761">
<ele>58</ele>
</trkpt>
<trkpt lat="39.863482983782887" lon="3.157684039324522">
<ele>58</ele>
</trkpt>
<trkpt lat="39.86359303817153" lon="3.157653026282787">
<ele>59</ele>
</trkpt>
<trkpt lat="39.863651040941477" lon="3.157631987705827">
<ele>60</ele>
</trkpt>
<trkpt lat="39.863782972097397" lon="3.157608015462756">
<ele>60</ele>
</trkpt>
<trkpt lat="39.8637880012393" lon="3.157601980492473">
<ele>61</ele>
</trkpt>
<trkpt lat="39.863957986235619" lon="3.157571973279119">
<ele>61</ele>
</trkpt>
<trkpt lat="39.864056976512074" lon="3.157554036006331">
<ele>62</ele>
</trkpt>
<trkpt lat="39.864186979830265" lon="3.15753098577261">
<ele>63</ele>
</trkpt>
<trkpt lat="39.864338021725416" lon="3.157526040449739">
<ele>63</ele>
</trkpt>
<trkpt lat="39.864480011165142" lon="3.157560992985964">
<ele>64</ele>
</trkpt>
<trkpt lat="39.864612026140094" lon="3.157572979107499">
<ele>64</ele>
</trkpt>
<trkpt lat="39.864646978676319" lon="3.157567027956247">
<ele>65</ele>
</trkpt>
<trkpt lat="39.864787962287664" lon="3.157555041834712">
<ele>65</ele>
</trkpt>
<trkpt lat="39.864829033613205" lon="3.15757398493588">
<ele>64</ele>
</trkpt>
<trkpt lat="39.864886030554771" lon="3.157572979107499">
<ele>64</ele>
</trkpt>
<trkpt lat="39.865063978359103" lon="3.157585971057415">
<ele>63</ele>
</trkpt>
<trkpt lat="39.865160034969449" lon="3.157623019069433">
<ele>63</ele>
</trkpt>
<trkpt lat="39.865291966125369" lon="3.157694013789296">
<ele>63</ele>
</trkpt>
<trkpt lat="39.865362038835883" lon="3.157737012952566">
<ele>62</ele>
</trkpt>
<trkpt lat="39.86546496860683" lon="3.157793004065752">
<ele>62</ele>
</trkpt>
<trkpt lat="39.865601006895304" lon="3.157930970191956">
<ele>61</ele>
</trkpt>
<trkpt lat="39.865650963038206" lon="3.157953014597297">
<ele>61</ele>
</trkpt>
<trkpt lat="39.865773003548384" lon="3.158055022358894">
<ele>61</ele>
</trkpt>
<trkpt lat="39.865821031853557" lon="3.158091986551881">
<ele>61</ele>
</trkpt>
<trkpt lat="39.865943994373083" lon="3.158191982656717">
<ele>60</ele>
</trkpt>
<trkpt lat="39.866063017398119" lon="3.158280998468399">
<ele>60</ele>
</trkpt>
<trkpt lat="39.866084977984428" lon="3.158303964883089">
<ele>60</ele>
</trkpt>
<trkpt lat="39.8661969602108" lon="3.158415025100112">
<ele>61</ele>
</trkpt>
<trkpt lat="39.866410028189421" lon="3.158522984012961">
<ele>61</ele>
</trkpt>
<trkpt lat="39.866461995989084" lon="3.158533964306116">
<ele>60</ele>
</trkpt>
<trkpt lat="39.86660398542881" lon="3.158604959025979">
<ele>60</ele>
</trkpt>
<trkpt lat="39.866674980148673" lon="3.158636977896094">
<ele>60</ele>
</trkpt>
<trkpt lat="39.866811018437147" lon="3.158789025619626">
<ele>60</ele>
</trkpt>
<trkpt lat="39.866874972358346" lon="3.15882096067071">
<ele>59</ele>
</trkpt>
<trkpt lat="39.867083011195064" lon="3.158867983147502">
<ele>59</ele>
</trkpt>
<trkpt lat="39.867209997028112" lon="3.158878963440657">
<ele>59</ele>
</trkpt>
<trkpt lat="39.867232041433454" lon="3.158880975097418">
<ele>58</ele>
</trkpt>
<trkpt lat="39.86737503670156" lon="3.158901007845998">
<ele>58</ele>
</trkpt>
<trkpt lat="39.867390040308237" lon="3.158908970654011">
<ele>58</ele>
</trkpt>
<trkpt lat="39.867517026141286" lon="3.1589509639889">
<ele>58</ele>
</trkpt>
<trkpt lat="39.867620039731264" lon="3.158989017829299">
<ele>57</ele>
</trkpt>
<trkpt lat="39.867664966732264" lon="3.159010978415608">
<ele>57</ele>
</trkpt>
<trkpt lat="39.867878034710884" lon="3.159084990620613">
<ele>57</ele>
</trkpt>
<trkpt lat="39.867897983640432" lon="3.159085996448994">
<ele>58</ele>
</trkpt>
<trkpt lat="39.868082972243428" lon="3.159095970913768">
<ele>58</ele>
</trkpt>
<trkpt lat="39.868103004992008" lon="3.159093037247658">
<ele>58</ele>
</trkpt>
<trkpt lat="39.868233008310199" lon="3.159104017540813">
<ele>58</ele>
</trkpt>
<trkpt lat="39.86827801913023" lon="3.159153973683715">
<ele>59</ele>
</trkpt>
<trkpt lat="39.868193026632071" lon="3.159298980608583">
<ele>59</ele>
</trkpt>
<trkpt lat="39.868147009983659" lon="3.159406017512083">
<ele>59</ele>
</trkpt>
<trkpt lat="39.868123037740588" lon="3.159441975876689">
<ele>60</ele>
</trkpt>
<trkpt lat="39.868057994171977" lon="3.159594023600221">
<ele>60</ele>
</trkpt>
<trkpt lat="39.868040978908539" lon="3.159648003056645">
<ele>61</ele>
</trkpt>
<trkpt lat="39.868009965866804" lon="3.15987397916615">
<ele>62</ele>
</trkpt>
<trkpt lat="39.867975013330579" lon="3.159938016906381">
<ele>63</ele>
</trkpt>
<trkpt lat="39.867907036095858" lon="3.1600889749825">
<ele>64</ele>
</trkpt>
<trkpt lat="39.867852972820401" lon="3.160254014655948">
<ele>66</ele>
</trkpt>
<trkpt lat="39.867820031940937" lon="3.160381000488997">
<ele>67</ele>
</trkpt>
<trkpt lat="39.867792036384344" lon="3.160487031564117">
<ele>68</ele>
</trkpt>
<trkpt lat="39.867768986150622" lon="3.160590967163444">
<ele>69</ele>
</trkpt>
<trkpt lat="39.867734033614397" lon="3.160701021552086">
<ele>70</ele>
</trkpt>
<trkpt lat="39.867735961452127" lon="3.160788025707007">
<ele>71</ele>
</trkpt>
<trkpt lat="39.867727998644114" lon="3.16081996075809">
<ele>72</ele>
</trkpt>
<trkpt lat="39.867619033902884" lon="3.160937977954745">
<ele>73</ele>
</trkpt>
<trkpt lat="39.867607969790697" lon="3.160954993218184">
<ele>74</ele>
</trkpt>
<trkpt lat="39.867538986727595" lon="3.161063035950065">
<ele>75</ele>
</trkpt>
<trkpt lat="39.86750696785748" lon="3.161123972386122">
<ele>76</ele>
</trkpt>
<trkpt lat="39.867434967309237" lon="3.161194967105985">
<ele>77</ele>
</trkpt>
<trkpt lat="39.867380987852812" lon="3.161228997632861">
<ele>78</ele>
</trkpt>
<trkpt lat="39.867292977869511" lon="3.161366041749716">
<ele>79</ele>
</trkpt>
<trkpt lat="39.867188958451152" lon="3.161476012319326">
<ele>80</ele>
</trkpt>
<trkpt lat="39.867086028680205" lon="3.161580031737685">
<ele>81</ele>
</trkpt>
<trkpt lat="39.867015033960342" lon="3.161730989813805">
<ele>82</ele>
</trkpt>
<trkpt lat="39.866986032575369" lon="3.161897035315633">
<ele>82</ele>
</trkpt>
<trkpt lat="39.867018973454833" lon="3.162038018926978">
<ele>82</ele>
</trkpt>
<trkpt lat="39.867051998153329" lon="3.16212996840477">
<ele>83</ele>
</trkpt>
<trkpt lat="39.867157023400068" lon="3.162343958392739">
<ele>84</ele>
</trkpt>
<trkpt lat="39.867208991199732" lon="3.162447977811098">
<ele>84</ele>
</trkpt>
<trkpt lat="39.867249978706241" lon="3.162508998066187">
<ele>84</ele>
</trkpt>
<trkpt lat="39.867379982024431" lon="3.162693986669183">
<ele>85</ele>
</trkpt>
<trkpt lat="39.867381993681192" lon="3.162701027467847">
<ele>86</ele>
</trkpt>
<trkpt lat="39.867419963702559" lon="3.162860032171011">
<ele>86</ele>
</trkpt>
<trkpt lat="39.867453994229436" lon="3.163043009117246">
<ele>86</ele>
</trkpt>
<trkpt lat="39.8674610350281" lon="3.1630539894104">
<ele>87</ele>
</trkpt>
<trkpt lat="39.867414012551308" lon="3.163284994661808">
<ele>88</ele>
</trkpt>
<trkpt lat="39.867406971752644" lon="3.163294969126582">
<ele>88</ele>
</trkpt>
<trkpt lat="39.867390962317586" lon="3.163328999653459">
<ele>88</ele>
</trkpt>
<trkpt lat="39.867321979254484" lon="3.163398988544941">
<ele>89</ele>
</trkpt>
<trkpt lat="39.867284009233117" lon="3.163484986871481">
<ele>90</ele>
</trkpt>
<trkpt lat="39.867292977869511" lon="3.163637034595013">
<ele>90</ele>
</trkpt>
<trkpt lat="39.86731200478971" lon="3.163643991574645">
<ele>90</ele>
</trkpt>
<trkpt lat="39.867417030036449" lon="3.163725966587663">
<ele>91</ele>
</trkpt>
<trkpt lat="39.867442008107901" lon="3.163767037913203">
<ele>91</ele>
</trkpt>
<trkpt lat="39.867594977840781" lon="3.163958983495832">
<ele>91</ele>
</trkpt>
<trkpt lat="39.867625990882516" lon="3.164012962952256">
<ele>92</ele>
</trkpt>
<trkpt lat="39.867681981995702" lon="3.164136009290814">
<ele>92</ele>
</trkpt>
<trkpt lat="39.867853978648782" lon="3.164312029257417">
<ele>92</ele>
</trkpt>
<trkpt lat="39.867859007790685" lon="3.16432099789381">
<ele>92</ele>
</trkpt>
<trkpt lat="39.867973001673818" lon="3.164484025910497">
<ele>92</ele>
</trkpt>
<trkpt lat="39.868012983351946" lon="3.164514033123851">
<ele>93</ele>
</trkpt>
<trkpt lat="39.86810602247715" lon="3.16464495845139">
<ele>93</ele>
</trkpt>
<trkpt lat="39.86814902164042" lon="3.164690975099802">
<ele>93</ele>
</trkpt>
<trkpt lat="39.86821498721838" lon="3.164823995903134">
<ele>93</ele>
</trkpt>
<trkpt lat="39.868203001096845" lon="3.164876969531179">
<ele>93</ele>
</trkpt>
<trkpt lat="39.868126977235079" lon="3.165033040568233">
<ele>94</ele>
</trkpt>
<trkpt lat="39.868138963356614" lon="3.16515700891614">
<ele>94</ele>
</trkpt>
<trkpt lat="39.868165031075478" lon="3.165276031941176">
<ele>94</ele>
</trkpt>
<trkpt lat="39.868186991661787" lon="3.165400000289083">
<ele>93</ele>
</trkpt>
<trkpt lat="39.868253963068128" lon="3.165474012494087">
<ele>93</ele>
</trkpt>
<trkpt lat="39.868359994143248" lon="3.165442999452353">
<ele>94</ele>
</trkpt>
<trkpt lat="39.868417996913195" lon="3.165485998615623">
<ele>94</ele>
</trkpt>
<trkpt lat="39.868435012176633" lon="3.165506031364203">
<ele>94</ele>
</trkpt>
<trkpt lat="39.868586976081133" lon="3.165594963356853">
<ele>93</ele>
</trkpt>
<trkpt lat="39.868660988286138" lon="3.165634023025632">
<ele>93</ele>
</trkpt>
<trkpt lat="39.868724020197988" lon="3.165694959461689">
<ele>93</ele>
</trkpt>
<trkpt lat="39.868791997432709" lon="3.165752962231636">
<ele>92</ele>
</trkpt>
<trkpt lat="39.86888101324439" lon="3.165863016620278">
<ele>91</ele>
</trkpt>
<trkpt lat="39.868980003520846" lon="3.165901992470026">
<ele>91</ele>
</trkpt>
<trkpt lat="39.869034988805652" lon="3.166021015495062">
<ele>91</ele>
</trkpt>
<trkpt lat="39.86907597631216" lon="3.166024032980204">
<ele>90</ele>
</trkpt>
<trkpt lat="39.86911897547543" lon="3.166194017976522">
<ele>89</ele>
</trkpt>
<trkpt lat="39.869111012667418" lon="3.166233999654651">
<ele>89</ele>
</trkpt>
<trkpt lat="39.869067007675767" lon="3.166401972994208">
<ele>89</ele>
</trkpt>
<trkpt lat="39.869087962433696" lon="3.166476991027594">
<ele>90</ele>
</trkpt>
<trkpt lat="39.869135990738869" lon="3.166457964107394">
<ele>91</ele>
</trkpt>
<trkpt lat="39.869197010993958" lon="3.166491994634271">
<ele>91</ele>
</trkpt>
<trkpt lat="39.869231963530183" lon="3.166506998240948">
<ele>91</ele>
</trkpt>
<trkpt lat="39.869355009868741" lon="3.166538011282682">
<ele>92</ele>
</trkpt>
<trkpt lat="39.869454000145197" lon="3.166528036817908">
<ele>93</ele>
</trkpt>
<trkpt lat="39.869519965723157" lon="3.166522001847625">
<ele>93</ele>
</trkpt>
<trkpt lat="39.869616022333503" lon="3.166543040424585">
<ele>93</ele>
</trkpt>
<trkpt lat="39.869665978476405" lon="3.166557960212231">
<ele>94</ele>
</trkpt>
<trkpt lat="39.869811991229653" lon="3.166520996019244">
<ele>93</ele>
</trkpt>
<trkpt lat="39.869921039789915" lon="3.166591990739107">
<ele>93</ele>
</trkpt>
<trkpt lat="39.869961021468043" lon="3.166598025709391">
<ele>92</ele>
</trkpt>
<trkpt lat="39.870053976774216" lon="3.166635995730758">
<ele>91</ele>
</trkpt>
<trkpt lat="39.870087001472712" lon="3.166672959923744">
<ele>91</ele>
</trkpt>
<trkpt lat="39.870172999799252" lon="3.166753007099032">
<ele>90</ele>
</trkpt>
<trkpt lat="39.870275007560849" lon="3.166956016793847">
<ele>89</ele>
</trkpt>
<trkpt lat="39.870399981737137" lon="3.16709297709167">
<ele>88</ele>
</trkpt>
<trkpt lat="39.870450021699071" lon="3.167188027873635">
<ele>88</ele>
</trkpt>
<trkpt lat="39.870625035837293" lon="3.167233038693667">
<ele>87</ele>
</trkpt>
<trkpt lat="39.870695024728775" lon="3.167281989008188">
<ele>85</ele>
</trkpt>
<trkpt lat="39.870795020833611" lon="3.167346026748419">
<ele>83</ele>
</trkpt>
<trkpt lat="39.870870960876346" lon="3.16743403673172">
<ele>81</ele>
</trkpt>
<trkpt lat="39.870889987796545" lon="3.167558005079627">
<ele>79</ele>
</trkpt>
<trkpt lat="39.870896022766829" lon="3.167708963155747">
<ele>77</ele>
</trkpt>
<trkpt lat="39.870960982516408" lon="3.167890012264252">
<ele>76</ele>
</trkpt>
<trkpt lat="39.871042035520077" lon="3.167969975620508">
<ele>74</ele>
</trkpt>
<trkpt lat="39.87111696973443" lon="3.167992020025849">
<ele>72</ele>
</trkpt>
<trkpt lat="39.871240016072989" lon="3.167997971177101">
<ele>70</ele>
</trkpt>
<trkpt lat="39.871289972215891" lon="3.168020015582442">
<ele>68</ele>
</trkpt>
<trkpt lat="39.871384017169476" lon="3.168070977553725">
<ele>70</ele>
</trkpt>
<trkpt lat="39.871391979977489" lon="3.168086986988783">
<ele>72</ele>
</trkpt>
<trkpt lat="39.871483007445931" lon="3.168248003348708">
<ele>73</ele>
</trkpt>
<trkpt lat="39.871515026316047" lon="3.16838001832366">
<ele>75</ele>
</trkpt>
<trkpt lat="39.87154302187264" lon="3.168513961136341">
<ele>77</ele>
</trkpt>
<trkpt lat="39.871574034914374" lon="3.168580010533333">
<ele>79</ele>
</trkpt>
<trkpt lat="39.871661961078644" lon="3.168630972504616">
<ele>81</ele>
</trkpt>
<trkpt lat="39.871764974668622" lon="3.168759969994426">
<ele>82</ele>
</trkpt>
<trkpt lat="39.87182498909533" lon="3.168769022449851">
<ele>84</ele>
</trkpt>
<trkpt lat="39.871892966330051" lon="3.168861977756023">
<ele>86</ele>
</trkpt>
<trkpt lat="39.871925991028547" lon="3.168877987191081">
<ele>89</ele>
</trkpt>
<trkpt lat="39.872024981305003" lon="3.168946970254183">
<ele>92</ele>
</trkpt>
<trkpt lat="39.87208298407495" lon="3.169096000492573">
<ele>94</ele>
</trkpt>
<trkpt lat="39.87210201099515" lon="3.169275037944317">
<ele>97</ele>
</trkpt>
<trkpt lat="39.872261015698314" lon="3.169417027384043">
<ele>100</ele>
</trkpt>
<trkpt lat="39.872326981276274" lon="3.169451979920268">
<ele>103</ele>
</trkpt>
<trkpt lat="39.872454972937703" lon="3.169534038752317">
<ele>106</ele>
</trkpt>
<trkpt lat="39.87251196987927" lon="3.169600004330277">
<ele>108</ele>
</trkpt>
<trkpt lat="39.872516999021173" lon="3.169759009033442">
<ele>111</ele>
</trkpt>
<trkpt lat="39.872584976255894" lon="3.169873002916575">
<ele>114</ele>
</trkpt>
<trkpt lat="39.872580030933022" lon="3.169968975707889">
<ele>116</ele>
</trkpt>
<trkpt lat="39.872582964599133" lon="3.169993031769991">
<ele>117</ele>
</trkpt>
<trkpt lat="39.872629987075925" lon="3.170066038146615">
<ele>119</ele>
</trkpt>
<trkpt lat="39.872740041464567" lon="3.17016301676631">
<ele>120</ele>
</trkpt>
<trkpt lat="39.872740963473916" lon="3.170290002599359">
<ele>122</ele>
</trkpt>
<trkpt lat="39.872710034251213" lon="3.170350017026067">
<ele>124</ele>
</trkpt>
<trkpt lat="39.872637027874589" lon="3.170561995357275">
<ele>125</ele>
</trkpt>
<trkpt lat="39.872635016217828" lon="3.170622009783983">
<ele>127</ele>
</trkpt>
<trkpt lat="39.872693018987775" lon="3.1707230117172">
<ele>128</ele>
</trkpt>
<trkpt lat="39.872764013707638" lon="3.170805992558599">
<ele>130</ele>
</trkpt>
<trkpt lat="39.872797038406134" lon="3.170868018642068">
<ele>131</ele>
</trkpt>
<trkpt lat="39.872849006205797" lon="3.170845974236727">
<ele>133</ele>
</trkpt>
<trkpt lat="39.872878007590771" lon="3.170812027528882">
<ele>134</ele>
</trkpt>
<trkpt lat="39.872928969562054" lon="3.170781014487147">
<ele>135</ele>
</trkpt>
<trkpt lat="39.873054027557373" lon="3.1707420386374">
<ele>136</ele>
</trkpt>
<trkpt lat="39.873067019507289" lon="3.170743966475129">
<ele>137</ele>
</trkpt>
<trkpt lat="39.873067019507289" lon="3.170743966475129">
<ele>139</ele>
</trkpt>
<trkpt lat="39.873117981478572" lon="3.170690992847085">
<ele>140</ele>
</trkpt>
</trkseg>
</trk>
</gpx>
