<?xml version="1.0" encoding="UTF-8"?>
<gpx version="1.1"
creator="Smartprofil-Office - http://www.rother.de"
xmlns:xsi="http://www.w3.org/2001/XMLSchema-instance"
xmlns="http://www.topografix.com/GPX/1/1"
xsi:schemaLocation="http://www.topografix.com/GPX/1/1 http://www.topografix.com/GPX/1/1/gpx.xsd">
<metadata>

<bounds minlat="39.816076029092073" minlon="2.884622002020478" maxlat="39.843211015686393" maxlon="2.925754012539983"/>
</metadata>
<wpt lat="39.82053997926414" lon="2.884624013677239">
<ele>480</ele>
<name>46_Lluc (1)</name>
<cmt></cmt>
<desc></desc>
<sym>Crossing</sym>
</wpt>

<wpt lat="39.818571992218494" lon="2.891665985807777">
<ele>545</ele>
<name>46_Refugi de Son Amer (2)</name>
<cmt></cmt>
<desc></desc>
<sym>Crossing</sym>
</wpt>

<wpt lat="39.819030985236168" lon="2.902831016108394">
<ele>591</ele>
<name>46_s'Ermita de Son Amer (3)</name>
<cmt></cmt>
<desc></desc>
<sym>Crossing</sym>
</wpt>

<wpt lat="39.822037992998958" lon="2.904418967664242">
<ele>686</ele>
<name>46_Coll Pelat (4)</name>
<cmt></cmt>
<desc></desc>
<sym>Crossing</sym>
</wpt>

<wpt lat="39.833973990753293" lon="2.912298962473869">
<ele>650</ele>
<name>46_Coll des Pedregaret (5)</name>
<cmt></cmt>
<desc></desc>
<sym>Crossing</sym>
</wpt>

<wpt lat="39.843204980716109" lon="2.925701960921288">
<ele>1104</ele>
<name>46_Puig Tomir (6)</name>
<cmt></cmt>
<desc></desc>
<sym>Crossing</sym>
</wpt>

<wpt lat="39.822037992998958" lon="2.904418967664242">
<ele>686</ele>
<name>46_Coll Pelat (4)</name>
<cmt></cmt>
<desc></desc>
<sym>Crossing</sym>
</wpt>

<wpt lat="39.818571992218494" lon="2.891665985807777">
<ele>545</ele>
<name>46_Refugi de Son Amer (2)</name>
<cmt></cmt>
<desc></desc>
<sym>Crossing</sym>
</wpt>

<trk>
<name>Mal_46_Tomir</name>
<trkseg>
<trkpt lat="39.82053997926414" lon="2.884624013677239">
<ele>480</ele>
</trkpt>
<trkpt lat="39.82053997926414" lon="2.884624013677239">
<ele>480</ele>
</trkpt>
<trkpt lat="39.82053997926414" lon="2.884622002020478">
<ele>479</ele>
</trkpt>
<trkpt lat="39.82053997926414" lon="2.884622002020478">
<ele>479</ele>
</trkpt>
<trkpt lat="39.820722034201026" lon="2.884702971205115">
<ele>479</ele>
</trkpt>
<trkpt lat="39.82079797424376" lon="2.884768014773727">
<ele>479</ele>
</trkpt>
<trkpt lat="39.820800991728902" lon="2.884782012552023">
<ele>479</ele>
</trkpt>
<trkpt lat="39.820844996720552" lon="2.884945962578058">
<ele>479</ele>
</trkpt>
<trkpt lat="39.820920014753938" lon="2.885166993364692">
<ele>479</ele>
</trkpt>
<trkpt lat="39.820992015302181" lon="2.88533303886652">
<ele>478</ele>
</trkpt>
<trkpt lat="39.821082036942244" lon="2.885515009984374">
<ele>478</ele>
</trkpt>
<trkpt lat="39.821165017783642" lon="2.885654987767339">
<ele>478</ele>
</trkpt>
<trkpt lat="39.821186978369951" lon="2.885694969445467">
<ele>477</ele>
</trkpt>
<trkpt lat="39.821249004453421" lon="2.885843999683857">
<ele>477</ele>
</trkpt>
<trkpt lat="39.821282029151917" lon="2.885903008282185">
<ele>477</ele>
</trkpt>
<trkpt lat="39.821349000558257" lon="2.886051032692194">
<ele>477</ele>
</trkpt>
<trkpt lat="39.821409014984965" lon="2.886176006868482">
<ele>477</ele>
</trkpt>
<trkpt lat="39.821431981399655" lon="2.886226968839765">
<ele>477</ele>
</trkpt>
<trkpt lat="39.821544969454408" lon="2.886455040425062">
<ele>477</ele>
</trkpt>
<trkpt lat="39.821557039394975" lon="2.886489992961288">
<ele>476</ele>
</trkpt>
<trkpt lat="39.821670027449727" lon="2.886738013476133">
<ele>476</ele>
</trkpt>
<trkpt lat="39.821754014119506" lon="2.886872040107846">
<ele>476</ele>
</trkpt>
<trkpt lat="39.821770023554564" lon="2.886901963502169">
<ele>476</ele>
</trkpt>
<trkpt lat="39.821822997182608" lon="2.887070020660758">
<ele>476</ele>
</trkpt>
<trkpt lat="39.821792989969254" lon="2.887129029259086">
<ele>477</ele>
</trkpt>
<trkpt lat="39.821742027997971" lon="2.887230031192303">
<ele>477</ele>
</trkpt>
<trkpt lat="39.821733981370926" lon="2.887243023142219">
<ele>477</ele>
</trkpt>
<trkpt lat="39.821590986102819" lon="2.887486014515162">
<ele>477</ele>
</trkpt>
<trkpt lat="39.821581011638045" lon="2.887511998414993">
<ele>477</ele>
</trkpt>
<trkpt lat="39.821499958634377" lon="2.887726994231343">
<ele>477</ele>
</trkpt>
<trkpt lat="39.821472968906164" lon="2.88778499700129">
<ele>477</ele>
</trkpt>
<trkpt lat="39.821410020813346" lon="2.887931009754539">
<ele>477</ele>
</trkpt>
<trkpt lat="39.821330979466438" lon="2.888134019449353">
<ele>477</ele>
</trkpt>
<trkpt lat="39.821253027766943" lon="2.888324959203601">
<ele>479</ele>
</trkpt>
<trkpt lat="39.821149008348584" lon="2.888505002483726">
<ele>479</ele>
</trkpt>
<trkpt lat="39.821107015013695" lon="2.888567028567195">
<ele>479</ele>
</trkpt>
<trkpt lat="39.820983968675137" lon="2.888748999685049">
<ele>479</ele>
</trkpt>
<trkpt lat="39.820939041674137" lon="2.888829968869686">
<ele>479</ele>
</trkpt>
<trkpt lat="39.820789005607367" lon="2.88903096690774">
<ele>480</ele>
</trkpt>
<trkpt lat="39.820765033364296" lon="2.889064997434616">
<ele>480</ele>
</trkpt>
<trkpt lat="39.820665037259459" lon="2.889221990481019">
<ele>480</ele>
</trkpt>
<trkpt lat="39.820612985640764" lon="2.889313017949462">
<ele>480</ele>
</trkpt>
<trkpt lat="39.820507960394025" lon="2.889463976025581">
<ele>481</ele>
</trkpt>
<trkpt lat="39.820412993431091" lon="2.889551986008883">
<ele>482</ele>
</trkpt>
<trkpt lat="39.820389021188021" lon="2.889569001272321">
<ele>482</ele>
</trkpt>
<trkpt lat="39.820304028689861" lon="2.889634966850281">
<ele>483</ele>
</trkpt>
<trkpt lat="39.820277960970998" lon="2.88967302069068">
<ele>483</ele>
</trkpt>
<trkpt lat="39.820107975974679" lon="2.889869995415211">
<ele>483</ele>
</trkpt>
<trkpt lat="39.820047961547971" lon="2.889956999570131">
<ele>484</ele>
</trkpt>
<trkpt lat="39.819991970434785" lon="2.890032017603517">
<ele>484</ele>
</trkpt>
<trkpt lat="39.819931033998728" lon="2.890111980959773">
<ele>484</ele>
</trkpt>
<trkpt lat="39.819833971560001" lon="2.890203008428216">
<ele>486</ele>
</trkpt>
<trkpt lat="39.819741016253829" lon="2.890288000926375">
<ele>487</ele>
</trkpt>
<trkpt lat="39.819612018764019" lon="2.890420015901327">
<ele>488</ele>
</trkpt>
<trkpt lat="39.819518979638815" lon="2.890497967600822">
<ele>489</ele>
</trkpt>
<trkpt lat="39.819447984918952" lon="2.890620008111">
<ele>490</ele>
</trkpt>
<trkpt lat="39.819395011290908" lon="2.890688991174102">
<ele>492</ele>
</trkpt>
<trkpt lat="39.819328039884567" lon="2.890884038060904">
<ele>493</ele>
</trkpt>
<trkpt lat="39.8193349968642" lon="2.890940029174089">
<ele>494</ele>
</trkpt>
<trkpt lat="39.819333991035819" lon="2.890961989760399">
<ele>495</ele>
</trkpt>
<trkpt lat="39.819333991035819" lon="2.890961989760399">
<ele>497</ele>
</trkpt>
<trkpt lat="39.819400040432811" lon="2.891038013622165">
<ele>498</ele>
</trkpt>
<trkpt lat="39.819411020725965" lon="2.891155024990439">
<ele>500</ele>
</trkpt>
<trkpt lat="39.819449996575713" lon="2.891258038580418">
<ele>501</ele>
</trkpt>
<trkpt lat="39.81944396160543" lon="2.891275975853205">
<ele>502</ele>
</trkpt>
<trkpt lat="39.819433987140656" lon="2.891289973631501">
<ele>503</ele>
</trkpt>
<trkpt lat="39.819347988814116" lon="2.891382006928325">
<ele>505</ele>
</trkpt>
<trkpt lat="39.819284034892917" lon="2.891388963907957">
<ele>506</ele>
</trkpt>
<trkpt lat="39.819221002981067" lon="2.891387036070228">
<ele>507</ele>
</trkpt>
<trkpt lat="39.819117989391088" lon="2.89137102663517">
<ele>510</ele>
</trkpt>
<trkpt lat="39.819043977186084" lon="2.891334984451532">
<ele>511</ele>
</trkpt>
<trkpt lat="39.818809032440186" lon="2.89124496281147">
<ele>512</ele>
</trkpt>
<trkpt lat="39.81877600774169" lon="2.891248986124992">
<ele>513</ele>
</trkpt>
<trkpt lat="39.818796962499619" lon="2.891301037743688">
<ele>515</ele>
</trkpt>
<trkpt lat="39.818869968876243" lon="2.891376977786422">
<ele>516</ele>
</trkpt>
<trkpt lat="39.818908022716641" lon="2.891411008313298">
<ele>517</ele>
</trkpt>
<trkpt lat="39.818958984687924" lon="2.891621980816126">
<ele>518</ele>
</trkpt>
<trkpt lat="39.818965019658208" lon="2.891646036878228">
<ele>519</ele>
</trkpt>
<trkpt lat="39.818987986072898" lon="2.891755001619458">
<ele>522</ele>
</trkpt>
<trkpt lat="39.818953033536673" lon="2.891743015497923">
<ele>523</ele>
</trkpt>
<trkpt lat="39.818943981081247" lon="2.891702027991414">
<ele>524</ele>
</trkpt>
<trkpt lat="39.818880027160048" lon="2.891622986644507">
<ele>526</ele>
</trkpt>
<trkpt lat="39.818815989419818" lon="2.891568001359701">
<ele>528</ele>
</trkpt>
<trkpt lat="39.818837027996778" lon="2.891645031049848">
<ele>529</ele>
</trkpt>
<trkpt lat="39.818873992189765" lon="2.891718037426472">
<ele>531</ele>
</trkpt>
<trkpt lat="39.818879021331668" lon="2.891811998561025">
<ele>533</ele>
</trkpt>
<trkpt lat="39.818769972771406" lon="2.891756007447839">
<ele>535</ele>
</trkpt>
<trkpt lat="39.818663019686937" lon="2.891644025221467">
<ele>538</ele>
</trkpt>
<trkpt lat="39.818600993603468" lon="2.891615023836494">
<ele>540</ele>
</trkpt>
<trkpt lat="39.818569980561733" lon="2.891674032434821">
<ele>541</ele>
</trkpt>
<trkpt lat="39.818576015532017" lon="2.891665985807777">
<ele>543</ele>
</trkpt>
<trkpt lat="39.818571992218494" lon="2.891665985807777">
<ele>545</ele>
</trkpt>
<trkpt lat="39.818575009703636" lon="2.891667997464538">
<ele>544</ele>
</trkpt>
<trkpt lat="39.818574003875256" lon="2.891674032434821">
<ele>543</ele>
</trkpt>
<trkpt lat="39.818572998046875" lon="2.891681995242834">
<ele>543</ele>
</trkpt>
<trkpt lat="39.818570986390114" lon="2.891678977757692">
<ele>542</ele>
</trkpt>
<trkpt lat="39.818517006933689" lon="2.891915012151003">
<ele>541</ele>
</trkpt>
<trkpt lat="39.818557994440198" lon="2.891988018527627">
<ele>540</ele>
</trkpt>
<trkpt lat="39.8184750135988" lon="2.89199598133564">
<ele>538</ele>
</trkpt>
<trkpt lat="39.818370994180441" lon="2.891990030184388">
<ele>538</ele>
</trkpt>
<trkpt lat="39.818221963942051" lon="2.891943007707596">
<ele>537</ele>
</trkpt>
<trkpt lat="39.81802498921752" lon="2.891882993280888">
<ele>536</ele>
</trkpt>
<trkpt lat="39.817972015589476" lon="2.891874024644494">
<ele>535</ele>
</trkpt>
<trkpt lat="39.817875036969781" lon="2.891895985230804">
<ele>533</ele>
</trkpt>
<trkpt lat="39.817829020321369" lon="2.891924986615777">
<ele>532</ele>
</trkpt>
<trkpt lat="39.817708991467953" lon="2.892011990770698">
<ele>531</ele>
</trkpt>
<trkpt lat="39.817643025889993" lon="2.892036968842149">
<ele>529</ele>
</trkpt>
<trkpt lat="39.817547975108027" lon="2.892095977440476">
<ele>528</ele>
</trkpt>
<trkpt lat="39.817512016743422" lon="2.892120033502579">
<ele>527</ele>
</trkpt>
<trkpt lat="39.81738100759685" lon="2.892288006842136">
<ele>526</ele>
</trkpt>
<trkpt lat="39.817326022312045" lon="2.892449023202062">
<ele>524</ele>
</trkpt>
<trkpt lat="39.817281011492014" lon="2.892561005428433">
<ele>523</ele>
</trkpt>
<trkpt lat="39.817243963479996" lon="2.892734007909894">
<ele>522</ele>
</trkpt>
<trkpt lat="39.817240023985505" lon="2.892752029001713">
<ele>521</ele>
</trkpt>
<trkpt lat="39.817169029265642" lon="2.892913967370987">
<ele>521</ele>
</trkpt>
<trkpt lat="39.817065009847283" lon="2.893015975132585">
<ele>520</ele>
</trkpt>
<trkpt lat="39.816891001537442" lon="2.892972975969315">
<ele>520</ele>
</trkpt>
<trkpt lat="39.816797962412238" lon="2.892994014546275">
<ele>520</ele>
</trkpt>
<trkpt lat="39.816742977127433" lon="2.893079007044435">
<ele>519</ele>
</trkpt>
<trkpt lat="39.816706012934446" lon="2.893227031454444">
<ele>519</ele>
</trkpt>
<trkpt lat="39.816683968529105" lon="2.89334898814559">
<ele>518</ele>
</trkpt>
<trkpt lat="39.816680029034615" lon="2.893683006986976">
<ele>518</ele>
</trkpt>
<trkpt lat="39.816679023206234" lon="2.893711002543569">
<ele>518</ele>
</trkpt>
<trkpt lat="39.816769966855645" lon="2.893895991146565">
<ele>519</ele>
</trkpt>
<trkpt lat="39.816698972135782" lon="2.894023982807994">
<ele>519</ele>
</trkpt>
<trkpt lat="39.816682962700725" lon="2.894047033041716">
<ele>519</ele>
</trkpt>
<trkpt lat="39.816637029871345" lon="2.894275020807982">
<ele>519</ele>
</trkpt>
<trkpt lat="39.816636024042964" lon="2.894299998879433">
<ele>519</ele>
</trkpt>
<trkpt lat="39.816582966595888" lon="2.89448699913919">
<ele>520</ele>
</trkpt>
<trkpt lat="39.816558994352818" lon="2.894648015499115">
<ele>520</ele>
</trkpt>
<trkpt lat="39.816519012674689" lon="2.89483099244535">
<ele>521</ele>
</trkpt>
<trkpt lat="39.8164770193398" lon="2.894988991320133">
<ele>521</ele>
</trkpt>
<trkpt lat="39.81647802516818" lon="2.8950269613415">
<ele>521</ele>
</trkpt>
<trkpt lat="39.8164579924196" lon="2.895108014345169">
<ele>521</ele>
</trkpt>
<trkpt lat="39.816455980762839" lon="2.895170962437987">
<ele>522</ele>
</trkpt>
<trkpt lat="39.816553965210915" lon="2.895182026550174">
<ele>522</ele>
</trkpt>
<trkpt lat="39.816558994352818" lon="2.895242040976882">
<ele>522</ele>
</trkpt>
<trkpt lat="39.816561006009579" lon="2.895267019048333">
<ele>522</ele>
</trkpt>
<trkpt lat="39.816474001854658" lon="2.8955830167979">
<ele>522</ele>
</trkpt>
<trkpt lat="39.816446006298065" lon="2.895745960995555">
<ele>522</ele>
</trkpt>
<trkpt lat="39.816408036276698" lon="2.895877975970507">
<ele>522</ele>
</trkpt>
<trkpt lat="39.816407030448318" lon="2.895959028974176">
<ele>522</ele>
</trkpt>
<trkpt lat="39.816393032670021" lon="2.896194979548454">
<ele>523</ele>
</trkpt>
<trkpt lat="39.816403007134795" lon="2.89624703116715">
<ele>524</ele>
</trkpt>
<trkpt lat="39.816402001306415" lon="2.896304028108716">
<ele>524</ele>
</trkpt>
<trkpt lat="39.816410969942808" lon="2.896450962871313">
<ele>525</ele>
</trkpt>
<trkpt lat="39.816374005749822" lon="2.896493040025234">
<ele>526</ele>
</trkpt>
<trkpt lat="39.816293036565185" lon="2.896709041669965">
<ele>527</ele>
</trkpt>
<trkpt lat="39.816276021301746" lon="2.896747011691332">
<ele>528</ele>
</trkpt>
<trkpt lat="39.816202009096742" lon="2.896925965324044">
<ele>528</ele>
</trkpt>
<trkpt lat="39.81617703102529" lon="2.896977011114359">
<ele>529</ele>
</trkpt>
<trkpt lat="39.816110981628299" lon="2.897178009152412">
<ele>530</ele>
</trkpt>
<trkpt lat="39.816100001335144" lon="2.897241963073611">
<ele>530</ele>
</trkpt>
<trkpt lat="39.816105030477047" lon="2.897450001910329">
<ele>530</ele>
</trkpt>
<trkpt lat="39.816103018820286" lon="2.897471962496638">
<ele>531</ele>
</trkpt>
<trkpt lat="39.816105030477047" lon="2.897536000236869">
<ele>531</ele>
</trkpt>
<trkpt lat="39.816087009385228" lon="2.897674972191453">
<ele>532</ele>
</trkpt>
<trkpt lat="39.816076029092073" lon="2.897699028253555">
<ele>533</ele>
</trkpt>
<trkpt lat="39.816108969971538" lon="2.897825008258224">
<ele>533</ele>
</trkpt>
<trkpt lat="39.816116010770202" lon="2.897850992158055">
<ele>534</ele>
</trkpt>
<trkpt lat="39.816131014376879" lon="2.898015026003122">
<ele>534</ele>
</trkpt>
<trkpt lat="39.816113999113441" lon="2.898200014606118">
<ele>535</ele>
</trkpt>
<trkpt lat="39.816116010770202" lon="2.898242007941008">
<ele>536</ele>
</trkpt>
<trkpt lat="39.816106036305428" lon="2.898295987397432">
<ele>536</ele>
</trkpt>
<trkpt lat="39.816126991063356" lon="2.898314008489251">
<ele>537</ele>
</trkpt>
<trkpt lat="39.816140988841653" lon="2.898330017924309">
<ele>538</ele>
</trkpt>
<trkpt lat="39.816095978021622" lon="2.898546019569039">
<ele>538</ele>
</trkpt>
<trkpt lat="39.816078040748835" lon="2.898649033159018">
<ele>538</ele>
</trkpt>
<trkpt lat="39.816076029092073" lon="2.898661019280553">
<ele>539</ele>
</trkpt>
<trkpt lat="39.81609103269875" lon="2.898889007046819">
<ele>540</ele>
</trkpt>
<trkpt lat="39.816101007163525" lon="2.898947009816766">
<ele>540</ele>
</trkpt>
<trkpt lat="39.816178036853671" lon="2.899195030331612">
<ele>541</ele>
</trkpt>
<trkpt lat="39.816167978569865" lon="2.899270970374346">
<ele>542</ele>
</trkpt>
<trkpt lat="39.816248025745153" lon="2.899402985349298">
<ele>543</ele>
</trkpt>
<trkpt lat="39.816281972452998" lon="2.899458976462483">
<ele>545</ele>
</trkpt>
<trkpt lat="39.816333018243313" lon="2.899570958688855">
<ele>546</ele>
</trkpt>
<trkpt lat="39.816382974386215" lon="2.899749996140599">
<ele>547</ele>
</trkpt>
<trkpt lat="39.816450029611588" lon="2.899891985580325">
<ele>548</ele>
</trkpt>
<trkpt lat="39.816514989361167" lon="2.900001034140587">
<ele>549</ele>
</trkpt>
<trkpt lat="39.816517001017928" lon="2.900047972798348">
<ele>550</ele>
</trkpt>
<trkpt lat="39.816594030708075" lon="2.900175964459777">
<ele>551</ele>
</trkpt>
<trkpt lat="39.8166289832443" lon="2.900213012471795">
<ele>552</ele>
</trkpt>
<trkpt lat="39.816755969077349" lon="2.900399006903172">
<ele>553</ele>
</trkpt>
<trkpt lat="39.816682040691376" lon="2.900403030216694">
<ele>554</ele>
</trkpt>
<trkpt lat="39.816635018214583" lon="2.900428008288145">
<ele>555</ele>
</trkpt>
<trkpt lat="39.816659996286035" lon="2.900680974125862">
<ele>556</ele>
</trkpt>
<trkpt lat="39.816661002114415" lon="2.900716010481119">
<ele>557</ele>
</trkpt>
<trkpt lat="39.816731996834278" lon="2.900837967172265">
<ele>557</ele>
</trkpt>
<trkpt lat="39.81675798073411" lon="2.900935029610992">
<ele>558</ele>
</trkpt>
<trkpt lat="39.816723028197885" lon="2.900925977155566">
<ele>559</ele>
</trkpt>
<trkpt lat="39.816699977964163" lon="2.900927988812327">
<ele>560</ele>
</trkpt>
<trkpt lat="39.816682962700725" lon="2.900925977155566">
<ele>561</ele>
</trkpt>
<trkpt lat="39.81667198240757" lon="2.900978028774262">
<ele>562</ele>
</trkpt>
<trkpt lat="39.816862000152469" lon="2.90119101293385">
<ele>563</ele>
</trkpt>
<trkpt lat="39.8168879840523" lon="2.90127701126039">
<ele>564</ele>
</trkpt>
<trkpt lat="39.81695001013577" lon="2.90138497017324">
<ele>565</ele>
</trkpt>
<trkpt lat="39.816969959065318" lon="2.901414977386594">
<ele>566</ele>
</trkpt>
<trkpt lat="39.817023016512394" lon="2.901543974876404">
<ele>568</ele>
</trkpt>
<trkpt lat="39.817031985148787" lon="2.901553027331829">
<ele>569</ele>
</trkpt>
<trkpt lat="39.817113038152456" lon="2.901656962931156">
<ele>570</ele>
</trkpt>
<trkpt lat="39.817168023437262" lon="2.901734998449683">
<ele>572</ele>
</trkpt>
<trkpt lat="39.817326022312045" lon="2.901838012039661">
<ele>573</ele>
</trkpt>
<trkpt lat="39.817398022860289" lon="2.901904983446002">
<ele>574</ele>
</trkpt>
<trkpt lat="39.817436998710036" lon="2.901903977617621">
<ele>575</ele>
</trkpt>
<trkpt lat="39.817545963451266" lon="2.9019879642874">
<ele>576</ele>
</trkpt>
<trkpt lat="39.817610001191497" lon="2.902024006471038">
<ele>577</ele>
</trkpt>
<trkpt lat="39.817670015618205" lon="2.902111010625958">
<ele>577</ele>
</trkpt>
<trkpt lat="39.817754002287984" lon="2.902196003124118">
<ele>577</ele>
</trkpt>
<trkpt lat="39.81783396564424" lon="2.902304967865348">
<ele>578</ele>
</trkpt>
<trkpt lat="39.817899009212852" lon="2.902338998392224">
<ele>579</ele>
</trkpt>
<trkpt lat="39.818018032237887" lon="2.902403958141804">
<ele>580</ele>
</trkpt>
<trkpt lat="39.818106964230537" lon="2.902488028630614">
<ele>581</ele>
</trkpt>
<trkpt lat="39.818191034719348" lon="2.902578972280026">
<ele>581</ele>
</trkpt>
<trkpt lat="39.818305028602481" lon="2.90267301723361">
<ele>581</ele>
</trkpt>
<trkpt lat="39.818330006673932" lon="2.902681985870004">
<ele>580</ele>
</trkpt>
<trkpt lat="39.818480964750051" lon="2.902689026668668">
<ele>580</ele>
</trkpt>
<trkpt lat="39.818687997758389" lon="2.902638986706734">
<ele>580</ele>
</trkpt>
<trkpt lat="39.81879897415638" lon="2.902576038613915">
<ele>580</ele>
</trkpt>
<trkpt lat="39.818911962211132" lon="2.902515018358827">
<ele>580</ele>
</trkpt>
<trkpt lat="39.818911962211132" lon="2.902515018358827">
<ele>579</ele>
</trkpt>
<trkpt lat="39.819009024649858" lon="2.902349978685379">
<ele>578</ele>
</trkpt>
<trkpt lat="39.819155959412456" lon="2.902280995622277">
<ele>578</ele>
</trkpt>
<trkpt lat="39.819128969684243" lon="2.902367999777198">
<ele>580</ele>
</trkpt>
<trkpt lat="39.819124024361372" lon="2.902488028630614">
<ele>582</ele>
</trkpt>
<trkpt lat="39.819126036018133" lon="2.902579978108406">
<ele>584</ele>
</trkpt>
<trkpt lat="39.81905797496438" lon="2.902753986418247">
<ele>587</ele>
</trkpt>
<trkpt lat="39.819043977186084" lon="2.902809977531433">
<ele>589</ele>
</trkpt>
<trkpt lat="39.819030985236168" lon="2.902831016108394">
<ele>591</ele>
</trkpt>
<trkpt lat="39.819030985236168" lon="2.902831016108394">
<ele>591</ele>
</trkpt>
<trkpt lat="39.819030985236168" lon="2.902831016108394">
<ele>592</ele>
</trkpt>
<trkpt lat="39.819030985236168" lon="2.902831016108394">
<ele>592</ele>
</trkpt>
<trkpt lat="39.819030985236168" lon="2.902831016108394">
<ele>594</ele>
</trkpt>
<trkpt lat="39.819026961922646" lon="2.902835039421916">
<ele>594</ele>
</trkpt>
<trkpt lat="39.819010030478239" lon="2.90295297279954">
<ele>594</ele>
</trkpt>
<trkpt lat="39.81897197663784" lon="2.90310200303793">
<ele>596</ele>
</trkpt>
<trkpt lat="39.818937024101615" lon="2.90323200635612">
<ele>596</ele>
</trkpt>
<trkpt lat="39.81883903965354" lon="2.903287997469306">
<ele>597</ele>
</trkpt>
<trkpt lat="39.818701995536685" lon="2.903362009674311">
<ele>597</ele>
</trkpt>
<trkpt lat="39.818634018301964" lon="2.903390005230904">
<ele>600</ele>
</trkpt>
<trkpt lat="39.818505020812154" lon="2.90342403575778">
<ele>601</ele>
</trkpt>
<trkpt lat="39.818407958373427" lon="2.903464017435908">
<ele>603</ele>
</trkpt>
<trkpt lat="39.818399995565414" lon="2.903564013540745">
<ele>604</ele>
</trkpt>
<trkpt lat="39.818419022485614" lon="2.903603995218873">
<ele>606</ele>
</trkpt>
<trkpt lat="39.818491023033857" lon="2.903707008808851">
<ele>609</ele>
</trkpt>
<trkpt lat="39.818591019138694" lon="2.903784960508347">
<ele>610</ele>
</trkpt>
<trkpt lat="39.818718004971743" lon="2.903827037662268">
<ele>612</ele>
</trkpt>
<trkpt lat="39.818812971934676" lon="2.903904989361763">
<ele>614</ele>
</trkpt>
<trkpt lat="39.818888995796442" lon="2.903968021273613">
<ele>616</ele>
</trkpt>
<trkpt lat="39.818984968587756" lon="2.904009008780122">
<ele>618</ele>
</trkpt>
<trkpt lat="39.819136010482907" lon="2.904043961316347">
<ele>620</ele>
</trkpt>
<trkpt lat="39.819194013252854" lon="2.904033986851573">
<ele>622</ele>
</trkpt>
<trkpt lat="39.819311024621129" lon="2.903957962989807">
<ele>625</ele>
</trkpt>
<trkpt lat="39.81940196827054" lon="2.903898032382131">
<ele>627</ele>
</trkpt>
<trkpt lat="39.819473968818784" lon="2.90385696105659">
<ele>629</ele>
</trkpt>
<trkpt lat="39.819572037085891" lon="2.903842963278294">
<ele>632</ele>
</trkpt>
<trkpt lat="39.819606989622116" lon="2.903828965499997">
<ele>634</ele>
</trkpt>
<trkpt lat="39.819757025688887" lon="2.903842041268945">
<ele>636</ele>
</trkpt>
<trkpt lat="39.81982802040875" lon="2.903870036825538">
<ele>638</ele>
</trkpt>
<trkpt lat="39.820002028718591" lon="2.904000040143728">
<ele>640</ele>
</trkpt>
<trkpt lat="39.820076962932944" lon="2.904009008780122">
<ele>643</ele>
</trkpt>
<trkpt lat="39.820161033421755" lon="2.904029041528702">
<ele>646</ele>
</trkpt>
<trkpt lat="39.820253988727927" lon="2.904033986851573">
<ele>648</ele>
</trkpt>
<trkpt lat="39.820438977330923" lon="2.904034992679954">
<ele>650</ele>
</trkpt>
<trkpt lat="39.820520030334592" lon="2.904022000730038">
<ele>653</ele>
</trkpt>
<trkpt lat="39.820612985640764" lon="2.90402602404356">
<ele>655</ele>
</trkpt>
<trkpt lat="39.82071097008884" lon="2.904033986851573">
<ele>658</ele>
</trkpt>
<trkpt lat="39.820758998394012" lon="2.90400599129498">
<ele>660</ele>
</trkpt>
<trkpt lat="39.820878021419048" lon="2.903959974646568">
<ele>663</ele>
</trkpt>
<trkpt lat="39.820963013917208" lon="2.903916975483298">
<ele>664</ele>
</trkpt>
<trkpt lat="39.821068039163947" lon="2.903802981600165">
<ele>665</ele>
</trkpt>
<trkpt lat="39.821148002520204" lon="2.903702985495329">
<ele>666</ele>
</trkpt>
<trkpt lat="39.821234000846744" lon="2.903620004653931">
<ele>667</ele>
</trkpt>
<trkpt lat="39.821280017495155" lon="2.903476003557444">
<ele>668</ele>
</trkpt>
<trkpt lat="39.821345983073115" lon="2.90350902825594">
<ele>669</ele>
</trkpt>
<trkpt lat="39.821416977792978" lon="2.903690999373794">
<ele>670</ele>
</trkpt>
<trkpt lat="39.821412032470107" lon="2.903717989102006">
<ele>671</ele>
</trkpt>
<trkpt lat="39.821396023035049" lon="2.903776997700334">
<ele>672</ele>
</trkpt>
<trkpt lat="39.821457965299487" lon="2.903861990198493">
<ele>673</ele>
</trkpt>
<trkpt lat="39.821524014696479" lon="2.903914041817188">
<ele>676</ele>
</trkpt>
<trkpt lat="39.821658041328192" lon="2.904027029871941">
<ele>677</ele>
</trkpt>
<trkpt lat="39.821735993027687" lon="2.904084026813507">
<ele>679</ele>
</trkpt>
<trkpt lat="39.821830959990621" lon="2.904144041240215">
<ele>680</ele>
</trkpt>
<trkpt lat="39.821899021044374" lon="2.904197014868259">
<ele>682</ele>
</trkpt>
<trkpt lat="39.822032963857055" lon="2.90439298376441">
<ele>684</ele>
</trkpt>
<trkpt lat="39.822037992998958" lon="2.904418967664242">
<ele>686</ele>
</trkpt>
<trkpt lat="39.822036987170577" lon="2.904423996806145">
<ele>686</ele>
</trkpt>
<trkpt lat="39.822036987170577" lon="2.904423996806145">
<ele>685</ele>
</trkpt>
<trkpt lat="39.822037992998958" lon="2.90441301651299">
<ele>685</ele>
</trkpt>
<trkpt lat="39.822050984948874" lon="2.904414022341371">
<ele>685</ele>
</trkpt>
<trkpt lat="39.822050984948874" lon="2.904414022341371">
<ele>684</ele>
</trkpt>
<trkpt lat="39.82206498272717" lon="2.904448974877596">
<ele>683</ele>
</trkpt>
<trkpt lat="39.822218958288431" lon="2.904368005692959">
<ele>683</ele>
</trkpt>
<trkpt lat="39.822351979091763" lon="2.904377980157733">
<ele>683</ele>
</trkpt>
<trkpt lat="39.822362037375569" lon="2.904377980157733">
<ele>682</ele>
</trkpt>
<trkpt lat="39.822479970753193" lon="2.90430698543787">
<ele>682</ele>
</trkpt>
<trkpt lat="39.822520958259702" lon="2.90428401902318">
<ele>683</ele>
</trkpt>
<trkpt lat="39.822714999318123" lon="2.904286030679941">
<ele>683</ele>
</trkpt>
<trkpt lat="39.822845002636313" lon="2.904225010424852">
<ele>683</ele>
</trkpt>
<trkpt lat="39.822897976264358" lon="2.904259040951729">
<ele>683</ele>
</trkpt>
<trkpt lat="39.822940975427628" lon="2.904261974617839">
<ele>682</ele>
</trkpt>
<trkpt lat="39.82305396348238" lon="2.904174970462918">
<ele>682</ele>
</trkpt>
<trkpt lat="39.823190001770854" lon="2.904205983504653">
<ele>681</ele>
</trkpt>
<trkpt lat="39.823276000097394" lon="2.904181005433202">
<ele>681</ele>
</trkpt>
<trkpt lat="39.823340037837625" lon="2.904178993776441">
<ele>681</ele>
</trkpt>
<trkpt lat="39.823457971215248" lon="2.904252000153065">
<ele>681</ele>
</trkpt>
<trkpt lat="39.823498958721757" lon="2.904296005144715">
<ele>681</ele>
</trkpt>
<trkpt lat="39.823569031432271" lon="2.90443598292768">
<ele>682</ele>
</trkpt>
<trkpt lat="39.82363399118185" lon="2.904543019831181">
<ele>682</ele>
</trkpt>
<trkpt lat="39.823753014206886" lon="2.904687020927668">
<ele>682</ele>
</trkpt>
<trkpt lat="39.823797019198537" lon="2.904789028689265">
<ele>683</ele>
</trkpt>
<trkpt lat="39.823806993663311" lon="2.904830016195774">
<ele>683</ele>
</trkpt>
<trkpt lat="39.823876982554793" lon="2.904954990372062">
<ele>683</ele>
</trkpt>
<trkpt lat="39.82393397949636" lon="2.905031014233828">
<ele>683</ele>
</trkpt>
<trkpt lat="39.824026012793183" lon="2.905131010338664">
<ele>683</ele>
</trkpt>
<trkpt lat="39.824057025834918" lon="2.905183983966708">
<ele>683</ele>
</trkpt>
<trkpt lat="39.824088960886002" lon="2.905216002836824">
<ele>683</ele>
</trkpt>
<trkpt lat="39.824151992797852" lon="2.905390011146665">
<ele>682</ele>
</trkpt>
<trkpt lat="39.824219970032573" lon="2.905482966452837">
<ele>682</ele>
</trkpt>
<trkpt lat="39.824287025257945" lon="2.905639037489891">
<ele>681</ele>
</trkpt>
<trkpt lat="39.824307980015874" lon="2.905806005001068">
<ele>680</ele>
</trkpt>
<trkpt lat="39.824358019977808" lon="2.905947994440794">
<ele>679</ele>
</trkpt>
<trkpt lat="39.824377968907356" lon="2.905971966683865">
<ele>678</ele>
</trkpt>
<trkpt lat="39.824442006647587" lon="2.906161984428763">
<ele>678</ele>
</trkpt>
<trkpt lat="39.824462039396167" lon="2.906200960278511">
<ele>677</ele>
</trkpt>
<trkpt lat="39.824633030220866" lon="2.906501032412052">
<ele>675</ele>
</trkpt>
<trkpt lat="39.824654990807176" lon="2.906557023525238">
<ele>676</ele>
</trkpt>
<trkpt lat="39.824763033539057" lon="2.906789034605026">
<ele>677</ele>
</trkpt>
<trkpt lat="39.824812989681959" lon="2.906977962702513">
<ele>677</ele>
</trkpt>
<trkpt lat="39.824821958318353" lon="2.907039988785982">
<ele>678</ele>
</trkpt>
<trkpt lat="39.824849031865597" lon="2.907198993489146">
<ele>679</ele>
</trkpt>
<trkpt lat="39.824865963310003" lon="2.907354980707169">
<ele>680</ele>
</trkpt>
<trkpt lat="39.824867974966764" lon="2.907365038990974">
<ele>681</ele>
</trkpt>
<trkpt lat="39.824890019372106" lon="2.907481966540217">
<ele>681</ele>
</trkpt>
<trkpt lat="39.824890019372106" lon="2.907451959326863">
<ele>679</ele>
</trkpt>
<trkpt lat="39.825035026296973" lon="2.907647006213665">
<ele>678</ele>
</trkpt>
<trkpt lat="39.825095040723681" lon="2.907696962356567">
<ele>676</ele>
</trkpt>
<trkpt lat="39.82520199380815" lon="2.907742979004979">
<ele>675</ele>
</trkpt>
<trkpt lat="39.825249016284943" lon="2.907771980389953">
<ele>674</ele>
</trkpt>
<trkpt lat="39.825338032096624" lon="2.907863007858396">
<ele>673</ele>
</trkpt>
<trkpt lat="39.825362004339695" lon="2.907879017293453">
<ele>671</ele>
</trkpt>
<trkpt lat="39.825464012101293" lon="2.907948000356555">
<ele>670</ele>
</trkpt>
<trkpt lat="39.825598960742354" lon="2.907964009791613">
<ele>669</ele>
</trkpt>
<trkpt lat="39.825658975169063" lon="2.908000973984599">
<ele>667</ele>
</trkpt>
<trkpt lat="39.825768023729324" lon="2.908107005059719">
<ele>666</ele>
</trkpt>
<trkpt lat="39.825923005118966" lon="2.908176993951201">
<ele>664</ele>
</trkpt>
<trkpt lat="39.826030964031816" lon="2.908154027536511">
<ele>663</ele>
</trkpt>
<trkpt lat="39.826046973466873" lon="2.908129971474409">
<ele>662</ele>
</trkpt>
<trkpt lat="39.826116040349007" lon="2.907990999519825">
<ele>659</ele>
</trkpt>
<trkpt lat="39.826179994270205" lon="2.907955041155219">
<ele>658</ele>
</trkpt>
<trkpt lat="39.826283007860184" lon="2.908036010339856">
<ele>656</ele>
</trkpt>
<trkpt lat="39.826432960107923" lon="2.908129971474409">
<ele>655</ele>
</trkpt>
<trkpt lat="39.82653396204114" lon="2.908179005607963">
<ele>653</ele>
</trkpt>
<trkpt lat="39.826657008379698" lon="2.908210018649697">
<ele>652</ele>
</trkpt>
<trkpt lat="39.826677963137627" lon="2.908218987286091">
<ele>651</ele>
</trkpt>
<trkpt lat="39.826841996982694" lon="2.908270033076406">
<ele>649</ele>
</trkpt>
<trkpt lat="39.826960014179349" lon="2.908390983939171">
<ele>648</ele>
</trkpt>
<trkpt lat="39.826965965330601" lon="2.908400036394596">
<ele>647</ele>
</trkpt>
<trkpt lat="39.827085994184017" lon="2.908553006127477">
<ele>646</ele>
</trkpt>
<trkpt lat="39.827218009158969" lon="2.90871100500226">
<ele>643</ele>
</trkpt>
<trkpt lat="39.827272994443774" lon="2.908785017207265">
<ele>641</ele>
</trkpt>
<trkpt lat="39.827347006648779" lon="2.908846037462354">
<ele>640</ele>
</trkpt>
<trkpt lat="39.827443985268474" lon="2.908907979726791">
<ele>640</ele>
</trkpt>
<trkpt lat="39.827525038272142" lon="2.908963970839977">
<ele>641</ele>
</trkpt>
<trkpt lat="39.827652024105191" lon="2.909057009965181">
<ele>641</ele>
</trkpt>
<trkpt lat="39.827660992741585" lon="2.909068996086717">
<ele>642</ele>
</trkpt>
<trkpt lat="39.827752020210028" lon="2.909273011609912">
<ele>642</ele>
</trkpt>
<trkpt lat="39.827767023816705" lon="2.909403014928103">
<ele>642</ele>
</trkpt>
<trkpt lat="39.827782027423382" lon="2.909423969686031">
<ele>643</ele>
</trkpt>
<trkpt lat="39.827893003821373" lon="2.909556990489364">
<ele>643</ele>
</trkpt>
<trkpt lat="39.827953018248081" lon="2.909624967724085">
<ele>643</ele>
</trkpt>
<trkpt lat="39.828072041273117" lon="2.909797970205545">
<ele>643</ele>
</trkpt>
<trkpt lat="39.828111017122865" lon="2.90984801016748">
<ele>643</ele>
</trkpt>
<trkpt lat="39.828142030164599" lon="2.90991498157382">
<ele>644</ele>
</trkpt>
<trkpt lat="39.828271027654409" lon="2.910087984055281">
<ele>644</ele>
</trkpt>
<trkpt lat="39.828291982412338" lon="2.910115979611874">
<ele>645</ele>
</trkpt>
<trkpt lat="39.828392984345555" lon="2.910225028172135">
<ele>645</ele>
</trkpt>
<trkpt lat="39.828396001830697" lon="2.910237014293671">
<ele>646</ele>
</trkpt>
<trkpt lat="39.828428020700812" lon="2.910360982641578">
<ele>646</ele>
</trkpt>
<trkpt lat="39.828469008207321" lon="2.910440023988485">
<ele>646</ele>
</trkpt>
<trkpt lat="39.8285529948771" lon="2.910510012879968">
<ele>647</ele>
</trkpt>
<trkpt lat="39.828623989596963" lon="2.910628030076623">
<ele>646</ele>
</trkpt>
<trkpt lat="39.828678974881768" lon="2.910768007859588">
<ele>645</ele>
</trkpt>
<trkpt lat="39.828709987923503" lon="2.91086096316576">
<ele>644</ele>
</trkpt>
<trkpt lat="39.828796992078424" lon="2.910882001742721">
<ele>643</ele>
</trkpt>
<trkpt lat="39.828857006505132" lon="2.910891976207495">
<ele>642</ele>
</trkpt>
<trkpt lat="39.828983992338181" lon="2.910930030047894">
<ele>641</ele>
</trkpt>
<trkpt lat="39.829072002321482" lon="2.910994989797473">
<ele>640</ele>
</trkpt>
<trkpt lat="39.829107960686088" lon="2.911003036424518">
<ele>639</ele>
</trkpt>
<trkpt lat="39.829242993146181" lon="2.911003036424518">
<ele>638</ele>
</trkpt>
<trkpt lat="39.829370984807611" lon="2.91103002615273">
<ele>637</ele>
</trkpt>
<trkpt lat="39.829420018941164" lon="2.911088028922677">
<ele>636</ele>
</trkpt>
<trkpt lat="39.829533006995916" lon="2.911121975630522">
<ele>636</ele>
</trkpt>
<trkpt lat="39.829544993117452" lon="2.911129016429186">
<ele>636</ele>
</trkpt>
<trkpt lat="39.829650018364191" lon="2.911191964522004">
<ele>637</ele>
</trkpt>
<trkpt lat="39.829695029184222" lon="2.911206968128681">
<ele>638</ele>
</trkpt>
<trkpt lat="39.829838024452329" lon="2.911244016140699">
<ele>638</ele>
</trkpt>
<trkpt lat="39.829874988645315" lon="2.911229012534022">
<ele>639</ele>
</trkpt>
<trkpt lat="39.829951012507081" lon="2.911218032240868">
<ele>640</ele>
</trkpt>
<trkpt lat="39.830136001110077" lon="2.911263965070248">
<ele>640</ele>
</trkpt>
<trkpt lat="39.830240020528436" lon="2.911304030567408">
<ele>640</ele>
</trkpt>
<trkpt lat="39.830377986654639" lon="2.91133102029562">
<ele>641</ele>
</trkpt>
<trkpt lat="39.830407993867993" lon="2.911335965618491">
<ele>642</ele>
</trkpt>
<trkpt lat="39.830580996349454" lon="2.911384999752045">
<ele>643</ele>
</trkpt>
<trkpt lat="39.830687027424574" lon="2.911371001973748">
<ele>643</ele>
</trkpt>
<trkpt lat="39.830764979124069" lon="2.911403020843864">
<ele>644</ele>
</trkpt>
<trkpt lat="39.830924989655614" lon="2.911415006965399">
<ele>645</ele>
</trkpt>
<trkpt lat="39.831032026559114" lon="2.911449959501624">
<ele>647</ele>
</trkpt>
<trkpt lat="39.831137973815203" lon="2.911359015852213">
<ele>648</ele>
</trkpt>
<trkpt lat="39.831241993233562" lon="2.911335965618491">
<ele>649</ele>
</trkpt>
<trkpt lat="39.831336038187146" lon="2.911318028345704">
<ele>650</ele>
</trkpt>
<trkpt lat="39.831428993493319" lon="2.911222977563739">
<ele>651</ele>
</trkpt>
<trkpt lat="39.831536030396819" lon="2.911134967580438">
<ele>651</ele>
</trkpt>
<trkpt lat="39.83158104121685" lon="2.911064978688955">
<ele>652</ele>
</trkpt>
<trkpt lat="39.831676008179784" lon="2.91103295981884">
<ele>652</ele>
</trkpt>
<trkpt lat="39.831836018711329" lon="2.911043018102646">
<ele>652</ele>
</trkpt>
<trkpt lat="39.831900978460908" lon="2.911003958433867">
<ele>653</ele>
</trkpt>
<trkpt lat="39.831997035071254" lon="2.91094402782619">
<ele>653</ele>
</trkpt>
<trkpt lat="39.832069035619497" lon="2.910915026441217">
<ele>653</ele>
</trkpt>
<trkpt lat="39.832186968997121" lon="2.910842020064592">
<ele>653</ele>
</trkpt>
<trkpt lat="39.832285037264228" lon="2.910833973437548">
<ele>654</ele>
</trkpt>
<trkpt lat="39.83231202699244" lon="2.910828022286296">
<ele>654</ele>
</trkpt>
<trkpt lat="39.8323970194906" lon="2.910877978429198">
<ele>654</ele>
</trkpt>
<trkpt lat="39.832495003938675" lon="2.910933969542384">
<ele>653</ele>
</trkpt>
<trkpt lat="39.832536997273564" lon="2.910988032817841">
<ele>653</ele>
</trkpt>
<trkpt lat="39.832673035562038" lon="2.911028014495969">
<ele>653</ele>
</trkpt>
<trkpt lat="39.832793986424804" lon="2.911078976467252">
<ele>653</ele>
</trkpt>
<trkpt lat="39.832815025001764" lon="2.911088028922677">
<ele>651</ele>
</trkpt>
<trkpt lat="39.83291401527822" lon="2.911147959530354">
<ele>651</ele>
</trkpt>
<trkpt lat="39.83297998085618" lon="2.911262959241867">
<ele>651</ele>
</trkpt>
<trkpt lat="39.833033960312605" lon="2.911351975053549">
<ele>650</ele>
</trkpt>
<trkpt lat="39.833076959475875" lon="2.911472003906965">
<ele>650</ele>
</trkpt>
<trkpt lat="39.83310897834599" lon="2.911505028605461">
<ele>650</ele>
</trkpt>
<trkpt lat="39.833207968622446" lon="2.911657998338342">
<ele>650</ele>
</trkpt>
<trkpt lat="39.83332003466785" lon="2.911790013313294">
<ele>650</ele>
</trkpt>
<trkpt lat="39.83340997248888" lon="2.911893026903272">
<ele>651</ele>
</trkpt>
<trkpt lat="39.833490019664168" lon="2.91199897415936">
<ele>651</ele>
</trkpt>
<trkpt lat="39.833565959706903" lon="2.912124032154679">
<ele>651</ele>
</trkpt>
<trkpt lat="39.833680959418416" lon="2.912178011611104">
<ele>650</ele>
</trkpt>
<trkpt lat="39.833800988271832" lon="2.912263004109263">
<ele>650</ele>
</trkpt>
<trkpt lat="39.833872988820076" lon="2.912227967754006">
<ele>650</ele>
</trkpt>
<trkpt lat="39.833919005468488" lon="2.912292005494237">
<ele>650</ele>
</trkpt>
<trkpt lat="39.833973990753293" lon="2.912304997444153">
<ele>650</ele>
</trkpt>
<trkpt lat="39.833973990753293" lon="2.912304997444153">
<ele>650</ele>
</trkpt>
<trkpt lat="39.833973990753293" lon="2.912298962473869">
<ele>650</ele>
</trkpt>
<trkpt lat="39.833974996581674" lon="2.91229996830225">
<ele>651</ele>
</trkpt>
<trkpt lat="39.833974996581674" lon="2.91229996830225">
<ele>652</ele>
</trkpt>
<trkpt lat="39.833974996581674" lon="2.91229996830225">
<ele>652</ele>
</trkpt>
<trkpt lat="39.833978014066815" lon="2.91227700188756">
<ele>653</ele>
</trkpt>
<trkpt lat="39.833997962996364" lon="2.912259986624122">
<ele>654</ele>
</trkpt>
<trkpt lat="39.833953035995364" lon="2.912458973005414">
<ele>655</ele>
</trkpt>
<trkpt lat="39.833937026560307" lon="2.91255502961576">
<ele>656</ele>
</trkpt>
<trkpt lat="39.83400902710855" lon="2.91277002543211">
<ele>656</ele>
</trkpt>
<trkpt lat="39.834083961322904" lon="2.912870021536946">
<ele>657</ele>
</trkpt>
<trkpt lat="39.834187980741262" lon="2.912967000156641">
<ele>658</ele>
</trkpt>
<trkpt lat="39.834265010431409" lon="2.91302802041173">
<ele>660</ele>
</trkpt>
<trkpt lat="39.834315972402692" lon="2.91309499181807">
<ele>663</ele>
</trkpt>
<trkpt lat="39.834374981001019" lon="2.913184007629752">
<ele>666</ele>
</trkpt>
<trkpt lat="39.834454022347927" lon="2.913216026499867">
<ele>667</ele>
</trkpt>
<trkpt lat="39.834582014009356" lon="2.913349969312549">
<ele>669</ele>
</trkpt>
<trkpt lat="39.834660971537232" lon="2.913404032588005">
<ele>672</ele>
</trkpt>
<trkpt lat="39.834744036197662" lon="2.9135010112077">
<ele>675</ele>
</trkpt>
<trkpt lat="39.834796003997326" lon="2.913552979007363">
<ele>677</ele>
</trkpt>
<trkpt lat="39.834877979010344" lon="2.913699997588992">
<ele>679</ele>
</trkpt>
<trkpt lat="39.834908992052078" lon="2.91375900618732">
<ele>682</ele>
</trkpt>
<trkpt lat="39.834958026185632" lon="2.913822960108519">
<ele>684</ele>
</trkpt>
<trkpt lat="39.835056010633707" lon="2.914046002551913">
<ele>687</ele>
</trkpt>
<trkpt lat="39.835110995918512" lon="2.91414700448513">
<ele>689</ele>
</trkpt>
<trkpt lat="39.835049975663424" lon="2.914134012535214">
<ele>692</ele>
</trkpt>
<trkpt lat="39.835019968450069" lon="2.914112973958254">
<ele>694</ele>
</trkpt>
<trkpt lat="39.834911003708839" lon="2.913995962589979">
<ele>696</ele>
</trkpt>
<trkpt lat="39.834850989282131" lon="2.913993028923869">
<ele>699</ele>
</trkpt>
<trkpt lat="39.834786029532552" lon="2.914065029472113">
<ele>701</ele>
</trkpt>
<trkpt lat="39.834710005670786" lon="2.914003003388643">
<ele>704</ele>
</trkpt>
<trkpt lat="39.834648985415697" lon="2.913995962589979">
<ele>706</ele>
</trkpt>
<trkpt lat="39.83454798348248" lon="2.913979031145573">
<ele>708</ele>
</trkpt>
<trkpt lat="39.834462990984321" lon="2.913991017267108">
<ele>711</ele>
</trkpt>
<trkpt lat="39.834419991821051" lon="2.913995962589979">
<ele>713</ele>
</trkpt>
<trkpt lat="39.834587965160608" lon="2.914206013083458">
<ele>715</ele>
</trkpt>
<trkpt lat="39.834639010950923" lon="2.914248006418347">
<ele>717</ele>
</trkpt>
<trkpt lat="39.834685027599335" lon="2.914398964494467">
<ele>720</ele>
</trkpt>
<trkpt lat="39.834698019549251" lon="2.914537014439702">
<ele>722</ele>
</trkpt>
<trkpt lat="39.834653008729219" lon="2.914483034983277">
<ele>724</ele>
</trkpt>
<trkpt lat="39.834656026214361" lon="2.914507007226348">
<ele>727</ele>
</trkpt>
<trkpt lat="39.834705982357264" lon="2.914652014151216">
<ele>729</ele>
</trkpt>
<trkpt lat="39.834730038419366" lon="2.914716973900795">
<ele>732</ele>
</trkpt>
<trkpt lat="39.834728026762605" lon="2.91481495834887">
<ele>733</ele>
</trkpt>
<trkpt lat="39.834759961813688" lon="2.914884025231004">
<ele>736</ele>
</trkpt>
<trkpt lat="39.834817964583635" lon="2.915007993578911">
<ele>738</ele>
</trkpt>
<trkpt lat="39.834862975403666" lon="2.915108995512128">
<ele>741</ele>
</trkpt>
<trkpt lat="39.834902035072446" lon="2.915193988010287">
<ele>744</ele>
</trkpt>
<trkpt lat="39.835002031177282" lon="2.915314016863704">
<ele>746</ele>
</trkpt>
<trkpt lat="39.835051987320185" lon="2.915473021566868">
<ele>749</ele>
</trkpt>
<trkpt lat="39.835029020905495" lon="2.915560025721788">
<ele>751</ele>
</trkpt>
<trkpt lat="39.835061961784959" lon="2.915617022663355">
<ele>754</ele>
</trkpt>
<trkpt lat="39.835081994533539" lon="2.915662033483386">
<ele>756</ele>
</trkpt>
<trkpt lat="39.835142008960247" lon="2.915807962417603">
<ele>759</ele>
</trkpt>
<trkpt lat="39.835159024223685" lon="2.915872000157833">
<ele>761</ele>
</trkpt>
<trkpt lat="39.835258014500141" lon="2.915989011526108">
<ele>763</ele>
</trkpt>
<trkpt lat="39.835346024483442" lon="2.916064029559493">
<ele>766</ele>
</trkpt>
<trkpt lat="39.835449038073421" lon="2.91605799458921">
<ele>768</ele>
</trkpt>
<trkpt lat="39.835486002266407" lon="2.916061012074351">
<ele>770</ele>
</trkpt>
<trkpt lat="39.835558002814651" lon="2.91608196683228">
<ele>772</ele>
</trkpt>
<trkpt lat="39.835617011412978" lon="2.916153967380524">
<ele>775</ele>
</trkpt>
<trkpt lat="39.835674008354545" lon="2.916254969313741">
<ele>777</ele>
</trkpt>
<trkpt lat="39.835764029994607" lon="2.91633702814579">
<ele>780</ele>
</trkpt>
<trkpt lat="39.835807029157877" lon="2.916415985673666">
<ele>784</ele>
</trkpt>
<trkpt lat="39.835874000564218" lon="2.916532997041941">
<ele>788</ele>
</trkpt>
<trkpt lat="39.835971985012293" lon="2.916644979268313">
<ele>791</ele>
</trkpt>
<trkpt lat="39.836015990003943" lon="2.916748998686671">
<ele>794</ele>
</trkpt>
<trkpt lat="39.836097965016961" lon="2.916761990636587">
<ele>798</ele>
</trkpt>
<trkpt lat="39.836198966950178" lon="2.916923006996512">
<ele>802</ele>
</trkpt>
<trkpt lat="39.83637498691678" lon="2.916902974247932">
<ele>805</ele>
</trkpt>
<trkpt lat="39.836418991908431" lon="2.916899034753442">
<ele>808</ele>
</trkpt>
<trkpt lat="39.836529968306422" lon="2.9168960172683">
<ele>811</ele>
</trkpt>
<trkpt lat="39.836600963026285" lon="2.916919989511371">
<ele>814</ele>
</trkpt>
<trkpt lat="39.836658965796232" lon="2.91678998619318">
<ele>817</ele>
</trkpt>
<trkpt lat="39.836658965796232" lon="2.916771965101361">
<ele>820</ele>
</trkpt>
<trkpt lat="39.836833979934454" lon="2.91687497869134">
<ele>823</ele>
</trkpt>
<trkpt lat="39.836885025724769" lon="2.916914960369468">
<ele>825</ele>
</trkpt>
<trkpt lat="39.836991978809237" lon="2.916928036138415">
<ele>828</ele>
</trkpt>
<trkpt lat="39.837071020156145" lon="2.91691898368299">
<ele>831</ele>
</trkpt>
<trkpt lat="39.837086023762822" lon="2.916908003389835">
<ele>834</ele>
</trkpt>
<trkpt lat="39.837071020156145" lon="2.916866010054946">
<ele>837</ele>
</trkpt>
<trkpt lat="39.837094992399216" lon="2.916980003938079">
<ele>840</ele>
</trkpt>
<trkpt lat="39.837118964642286" lon="2.917061978951097">
<ele>843</ele>
</trkpt>
<trkpt lat="39.837099015712738" lon="2.917167004197836">
<ele>846</ele>
</trkpt>
<trkpt lat="39.837138997390866" lon="2.91721997782588">
<ele>849</ele>
</trkpt>
<trkpt lat="39.837189959362149" lon="2.917232969775796">
<ele>852</ele>
</trkpt>
<trkpt lat="39.837186019867659" lon="2.917335983365774">
<ele>855</ele>
</trkpt>
<trkpt lat="39.837200017645955" lon="2.917349981144071">
<ele>859</ele>
</trkpt>
<trkpt lat="39.837232958525419" lon="2.917427010834217">
<ele>862</ele>
</trkpt>
<trkpt lat="39.837236981838942" lon="2.917441008612514">
<ele>865</ele>
</trkpt>
<trkpt lat="39.837236981838942" lon="2.917441008612514">
<ele>868</ele>
</trkpt>
<trkpt lat="39.837236981838942" lon="2.917441008612514">
<ele>871</ele>
</trkpt>
<trkpt lat="39.837237987667322" lon="2.917445031926036">
<ele>874</ele>
</trkpt>
<trkpt lat="39.837237987667322" lon="2.917445031926036">
<ele>876</ele>
</trkpt>
<trkpt lat="39.837243016809225" lon="2.917452994734049">
<ele>879</ele>
</trkpt>
<trkpt lat="39.837325997650623" lon="2.917501023039222">
<ele>881</ele>
</trkpt>
<trkpt lat="39.837371008470654" lon="2.917546033859253">
<ele>884</ele>
</trkpt>
<trkpt lat="39.837378971278667" lon="2.917629014700651">
<ele>887</ele>
</trkpt>
<trkpt lat="39.837388023734093" lon="2.917746026068926">
<ele>889</ele>
</trkpt>
<trkpt lat="39.837409984320402" lon="2.917852979153395">
<ele>891</ele>
</trkpt>
<trkpt lat="39.837373020127416" lon="2.917943000793457">
<ele>893</ele>
</trkpt>
<trkpt lat="39.837379977107048" lon="2.917965967208147">
<ele>896</ele>
</trkpt>
<trkpt lat="39.837374025955796" lon="2.917975019663572">
<ele>900</ele>
</trkpt>
<trkpt lat="39.837374025955796" lon="2.917975019663572">
<ele>904</ele>
</trkpt>
<trkpt lat="39.837334966287017" lon="2.918104017153382">
<ele>908</ele>
</trkpt>
<trkpt lat="39.837372014299035" lon="2.918229997158051">
<ele>912</ele>
</trkpt>
<trkpt lat="39.837394980713725" lon="2.918284982442856">
<ele>916</ele>
</trkpt>
<trkpt lat="39.837454995140433" lon="2.91835798881948">
<ele>919</ele>
</trkpt>
<trkpt lat="39.837629003450274" lon="2.91844398714602">
<ele>923</ele>
</trkpt>
<trkpt lat="39.837673008441925" lon="2.918476006016135">
<ele>927</ele>
</trkpt>
<trkpt lat="39.83768398873508" lon="2.918597962707281">
<ele>931</ele>
</trkpt>
<trkpt lat="39.837706033140421" lon="2.918641967698932">
<ele>935</ele>
</trkpt>
<trkpt lat="39.837728999555111" lon="2.918685972690582">
<ele>938</ele>
</trkpt>
<trkpt lat="39.837908037006855" lon="2.918827040120959">
<ele>940</ele>
</trkpt>
<trkpt lat="39.837947012856603" lon="2.918884959071875">
<ele>942</ele>
</trkpt>
<trkpt lat="39.83794298954308" lon="2.9188940115273">
<ele>945</ele>
</trkpt>
<trkpt lat="39.83794298954308" lon="2.9188940115273">
<ele>948</ele>
</trkpt>
<trkpt lat="39.83794298954308" lon="2.9188940115273">
<ele>950</ele>
</trkpt>
<trkpt lat="39.837946007028222" lon="2.918908009305596">
<ele>952</ele>
</trkpt>
<trkpt lat="39.837949024513364" lon="2.918930975720286">
<ele>955</ele>
</trkpt>
<trkpt lat="39.838010966777802" lon="2.918985961005092">
<ele>959</ele>
</trkpt>
<trkpt lat="39.838021025061607" lon="2.918987972661853">
<ele>962</ele>
</trkpt>
<trkpt lat="39.838023958727717" lon="2.918999958783388">
<ele>964</ele>
</trkpt>
<trkpt lat="39.838032005354762" lon="2.918991995975375">
<ele>965</ele>
</trkpt>
<trkpt lat="39.838026976212859" lon="2.918997025117278">
<ele>967</ele>
</trkpt>
<trkpt lat="39.838025970384479" lon="2.918997025117278">
<ele>969</ele>
</trkpt>
<trkpt lat="39.838105011731386" lon="2.919149994850159">
<ele>970</ele>
</trkpt>
<trkpt lat="39.838153040036559" lon="2.919215960428119">
<ele>972</ele>
</trkpt>
<trkpt lat="39.838205007836223" lon="2.919360967352986">
<ele>973</ele>
</trkpt>
<trkpt lat="39.838229985907674" lon="2.919543022289872">
<ele>975</ele>
</trkpt>
<trkpt lat="39.838182041421533" lon="2.919603958725929">
<ele>977</ele>
</trkpt>
<trkpt lat="39.838197967037559" lon="2.919722981750965">
<ele>981</ele>
</trkpt>
<trkpt lat="39.838195033371449" lon="2.919858014211059">
<ele>984</ele>
</trkpt>
<trkpt lat="39.838198972865939" lon="2.919977037236095">
<ele>987</ele>
</trkpt>
<trkpt lat="39.838194027543068" lon="2.920066975057125">
<ele>991</ele>
</trkpt>
<trkpt lat="39.838226968422532" lon="2.920136963948607">
<ele>995</ele>
</trkpt>
<trkpt lat="39.838235015049577" lon="2.920187003910542">
<ele>998</ele>
</trkpt>
<trkpt lat="39.838271979242563" lon="2.920319018885493">
<ele>1001</ele>
</trkpt>
<trkpt lat="39.838226968422532" lon="2.920458996668458">
<ele>1005</ele>
</trkpt>
<trkpt lat="39.838268961757421" lon="2.920577013865113">
<ele>1009</ele>
</trkpt>
<trkpt lat="39.838297963142395" lon="2.920642979443073">
<ele>1012</ele>
</trkpt>
<trkpt lat="39.838297041133046" lon="2.920740963891149">
<ele>1015</ele>
</trkpt>
<trkpt lat="39.838303998112679" lon="2.920787986367941">
<ele>1018</ele>
</trkpt>
<trkpt lat="39.838319001719356" lon="2.920908015221357">
<ele>1021</ele>
</trkpt>
<trkpt lat="39.83835001476109" lon="2.921197023242712">
<ele>1024</ele>
</trkpt>
<trkpt lat="39.838365018367767" lon="2.92121697217226">
<ele>1027</ele>
</trkpt>
<trkpt lat="39.838422015309334" lon="2.921348987147212">
<ele>1029</ele>
</trkpt>
<trkpt lat="39.838502984493971" lon="2.921426016837359">
<ele>1032</ele>
</trkpt>
<trkpt lat="39.838554030284286" lon="2.921498017385602">
<ele>1035</ele>
</trkpt>
<trkpt lat="39.838595017790794" lon="2.92162399739027">
<ele>1038</ele>
</trkpt>
<trkpt lat="39.838656038045883" lon="2.921714019030333">
<ele>1041</ele>
</trkpt>
<trkpt lat="39.838667018339038" lon="2.921802029013634">
<ele>1043</ele>
</trkpt>
<trkpt lat="39.838699959218502" lon="2.92192499153316">
<ele>1044</ele>
</trkpt>
<trkpt lat="39.838712029159069" lon="2.922045020386577">
<ele>1046</ele>
</trkpt>
<trkpt lat="39.838730972260237" lon="2.922137975692749">
<ele>1047</ele>
</trkpt>
<trkpt lat="39.838791992515326" lon="2.922326987609267">
<ele>1048</ele>
</trkpt>
<trkpt lat="39.838841026648879" lon="2.922327993437648">
<ele>1050</ele>
</trkpt>
<trkpt lat="39.838841026648879" lon="2.922327993437648">
<ele>1052</ele>
</trkpt>
<trkpt lat="39.838841026648879" lon="2.922327993437648">
<ele>1054</ele>
</trkpt>
<trkpt lat="39.838841026648879" lon="2.922327993437648">
<ele>1055</ele>
</trkpt>
<trkpt lat="39.83895200304687" lon="2.922251969575882">
<ele>1057</ele>
</trkpt>
<trkpt lat="39.839041018858552" lon="2.922231014817953">
<ele>1058</ele>
</trkpt>
<trkpt lat="39.839115031063557" lon="2.922198995947838">
<ele>1060</ele>
</trkpt>
<trkpt lat="39.839247968047857" lon="2.922177035361528">
<ele>1062</ele>
</trkpt>
<trkpt lat="39.839375959709287" lon="2.922152979299426">
<ele>1063</ele>
</trkpt>
<trkpt lat="39.839417031034827" lon="2.922101011499763">
<ele>1064</ele>
</trkpt>
<trkpt lat="39.8394909594208" lon="2.922066980972886">
<ele>1066</ele>
</trkpt>
<trkpt lat="39.83957402408123" lon="2.922112997621298">
<ele>1068</ele>
</trkpt>
<trkpt lat="39.839666979387403" lon="2.922233026474714">
<ele>1069</ele>
</trkpt>
<trkpt lat="39.839726993814111" lon="2.922312989830971">
<ele>1070</ele>
</trkpt>
<trkpt lat="39.839792959392071" lon="2.922435030341148">
<ele>1072</ele>
</trkpt>
<trkpt lat="39.83985498547554" lon="2.922541983425617">
<ele>1071</ele>
</trkpt>
<trkpt lat="39.839998986572027" lon="2.922601997852325">
<ele>1070</ele>
</trkpt>
<trkpt lat="39.840086996555328" lon="2.92269797064364">
<ele>1069</ele>
</trkpt>
<trkpt lat="39.840164026245475" lon="2.922793021425605">
<ele>1068</ele>
</trkpt>
<trkpt lat="39.8402180057019" lon="2.922927970066667">
<ele>1067</ele>
</trkpt>
<trkpt lat="39.840236026793718" lon="2.922970969229937">
<ele>1066</ele>
</trkpt>
<trkpt lat="39.840306015685201" lon="2.923084041103721">
<ele>1065</ele>
</trkpt>
<trkpt lat="39.840415986254811" lon="2.923056967556477">
<ele>1064</ele>
</trkpt>
<trkpt lat="39.840483041480184" lon="2.923052022233605">
<ele>1063</ele>
</trkpt>
<trkpt lat="39.840573985129595" lon="2.923092003911734">
<ele>1062</ele>
</trkpt>
<trkpt lat="39.840607009828091" lon="2.923112036660314">
<ele>1062</ele>
</trkpt>
<trkpt lat="39.840698037296534" lon="2.923139026388526">
<ele>1062</ele>
</trkpt>
<trkpt lat="39.840803984552622" lon="2.923194011673331">
<ele>1062</ele>
</trkpt>
<trkpt lat="39.840837009251118" lon="2.92325695976615">
<ele>1063</ele>
</trkpt>
<trkpt lat="39.840924013406038" lon="2.923272969201207">
<ele>1063</ele>
</trkpt>
<trkpt lat="39.841005988419056" lon="2.923316974192858">
<ele>1063</ele>
</trkpt>
<trkpt lat="39.841118976473808" lon="2.923372965306044">
<ele>1064</ele>
</trkpt>
<trkpt lat="39.841212015599012" lon="2.923431973904371">
<ele>1064</ele>
</trkpt>
<trkpt lat="39.841285021975636" lon="2.923471033573151">
<ele>1065</ele>
</trkpt>
<trkpt lat="39.841429023072124" lon="2.923489976674318">
<ele>1065</ele>
</trkpt>
<trkpt lat="39.841532036662102" lon="2.923573041334748">
<ele>1067</ele>
</trkpt>
<trkpt lat="39.841645024716854" lon="2.923673959448934">
<ele>1069</ele>
</trkpt>
<trkpt lat="39.841758012771606" lon="2.923718970268965">
<ele>1071</ele>
</trkpt>
<trkpt lat="39.841822972521186" lon="2.923817038536072">
<ele>1073</ele>
</trkpt>
<trkpt lat="39.841837976127863" lon="2.92394301854074">
<ele>1075</ele>
</trkpt>
<trkpt lat="39.84187301248312" lon="2.923980988562107">
<ele>1076</ele>
</trkpt>
<trkpt lat="39.841941995546222" lon="2.924139993265271">
<ele>1078</ele>
</trkpt>
<trkpt lat="39.842021036893129" lon="2.924159020185471">
<ele>1080</ele>
</trkpt>
<trkpt lat="39.842117009684443" lon="2.924172012135387">
<ele>1082</ele>
</trkpt>
<trkpt lat="39.842178029939532" lon="2.924217022955418">
<ele>1084</ele>
</trkpt>
<trkpt lat="39.84223703853786" lon="2.92430997826159">
<ele>1085</ele>
</trkpt>
<trkpt lat="39.842272996902466" lon="2.924336967989802">
<ele>1087</ele>
</trkpt>
<trkpt lat="39.842320019379258" lon="2.924472000449896">
<ele>1088</ele>
</trkpt>
<trkpt lat="39.842407023534179" lon="2.924657994881272">
<ele>1090</ele>
</trkpt>
<trkpt lat="39.842412974685431" lon="2.924721026793122">
<ele>1091</ele>
</trkpt>
<trkpt lat="39.842521017417312" lon="2.924883970990777">
<ele>1092</ele>
</trkpt>
<trkpt lat="39.842625958845019" lon="2.925023026764393">
<ele>1094</ele>
</trkpt>
<trkpt lat="39.8426269646734" lon="2.925139032304287">
<ele>1095</ele>
</trkpt>
<trkpt lat="39.842632999643683" lon="2.925171973183751">
<ele>1097</ele>
</trkpt>
<trkpt lat="39.842738024890423" lon="2.92531899176538">
<ele>1097</ele>
</trkpt>
<trkpt lat="39.842784041538835" lon="2.925388980656862">
<ele>1098</ele>
</trkpt>
<trkpt lat="39.842801978811622" lon="2.925461987033486">
<ele>1098</ele>
</trkpt>
<trkpt lat="39.842855958268046" lon="2.925589978694916">
<ele>1098</ele>
</trkpt>
<trkpt lat="39.842955032363534" lon="2.925716964527965">
<ele>1099</ele>
</trkpt>
<trkpt lat="39.84305502846837" lon="2.925754012539983">
<ele>1100</ele>
</trkpt>
<trkpt lat="39.843151001259685" lon="2.925725011155009">
<ele>1100</ele>
</trkpt>
<trkpt lat="39.843211015686393" lon="2.925707995891571">
<ele>1100</ele>
</trkpt>
<trkpt lat="39.843204980716109" lon="2.925702966749668">
<ele>1101</ele>
</trkpt>
<trkpt lat="39.843204980716109" lon="2.925702966749668">
<ele>1102</ele>
</trkpt>
<trkpt lat="39.843204980716109" lon="2.925702966749668">
<ele>1102</ele>
</trkpt>
<trkpt lat="39.843204980716109" lon="2.925702966749668">
<ele>1102</ele>
</trkpt>
<trkpt lat="39.843204980716109" lon="2.925702966749668">
<ele>1103</ele>
</trkpt>
<trkpt lat="39.843204980716109" lon="2.925702966749668">
<ele>1104</ele>
</trkpt>
<trkpt lat="39.843204980716109" lon="2.925701960921288">
<ele>1104</ele>
</trkpt>
<trkpt lat="39.843204980716109" lon="2.925702966749668">
<ele>1104</ele>
</trkpt>
<trkpt lat="39.843204980716109" lon="2.925702966749668">
<ele>1103</ele>
</trkpt>
<trkpt lat="39.843204980716109" lon="2.925702966749668">
<ele>1102</ele>
</trkpt>
<trkpt lat="39.843204980716109" lon="2.925702966749668">
<ele>1102</ele>
</trkpt>
<trkpt lat="39.843204980716109" lon="2.925702966749668">
<ele>1102</ele>
</trkpt>
<trkpt lat="39.843204980716109" lon="2.925702966749668">
<ele>1100</ele>
</trkpt>
<trkpt lat="39.843151001259685" lon="2.925725011155009">
<ele>1100</ele>
</trkpt>
<trkpt lat="39.84305502846837" lon="2.925754012539983">
<ele>1100</ele>
</trkpt>
<trkpt lat="39.842955032363534" lon="2.925716964527965">
<ele>1099</ele>
</trkpt>
<trkpt lat="39.842855958268046" lon="2.925589978694916">
<ele>1098</ele>
</trkpt>
<trkpt lat="39.842801978811622" lon="2.925461987033486">
<ele>1098</ele>
</trkpt>
<trkpt lat="39.842784041538835" lon="2.925388980656862">
<ele>1098</ele>
</trkpt>
<trkpt lat="39.842738024890423" lon="2.92531899176538">
<ele>1097</ele>
</trkpt>
<trkpt lat="39.842632999643683" lon="2.925171973183751">
<ele>1096</ele>
</trkpt>
<trkpt lat="39.8426269646734" lon="2.925139032304287">
<ele>1094</ele>
</trkpt>
<trkpt lat="39.842625958845019" lon="2.925023026764393">
<ele>1093</ele>
</trkpt>
<trkpt lat="39.842521017417312" lon="2.924883970990777">
<ele>1091</ele>
</trkpt>
<trkpt lat="39.842412974685431" lon="2.924721026793122">
<ele>1090</ele>
</trkpt>
<trkpt lat="39.842407023534179" lon="2.924657994881272">
<ele>1089</ele>
</trkpt>
<trkpt lat="39.842320019379258" lon="2.924472000449896">
<ele>1087</ele>
</trkpt>
<trkpt lat="39.842272996902466" lon="2.924336967989802">
<ele>1086</ele>
</trkpt>
<trkpt lat="39.84223703853786" lon="2.92430997826159">
<ele>1084</ele>
</trkpt>
<trkpt lat="39.842178029939532" lon="2.924217022955418">
<ele>1083</ele>
</trkpt>
<trkpt lat="39.842117009684443" lon="2.924172012135387">
<ele>1081</ele>
</trkpt>
<trkpt lat="39.842021036893129" lon="2.924159020185471">
<ele>1079</ele>
</trkpt>
<trkpt lat="39.841941995546222" lon="2.924139993265271">
<ele>1077</ele>
</trkpt>
<trkpt lat="39.84187301248312" lon="2.923980988562107">
<ele>1075</ele>
</trkpt>
<trkpt lat="39.841837976127863" lon="2.92394301854074">
<ele>1074</ele>
</trkpt>
<trkpt lat="39.841822972521186" lon="2.923817038536072">
<ele>1072</ele>
</trkpt>
<trkpt lat="39.841758012771606" lon="2.923718970268965">
<ele>1070</ele>
</trkpt>
<trkpt lat="39.841645024716854" lon="2.923673959448934">
<ele>1068</ele>
</trkpt>
<trkpt lat="39.841532036662102" lon="2.923573041334748">
<ele>1066</ele>
</trkpt>
<trkpt lat="39.841429023072124" lon="2.923489976674318">
<ele>1064</ele>
</trkpt>
<trkpt lat="39.841285021975636" lon="2.923471033573151">
<ele>1064</ele>
</trkpt>
<trkpt lat="39.841212015599012" lon="2.923431973904371">
<ele>1063</ele>
</trkpt>
<trkpt lat="39.841118976473808" lon="2.923372965306044">
<ele>1063</ele>
</trkpt>
<trkpt lat="39.841005988419056" lon="2.923316974192858">
<ele>1062</ele>
</trkpt>
<trkpt lat="39.840924013406038" lon="2.923272969201207">
<ele>1062</ele>
</trkpt>
<trkpt lat="39.840837009251118" lon="2.92325695976615">
<ele>1062</ele>
</trkpt>
<trkpt lat="39.840803984552622" lon="2.923194011673331">
<ele>1061</ele>
</trkpt>
<trkpt lat="39.840698037296534" lon="2.923139026388526">
<ele>1061</ele>
</trkpt>
<trkpt lat="39.840607009828091" lon="2.923112036660314">
<ele>1060</ele>
</trkpt>
<trkpt lat="39.840573985129595" lon="2.923092003911734">
<ele>1060</ele>
</trkpt>
<trkpt lat="39.840483041480184" lon="2.923052022233605">
<ele>1061</ele>
</trkpt>
<trkpt lat="39.840415986254811" lon="2.923056967556477">
<ele>1062</ele>
</trkpt>
<trkpt lat="39.840306015685201" lon="2.923084041103721">
<ele>1063</ele>
</trkpt>
<trkpt lat="39.840236026793718" lon="2.922970969229937">
<ele>1064</ele>
</trkpt>
<trkpt lat="39.8402180057019" lon="2.922927970066667">
<ele>1065</ele>
</trkpt>
<trkpt lat="39.840164026245475" lon="2.922793021425605">
<ele>1066</ele>
</trkpt>
<trkpt lat="39.840086996555328" lon="2.92269797064364">
<ele>1067</ele>
</trkpt>
<trkpt lat="39.839998986572027" lon="2.922601997852325">
<ele>1068</ele>
</trkpt>
<trkpt lat="39.83985498547554" lon="2.922541983425617">
<ele>1069</ele>
</trkpt>
<trkpt lat="39.839792959392071" lon="2.922435030341148">
<ele>1070</ele>
</trkpt>
<trkpt lat="39.839726993814111" lon="2.922312989830971">
<ele>1068</ele>
</trkpt>
<trkpt lat="39.839666979387403" lon="2.922233026474714">
<ele>1067</ele>
</trkpt>
<trkpt lat="39.83957402408123" lon="2.922112997621298">
<ele>1066</ele>
</trkpt>
<trkpt lat="39.8394909594208" lon="2.922066980972886">
<ele>1064</ele>
</trkpt>
<trkpt lat="39.839417031034827" lon="2.922101011499763">
<ele>1062</ele>
</trkpt>
<trkpt lat="39.839375959709287" lon="2.922152979299426">
<ele>1061</ele>
</trkpt>
<trkpt lat="39.839247968047857" lon="2.922177035361528">
<ele>1060</ele>
</trkpt>
<trkpt lat="39.839115031063557" lon="2.922198995947838">
<ele>1058</ele>
</trkpt>
<trkpt lat="39.839041018858552" lon="2.922231014817953">
<ele>1056</ele>
</trkpt>
<trkpt lat="39.83895200304687" lon="2.922251969575882">
<ele>1055</ele>
</trkpt>
<trkpt lat="39.838841026648879" lon="2.922327993437648">
<ele>1053</ele>
</trkpt>
<trkpt lat="39.838841026648879" lon="2.922327993437648">
<ele>1052</ele>
</trkpt>
<trkpt lat="39.838841026648879" lon="2.922327993437648">
<ele>1050</ele>
</trkpt>
<trkpt lat="39.838841026648879" lon="2.922327993437648">
<ele>1048</ele>
</trkpt>
<trkpt lat="39.838791992515326" lon="2.922326987609267">
<ele>1046</ele>
</trkpt>
<trkpt lat="39.838730972260237" lon="2.922137975692749">
<ele>1045</ele>
</trkpt>
<trkpt lat="39.838712029159069" lon="2.922045020386577">
<ele>1043</ele>
</trkpt>
<trkpt lat="39.838699959218502" lon="2.92192499153316">
<ele>1041</ele>
</trkpt>
<trkpt lat="39.838667018339038" lon="2.921802029013634">
<ele>1040</ele>
</trkpt>
<trkpt lat="39.838656038045883" lon="2.921714019030333">
<ele>1038</ele>
</trkpt>
<trkpt lat="39.838595017790794" lon="2.92162399739027">
<ele>1035</ele>
</trkpt>
<trkpt lat="39.838554030284286" lon="2.921498017385602">
<ele>1032</ele>
</trkpt>
<trkpt lat="39.838502984493971" lon="2.921426016837359">
<ele>1029</ele>
</trkpt>
<trkpt lat="39.838422015309334" lon="2.921348987147212">
<ele>1026</ele>
</trkpt>
<trkpt lat="39.838365018367767" lon="2.92121697217226">
<ele>1024</ele>
</trkpt>
<trkpt lat="39.83835001476109" lon="2.921197023242712">
<ele>1021</ele>
</trkpt>
<trkpt lat="39.838319001719356" lon="2.920908015221357">
<ele>1018</ele>
</trkpt>
<trkpt lat="39.838303998112679" lon="2.920787986367941">
<ele>1015</ele>
</trkpt>
<trkpt lat="39.838297041133046" lon="2.920740963891149">
<ele>1012</ele>
</trkpt>
<trkpt lat="39.838297963142395" lon="2.920642979443073">
<ele>1009</ele>
</trkpt>
<trkpt lat="39.838268961757421" lon="2.920577013865113">
<ele>1006</ele>
</trkpt>
<trkpt lat="39.838226968422532" lon="2.920458996668458">
<ele>1002</ele>
</trkpt>
<trkpt lat="39.838271979242563" lon="2.920319018885493">
<ele>998</ele>
</trkpt>
<trkpt lat="39.838235015049577" lon="2.920187003910542">
<ele>995</ele>
</trkpt>
<trkpt lat="39.838226968422532" lon="2.920136963948607">
<ele>992</ele>
</trkpt>
<trkpt lat="39.838194027543068" lon="2.920066975057125">
<ele>986</ele>
</trkpt>
<trkpt lat="39.838195033371449" lon="2.919858014211059">
<ele>981</ele>
</trkpt>
<trkpt lat="39.838197967037559" lon="2.919722981750965">
<ele>978</ele>
</trkpt>
<trkpt lat="39.838182041421533" lon="2.919603958725929">
<ele>974</ele>
</trkpt>
<trkpt lat="39.838229985907674" lon="2.919543022289872">
<ele>972</ele>
</trkpt>
<trkpt lat="39.838205007836223" lon="2.919360967352986">
<ele>970</ele>
</trkpt>
<trkpt lat="39.838153040036559" lon="2.919215960428119">
<ele>969</ele>
</trkpt>
<trkpt lat="39.838105011731386" lon="2.919149994850159">
<ele>967</ele>
</trkpt>
<trkpt lat="39.838025970384479" lon="2.918997025117278">
<ele>965</ele>
</trkpt>
<trkpt lat="39.838026976212859" lon="2.918997025117278">
<ele>963</ele>
</trkpt>
<trkpt lat="39.838032005354762" lon="2.918991995975375">
<ele>959</ele>
</trkpt>
<trkpt lat="39.838021025061607" lon="2.918987972661853">
<ele>956</ele>
</trkpt>
<trkpt lat="39.838010966777802" lon="2.918985961005092">
<ele>952</ele>
</trkpt>
<trkpt lat="39.837946007028222" lon="2.918908009305596">
<ele>948</ele>
</trkpt>
<trkpt lat="39.83794298954308" lon="2.9188940115273">
<ele>946</ele>
</trkpt>
<trkpt lat="39.83794298954308" lon="2.9188940115273">
<ele>944</ele>
</trkpt>
<trkpt lat="39.83794298954308" lon="2.9188940115273">
<ele>941</ele>
</trkpt>
<trkpt lat="39.837947012856603" lon="2.918884959071875">
<ele>938</ele>
</trkpt>
<trkpt lat="39.837908037006855" lon="2.918827040120959">
<ele>936</ele>
</trkpt>
<trkpt lat="39.837728999555111" lon="2.918685972690582">
<ele>934</ele>
</trkpt>
<trkpt lat="39.837706033140421" lon="2.918641967698932">
<ele>931</ele>
</trkpt>
<trkpt lat="39.83768398873508" lon="2.918597962707281">
<ele>927</ele>
</trkpt>
<trkpt lat="39.837673008441925" lon="2.918476006016135">
<ele>923</ele>
</trkpt>
<trkpt lat="39.837629003450274" lon="2.91844398714602">
<ele>919</ele>
</trkpt>
<trkpt lat="39.837454995140433" lon="2.91835798881948">
<ele>915</ele>
</trkpt>
<trkpt lat="39.837394980713725" lon="2.918284982442856">
<ele>912</ele>
</trkpt>
<trkpt lat="39.837372014299035" lon="2.918229997158051">
<ele>908</ele>
</trkpt>
<trkpt lat="39.837334966287017" lon="2.918104017153382">
<ele>904</ele>
</trkpt>
<trkpt lat="39.837374025955796" lon="2.917975019663572">
<ele>900</ele>
</trkpt>
<trkpt lat="39.837374025955796" lon="2.917975019663572">
<ele>896</ele>
</trkpt>
<trkpt lat="39.837379977107048" lon="2.917965967208147">
<ele>888</ele>
</trkpt>
<trkpt lat="39.837388023734093" lon="2.917746026068926">
<ele>884</ele>
</trkpt>
<trkpt lat="39.837378971278667" lon="2.917629014700651">
<ele>882</ele>
</trkpt>
<trkpt lat="39.837371008470654" lon="2.917546033859253">
<ele>879</ele>
</trkpt>
<trkpt lat="39.837325997650623" lon="2.917501023039222">
<ele>876</ele>
</trkpt>
<trkpt lat="39.837243016809225" lon="2.917452994734049">
<ele>874</ele>
</trkpt>
<trkpt lat="39.837237987667322" lon="2.917445031926036">
<ele>871</ele>
</trkpt>
<trkpt lat="39.837237987667322" lon="2.917445031926036">
<ele>869</ele>
</trkpt>
<trkpt lat="39.837236981838942" lon="2.917441008612514">
<ele>866</ele>
</trkpt>
<trkpt lat="39.837236981838942" lon="2.917441008612514">
<ele>863</ele>
</trkpt>
<trkpt lat="39.837236981838942" lon="2.917441008612514">
<ele>860</ele>
</trkpt>
<trkpt lat="39.837232958525419" lon="2.917427010834217">
<ele>857</ele>
</trkpt>
<trkpt lat="39.837200017645955" lon="2.917349981144071">
<ele>854</ele>
</trkpt>
<trkpt lat="39.837186019867659" lon="2.917335983365774">
<ele>848</ele>
</trkpt>
<trkpt lat="39.837138997390866" lon="2.91721997782588">
<ele>844</ele>
</trkpt>
<trkpt lat="39.837099015712738" lon="2.917167004197836">
<ele>841</ele>
</trkpt>
<trkpt lat="39.837118964642286" lon="2.917061978951097">
<ele>838</ele>
</trkpt>
<trkpt lat="39.837094992399216" lon="2.916980003938079">
<ele>835</ele>
</trkpt>
<trkpt lat="39.837071020156145" lon="2.916866010054946">
<ele>832</ele>
</trkpt>
<trkpt lat="39.837086023762822" lon="2.916908003389835">
<ele>829</ele>
</trkpt>
<trkpt lat="39.837071020156145" lon="2.91691898368299">
<ele>826</ele>
</trkpt>
<trkpt lat="39.836991978809237" lon="2.916928036138415">
<ele>823</ele>
</trkpt>
<trkpt lat="39.836885025724769" lon="2.916914960369468">
<ele>820</ele>
</trkpt>
<trkpt lat="39.836833979934454" lon="2.91687497869134">
<ele>818</ele>
</trkpt>
<trkpt lat="39.836658965796232" lon="2.916771965101361">
<ele>815</ele>
</trkpt>
<trkpt lat="39.836658965796232" lon="2.91678998619318">
<ele>812</ele>
</trkpt>
<trkpt lat="39.836600963026285" lon="2.916919989511371">
<ele>809</ele>
</trkpt>
<trkpt lat="39.836529968306422" lon="2.9168960172683">
<ele>806</ele>
</trkpt>
<trkpt lat="39.836418991908431" lon="2.916899034753442">
<ele>802</ele>
</trkpt>
<trkpt lat="39.83637498691678" lon="2.916902974247932">
<ele>799</ele>
</trkpt>
<trkpt lat="39.836198966950178" lon="2.916923006996512">
<ele>796</ele>
</trkpt>
<trkpt lat="39.836097965016961" lon="2.916761990636587">
<ele>792</ele>
</trkpt>
<trkpt lat="39.836015990003943" lon="2.916748998686671">
<ele>788</ele>
</trkpt>
<trkpt lat="39.835971985012293" lon="2.916644979268313">
<ele>785</ele>
</trkpt>
<trkpt lat="39.835874000564218" lon="2.916532997041941">
<ele>782</ele>
</trkpt>
<trkpt lat="39.835807029157877" lon="2.916415985673666">
<ele>778</ele>
</trkpt>
<trkpt lat="39.835764029994607" lon="2.91633702814579">
<ele>774</ele>
</trkpt>
<trkpt lat="39.835674008354545" lon="2.916254969313741">
<ele>771</ele>
</trkpt>
<trkpt lat="39.835617011412978" lon="2.916153967380524">
<ele>769</ele>
</trkpt>
<trkpt lat="39.835558002814651" lon="2.91608196683228">
<ele>766</ele>
</trkpt>
<trkpt lat="39.835486002266407" lon="2.916061012074351">
<ele>764</ele>
</trkpt>
<trkpt lat="39.835449038073421" lon="2.91605799458921">
<ele>761</ele>
</trkpt>
<trkpt lat="39.835258014500141" lon="2.915989011526108">
<ele>757</ele>
</trkpt>
<trkpt lat="39.835159024223685" lon="2.915872000157833">
<ele>755</ele>
</trkpt>
<trkpt lat="39.835142008960247" lon="2.915807962417603">
<ele>753</ele>
</trkpt>
<trkpt lat="39.835081994533539" lon="2.915662033483386">
<ele>750</ele>
</trkpt>
<trkpt lat="39.835061961784959" lon="2.915617022663355">
<ele>748</ele>
</trkpt>
<trkpt lat="39.835029020905495" lon="2.915560025721788">
<ele>744</ele>
</trkpt>
<trkpt lat="39.835002031177282" lon="2.915314016863704">
<ele>740</ele>
</trkpt>
<trkpt lat="39.834902035072446" lon="2.915193988010287">
<ele>738</ele>
</trkpt>
<trkpt lat="39.834862975403666" lon="2.915108995512128">
<ele>735</ele>
</trkpt>
<trkpt lat="39.834817964583635" lon="2.915007993578911">
<ele>732</ele>
</trkpt>
<trkpt lat="39.834759961813688" lon="2.914884025231004">
<ele>730</ele>
</trkpt>
<trkpt lat="39.834728026762605" lon="2.91481495834887">
<ele>726</ele>
</trkpt>
<trkpt lat="39.834705982357264" lon="2.914652014151216">
<ele>722</ele>
</trkpt>
<trkpt lat="39.834656026214361" lon="2.914507007226348">
<ele>720</ele>
</trkpt>
<trkpt lat="39.834653008729219" lon="2.914483034983277">
<ele>716</ele>
</trkpt>
<trkpt lat="39.834685027599335" lon="2.914398964494467">
<ele>713</ele>
</trkpt>
<trkpt lat="39.834639010950923" lon="2.914248006418347">
<ele>710</ele>
</trkpt>
<trkpt lat="39.834587965160608" lon="2.914206013083458">
<ele>708</ele>
</trkpt>
<trkpt lat="39.834419991821051" lon="2.913995962589979">
<ele>706</ele>
</trkpt>
<trkpt lat="39.834462990984321" lon="2.913991017267108">
<ele>704</ele>
</trkpt>
<trkpt lat="39.83454798348248" lon="2.913979031145573">
<ele>701</ele>
</trkpt>
<trkpt lat="39.834648985415697" lon="2.913995962589979">
<ele>699</ele>
</trkpt>
<trkpt lat="39.834710005670786" lon="2.914003003388643">
<ele>697</ele>
</trkpt>
<trkpt lat="39.834786029532552" lon="2.914065029472113">
<ele>694</ele>
</trkpt>
<trkpt lat="39.834850989282131" lon="2.913993028923869">
<ele>692</ele>
</trkpt>
<trkpt lat="39.834911003708839" lon="2.913995962589979">
<ele>689</ele>
</trkpt>
<trkpt lat="39.835019968450069" lon="2.914112973958254">
<ele>687</ele>
</trkpt>
<trkpt lat="39.835049975663424" lon="2.914134012535214">
<ele>685</ele>
</trkpt>
<trkpt lat="39.835110995918512" lon="2.91414700448513">
<ele>682</ele>
</trkpt>
<trkpt lat="39.835056010633707" lon="2.914046002551913">
<ele>680</ele>
</trkpt>
<trkpt lat="39.834958026185632" lon="2.913822960108519">
<ele>677</ele>
</trkpt>
<trkpt lat="39.834908992052078" lon="2.91375900618732">
<ele>675</ele>
</trkpt>
<trkpt lat="39.834877979010344" lon="2.913699997588992">
<ele>672</ele>
</trkpt>
<trkpt lat="39.834796003997326" lon="2.913552979007363">
<ele>670</ele>
</trkpt>
<trkpt lat="39.834744036197662" lon="2.9135010112077">
<ele>668</ele>
</trkpt>
<trkpt lat="39.834660971537232" lon="2.913404032588005">
<ele>665</ele>
</trkpt>
<trkpt lat="39.834582014009356" lon="2.913349969312549">
<ele>662</ele>
</trkpt>
<trkpt lat="39.834454022347927" lon="2.913216026499867">
<ele>660</ele>
</trkpt>
<trkpt lat="39.834374981001019" lon="2.913184007629752">
<ele>658</ele>
</trkpt>
<trkpt lat="39.834315972402692" lon="2.91309499181807">
<ele>655</ele>
</trkpt>
<trkpt lat="39.834265010431409" lon="2.91302802041173">
<ele>652</ele>
</trkpt>
<trkpt lat="39.834187980741262" lon="2.912967000156641">
<ele>650</ele>
</trkpt>
<trkpt lat="39.834083961322904" lon="2.912870021536946">
<ele>649</ele>
</trkpt>
<trkpt lat="39.83400902710855" lon="2.91277002543211">
<ele>648</ele>
</trkpt>
<trkpt lat="39.833937026560307" lon="2.91255502961576">
<ele>648</ele>
</trkpt>
<trkpt lat="39.833953035995364" lon="2.912458973005414">
<ele>647</ele>
</trkpt>
<trkpt lat="39.833997962996364" lon="2.912259986624122">
<ele>646</ele>
</trkpt>
<trkpt lat="39.833978014066815" lon="2.91227700188756">
<ele>645</ele>
</trkpt>
<trkpt lat="39.833974996581674" lon="2.91229996830225">
<ele>644</ele>
</trkpt>
<trkpt lat="39.833974996581674" lon="2.91229996830225">
<ele>644</ele>
</trkpt>
<trkpt lat="39.833974996581674" lon="2.91229996830225">
<ele>643</ele>
</trkpt>
<trkpt lat="39.833973990753293" lon="2.912298962473869">
<ele>642</ele>
</trkpt>
<trkpt lat="39.833973990753293" lon="2.912304997444153">
<ele>642</ele>
</trkpt>
<trkpt lat="39.833973990753293" lon="2.912304997444153">
<ele>642</ele>
</trkpt>
<trkpt lat="39.833919005468488" lon="2.912292005494237">
<ele>642</ele>
</trkpt>
<trkpt lat="39.833872988820076" lon="2.912227967754006">
<ele>642</ele>
</trkpt>
<trkpt lat="39.833680959418416" lon="2.912178011611104">
<ele>642</ele>
</trkpt>
<trkpt lat="39.833565959706903" lon="2.912124032154679">
<ele>643</ele>
</trkpt>
<trkpt lat="39.833490019664168" lon="2.91199897415936">
<ele>643</ele>
</trkpt>
<trkpt lat="39.83340997248888" lon="2.911893026903272">
<ele>643</ele>
</trkpt>
<trkpt lat="39.83332003466785" lon="2.911790013313294">
<ele>643</ele>
</trkpt>
<trkpt lat="39.833207968622446" lon="2.911657998338342">
<ele>643</ele>
</trkpt>
<trkpt lat="39.83310897834599" lon="2.911505028605461">
<ele>643</ele>
</trkpt>
<trkpt lat="39.833076959475875" lon="2.911472003906965">
<ele>643</ele>
</trkpt>
<trkpt lat="39.833033960312605" lon="2.911351975053549">
<ele>643</ele>
</trkpt>
<trkpt lat="39.83297998085618" lon="2.911262959241867">
<ele>644</ele>
</trkpt>
<trkpt lat="39.83291401527822" lon="2.911147959530354">
<ele>645</ele>
</trkpt>
<trkpt lat="39.832815025001764" lon="2.911088028922677">
<ele>645</ele>
</trkpt>
<trkpt lat="39.832793986424804" lon="2.911078976467252">
<ele>646</ele>
</trkpt>
<trkpt lat="39.832673035562038" lon="2.911028014495969">
<ele>646</ele>
</trkpt>
<trkpt lat="39.832536997273564" lon="2.910988032817841">
<ele>646</ele>
</trkpt>
<trkpt lat="39.832495003938675" lon="2.910933969542384">
<ele>646</ele>
</trkpt>
<trkpt lat="39.8323970194906" lon="2.910877978429198">
<ele>646</ele>
</trkpt>
<trkpt lat="39.83231202699244" lon="2.910828022286296">
<ele>646</ele>
</trkpt>
<trkpt lat="39.832285037264228" lon="2.910833973437548">
<ele>647</ele>
</trkpt>
<trkpt lat="39.832186968997121" lon="2.910842020064592">
<ele>646</ele>
</trkpt>
<trkpt lat="39.832069035619497" lon="2.910915026441217">
<ele>646</ele>
</trkpt>
<trkpt lat="39.831997035071254" lon="2.91094402782619">
<ele>646</ele>
</trkpt>
<trkpt lat="39.831900978460908" lon="2.911003958433867">
<ele>646</ele>
</trkpt>
<trkpt lat="39.831836018711329" lon="2.911043018102646">
<ele>645</ele>
</trkpt>
<trkpt lat="39.83158104121685" lon="2.911064978688955">
<ele>645</ele>
</trkpt>
<trkpt lat="39.831536030396819" lon="2.911134967580438">
<ele>644</ele>
</trkpt>
<trkpt lat="39.831428993493319" lon="2.911222977563739">
<ele>644</ele>
</trkpt>
<trkpt lat="39.831336038187146" lon="2.911318028345704">
<ele>644</ele>
</trkpt>
<trkpt lat="39.831241993233562" lon="2.911335965618491">
<ele>643</ele>
</trkpt>
<trkpt lat="39.831137973815203" lon="2.911359015852213">
<ele>642</ele>
</trkpt>
<trkpt lat="39.831032026559114" lon="2.911449959501624">
<ele>641</ele>
</trkpt>
<trkpt lat="39.830924989655614" lon="2.911415006965399">
<ele>639</ele>
</trkpt>
<trkpt lat="39.830764979124069" lon="2.911403020843864">
<ele>638</ele>
</trkpt>
<trkpt lat="39.830687027424574" lon="2.911371001973748">
<ele>637</ele>
</trkpt>
<trkpt lat="39.830580996349454" lon="2.911384999752045">
<ele>636</ele>
</trkpt>
<trkpt lat="39.830407993867993" lon="2.911335965618491">
<ele>635</ele>
</trkpt>
<trkpt lat="39.830377986654639" lon="2.91133102029562">
<ele>635</ele>
</trkpt>
<trkpt lat="39.830240020528436" lon="2.911304030567408">
<ele>634</ele>
</trkpt>
<trkpt lat="39.830136001110077" lon="2.911263965070248">
<ele>634</ele>
</trkpt>
<trkpt lat="39.829951012507081" lon="2.911218032240868">
<ele>634</ele>
</trkpt>
<trkpt lat="39.829874988645315" lon="2.911229012534022">
<ele>633</ele>
</trkpt>
<trkpt lat="39.829838024452329" lon="2.911244016140699">
<ele>632</ele>
</trkpt>
<trkpt lat="39.829695029184222" lon="2.911206968128681">
<ele>632</ele>
</trkpt>
<trkpt lat="39.829650018364191" lon="2.911191964522004">
<ele>632</ele>
</trkpt>
<trkpt lat="39.829544993117452" lon="2.911129016429186">
<ele>632</ele>
</trkpt>
<trkpt lat="39.829533006995916" lon="2.911121975630522">
<ele>631</ele>
</trkpt>
<trkpt lat="39.829420018941164" lon="2.911088028922677">
<ele>631</ele>
</trkpt>
<trkpt lat="39.829370984807611" lon="2.91103002615273">
<ele>632</ele>
</trkpt>
<trkpt lat="39.829242993146181" lon="2.911003036424518">
<ele>633</ele>
</trkpt>
<trkpt lat="39.829107960686088" lon="2.911003036424518">
<ele>634</ele>
</trkpt>
<trkpt lat="39.829072002321482" lon="2.910994989797473">
<ele>635</ele>
</trkpt>
<trkpt lat="39.828983992338181" lon="2.910930030047894">
<ele>636</ele>
</trkpt>
<trkpt lat="39.828857006505132" lon="2.910891976207495">
<ele>637</ele>
</trkpt>
<trkpt lat="39.828796992078424" lon="2.910882001742721">
<ele>639</ele>
</trkpt>
<trkpt lat="39.828709987923503" lon="2.91086096316576">
<ele>640</ele>
</trkpt>
<trkpt lat="39.828678974881768" lon="2.910768007859588">
<ele>640</ele>
</trkpt>
<trkpt lat="39.828623989596963" lon="2.910628030076623">
<ele>641</ele>
</trkpt>
<trkpt lat="39.8285529948771" lon="2.910510012879968">
<ele>641</ele>
</trkpt>
<trkpt lat="39.828469008207321" lon="2.910440023988485">
<ele>640</ele>
</trkpt>
<trkpt lat="39.828428020700812" lon="2.910360982641578">
<ele>640</ele>
</trkpt>
<trkpt lat="39.828396001830697" lon="2.910237014293671">
<ele>640</ele>
</trkpt>
<trkpt lat="39.828392984345555" lon="2.910225028172135">
<ele>640</ele>
</trkpt>
<trkpt lat="39.828291982412338" lon="2.910115979611874">
<ele>640</ele>
</trkpt>
<trkpt lat="39.828271027654409" lon="2.910087984055281">
<ele>640</ele>
</trkpt>
<trkpt lat="39.828142030164599" lon="2.90991498157382">
<ele>640</ele>
</trkpt>
<trkpt lat="39.828111017122865" lon="2.90984801016748">
<ele>639</ele>
</trkpt>
<trkpt lat="39.828072041273117" lon="2.909797970205545">
<ele>639</ele>
</trkpt>
<trkpt lat="39.827953018248081" lon="2.909624967724085">
<ele>639</ele>
</trkpt>
<trkpt lat="39.827893003821373" lon="2.909556990489364">
<ele>638</ele>
</trkpt>
<trkpt lat="39.827782027423382" lon="2.909423969686031">
<ele>638</ele>
</trkpt>
<trkpt lat="39.827767023816705" lon="2.909403014928103">
<ele>638</ele>
</trkpt>
<trkpt lat="39.827752020210028" lon="2.909273011609912">
<ele>638</ele>
</trkpt>
<trkpt lat="39.827660992741585" lon="2.909068996086717">
<ele>638</ele>
</trkpt>
<trkpt lat="39.827652024105191" lon="2.909057009965181">
<ele>637</ele>
</trkpt>
<trkpt lat="39.827525038272142" lon="2.908963970839977">
<ele>637</ele>
</trkpt>
<trkpt lat="39.827443985268474" lon="2.908907979726791">
<ele>636</ele>
</trkpt>
<trkpt lat="39.827347006648779" lon="2.908846037462354">
<ele>636</ele>
</trkpt>
<trkpt lat="39.827272994443774" lon="2.908785017207265">
<ele>637</ele>
</trkpt>
<trkpt lat="39.827218009158969" lon="2.90871100500226">
<ele>639</ele>
</trkpt>
<trkpt lat="39.827085994184017" lon="2.908553006127477">
<ele>642</ele>
</trkpt>
<trkpt lat="39.826965965330601" lon="2.908400036394596">
<ele>643</ele>
</trkpt>
<trkpt lat="39.826960014179349" lon="2.908390983939171">
<ele>644</ele>
</trkpt>
<trkpt lat="39.826841996982694" lon="2.908270033076406">
<ele>646</ele>
</trkpt>
<trkpt lat="39.826677963137627" lon="2.908218987286091">
<ele>648</ele>
</trkpt>
<trkpt lat="39.826657008379698" lon="2.908210018649697">
<ele>649</ele>
</trkpt>
<trkpt lat="39.82653396204114" lon="2.908179005607963">
<ele>650</ele>
</trkpt>
<trkpt lat="39.826432960107923" lon="2.908129971474409">
<ele>652</ele>
</trkpt>
<trkpt lat="39.826283007860184" lon="2.908036010339856">
<ele>654</ele>
</trkpt>
<trkpt lat="39.826179994270205" lon="2.907955041155219">
<ele>656</ele>
</trkpt>
<trkpt lat="39.826116040349007" lon="2.907990999519825">
<ele>657</ele>
</trkpt>
<trkpt lat="39.826046973466873" lon="2.908129971474409">
<ele>659</ele>
</trkpt>
<trkpt lat="39.826030964031816" lon="2.908154027536511">
<ele>660</ele>
</trkpt>
<trkpt lat="39.825923005118966" lon="2.908176993951201">
<ele>661</ele>
</trkpt>
<trkpt lat="39.825768023729324" lon="2.908107005059719">
<ele>663</ele>
</trkpt>
<trkpt lat="39.825658975169063" lon="2.908000973984599">
<ele>663</ele>
</trkpt>
<trkpt lat="39.825598960742354" lon="2.907964009791613">
<ele>665</ele>
</trkpt>
<trkpt lat="39.825464012101293" lon="2.907948000356555">
<ele>667</ele>
</trkpt>
<trkpt lat="39.825362004339695" lon="2.907879017293453">
<ele>668</ele>
</trkpt>
<trkpt lat="39.825338032096624" lon="2.907863007858396">
<ele>670</ele>
</trkpt>
<trkpt lat="39.825249016284943" lon="2.907771980389953">
<ele>671</ele>
</trkpt>
<trkpt lat="39.82520199380815" lon="2.907742979004979">
<ele>672</ele>
</trkpt>
<trkpt lat="39.825095040723681" lon="2.907696962356567">
<ele>673</ele>
</trkpt>
<trkpt lat="39.825035026296973" lon="2.907647006213665">
<ele>675</ele>
</trkpt>
<trkpt lat="39.824890019372106" lon="2.907451959326863">
<ele>676</ele>
</trkpt>
<trkpt lat="39.824888007715344" lon="2.907451959326863">
<ele>677</ele>
</trkpt>
<trkpt lat="39.824887001886964" lon="2.907452965155244">
<ele>680</ele>
</trkpt>
<trkpt lat="39.824865963310003" lon="2.907354980707169">
<ele>678</ele>
</trkpt>
<trkpt lat="39.824849031865597" lon="2.907198993489146">
<ele>677</ele>
</trkpt>
<trkpt lat="39.824821958318353" lon="2.907039988785982">
<ele>676</ele>
</trkpt>
<trkpt lat="39.824812989681959" lon="2.906977962702513">
<ele>675</ele>
</trkpt>
<trkpt lat="39.824763033539057" lon="2.906789034605026">
<ele>675</ele>
</trkpt>
<trkpt lat="39.824654990807176" lon="2.906557023525238">
<ele>674</ele>
</trkpt>
<trkpt lat="39.824633030220866" lon="2.906501032412052">
<ele>673</ele>
</trkpt>
<trkpt lat="39.824462039396167" lon="2.906200960278511">
<ele>675</ele>
</trkpt>
<trkpt lat="39.824442006647587" lon="2.906161984428763">
<ele>676</ele>
</trkpt>
<trkpt lat="39.824377968907356" lon="2.905971966683865">
<ele>676</ele>
</trkpt>
<trkpt lat="39.824358019977808" lon="2.905947994440794">
<ele>677</ele>
</trkpt>
<trkpt lat="39.824307980015874" lon="2.905806005001068">
<ele>678</ele>
</trkpt>
<trkpt lat="39.824287025257945" lon="2.905639037489891">
<ele>679</ele>
</trkpt>
<trkpt lat="39.824219970032573" lon="2.905482966452837">
<ele>680</ele>
</trkpt>
<trkpt lat="39.824151992797852" lon="2.905390011146665">
<ele>680</ele>
</trkpt>
<trkpt lat="39.824088960886002" lon="2.905216002836824">
<ele>681</ele>
</trkpt>
<trkpt lat="39.824057025834918" lon="2.905183983966708">
<ele>683</ele>
</trkpt>
<trkpt lat="39.824026012793183" lon="2.905131010338664">
<ele>683</ele>
</trkpt>
<trkpt lat="39.82393397949636" lon="2.905031014233828">
<ele>682</ele>
</trkpt>
<trkpt lat="39.823876982554793" lon="2.904954990372062">
<ele>682</ele>
</trkpt>
<trkpt lat="39.823806993663311" lon="2.904830016195774">
<ele>682</ele>
</trkpt>
<trkpt lat="39.823797019198537" lon="2.904789028689265">
<ele>682</ele>
</trkpt>
<trkpt lat="39.823753014206886" lon="2.904687020927668">
<ele>681</ele>
</trkpt>
<trkpt lat="39.82363399118185" lon="2.904543019831181">
<ele>681</ele>
</trkpt>
<trkpt lat="39.823569031432271" lon="2.90443598292768">
<ele>681</ele>
</trkpt>
<trkpt lat="39.823498958721757" lon="2.904296005144715">
<ele>681</ele>
</trkpt>
<trkpt lat="39.823457971215248" lon="2.904252000153065">
<ele>681</ele>
</trkpt>
<trkpt lat="39.823340037837625" lon="2.904178993776441">
<ele>680</ele>
</trkpt>
<trkpt lat="39.823276000097394" lon="2.904181005433202">
<ele>680</ele>
</trkpt>
<trkpt lat="39.823190001770854" lon="2.904205983504653">
<ele>680</ele>
</trkpt>
<trkpt lat="39.82305396348238" lon="2.904174970462918">
<ele>680</ele>
</trkpt>
<trkpt lat="39.822940975427628" lon="2.904261974617839">
<ele>680</ele>
</trkpt>
<trkpt lat="39.822897976264358" lon="2.904259040951729">
<ele>681</ele>
</trkpt>
<trkpt lat="39.822845002636313" lon="2.904225010424852">
<ele>682</ele>
</trkpt>
<trkpt lat="39.822714999318123" lon="2.904286030679941">
<ele>682</ele>
</trkpt>
<trkpt lat="39.822520958259702" lon="2.90428401902318">
<ele>682</ele>
</trkpt>
<trkpt lat="39.822479970753193" lon="2.90430698543787">
<ele>682</ele>
</trkpt>
<trkpt lat="39.822362037375569" lon="2.904377980157733">
<ele>682</ele>
</trkpt>
<trkpt lat="39.822351979091763" lon="2.904377980157733">
<ele>683</ele>
</trkpt>
<trkpt lat="39.822218958288431" lon="2.904368005692959">
<ele>683</ele>
</trkpt>
<trkpt lat="39.82206498272717" lon="2.904448974877596">
<ele>683</ele>
</trkpt>
<trkpt lat="39.822050984948874" lon="2.904414022341371">
<ele>683</ele>
</trkpt>
<trkpt lat="39.822050984948874" lon="2.904414022341371">
<ele>685</ele>
</trkpt>
<trkpt lat="39.822037992998958" lon="2.90441301651299">
<ele>685</ele>
</trkpt>
<trkpt lat="39.822036987170577" lon="2.904423996806145">
<ele>685</ele>
</trkpt>
<trkpt lat="39.822036987170577" lon="2.904423996806145">
<ele>686</ele>
</trkpt>
<trkpt lat="39.822037992998958" lon="2.904418967664242">
<ele>686</ele>
</trkpt>
<trkpt lat="39.822032963857055" lon="2.90439298376441">
<ele>684</ele>
</trkpt>
<trkpt lat="39.821899021044374" lon="2.904197014868259">
<ele>682</ele>
</trkpt>
<trkpt lat="39.821830959990621" lon="2.904144041240215">
<ele>680</ele>
</trkpt>
<trkpt lat="39.821735993027687" lon="2.904084026813507">
<ele>679</ele>
</trkpt>
<trkpt lat="39.821658041328192" lon="2.904027029871941">
<ele>676</ele>
</trkpt>
<trkpt lat="39.821524014696479" lon="2.903914041817188">
<ele>675</ele>
</trkpt>
<trkpt lat="39.821457965299487" lon="2.903861990198493">
<ele>674</ele>
</trkpt>
<trkpt lat="39.821396023035049" lon="2.903776997700334">
<ele>672</ele>
</trkpt>
<trkpt lat="39.821412032470107" lon="2.903717989102006">
<ele>671</ele>
</trkpt>
<trkpt lat="39.821416977792978" lon="2.903690999373794">
<ele>671</ele>
</trkpt>
<trkpt lat="39.821345983073115" lon="2.90350902825594">
<ele>669</ele>
</trkpt>
<trkpt lat="39.821280017495155" lon="2.903476003557444">
<ele>668</ele>
</trkpt>
<trkpt lat="39.821234000846744" lon="2.903620004653931">
<ele>667</ele>
</trkpt>
<trkpt lat="39.821148002520204" lon="2.903702985495329">
<ele>665</ele>
</trkpt>
<trkpt lat="39.821068039163947" lon="2.903802981600165">
<ele>665</ele>
</trkpt>
<trkpt lat="39.820963013917208" lon="2.903916975483298">
<ele>664</ele>
</trkpt>
<trkpt lat="39.820878021419048" lon="2.903959974646568">
<ele>662</ele>
</trkpt>
<trkpt lat="39.820758998394012" lon="2.90400599129498">
<ele>660</ele>
</trkpt>
<trkpt lat="39.82071097008884" lon="2.904033986851573">
<ele>658</ele>
</trkpt>
<trkpt lat="39.820612985640764" lon="2.90402602404356">
<ele>654</ele>
</trkpt>
<trkpt lat="39.820520030334592" lon="2.904022000730038">
<ele>653</ele>
</trkpt>
<trkpt lat="39.820438977330923" lon="2.904034992679954">
<ele>651</ele>
</trkpt>
<trkpt lat="39.820253988727927" lon="2.904033986851573">
<ele>648</ele>
</trkpt>
<trkpt lat="39.820161033421755" lon="2.904029041528702">
<ele>646</ele>
</trkpt>
<trkpt lat="39.820076962932944" lon="2.904009008780122">
<ele>643</ele>
</trkpt>
<trkpt lat="39.820002028718591" lon="2.904000040143728">
<ele>640</ele>
</trkpt>
<trkpt lat="39.81982802040875" lon="2.903870036825538">
<ele>638</ele>
</trkpt>
<trkpt lat="39.819757025688887" lon="2.903842041268945">
<ele>636</ele>
</trkpt>
<trkpt lat="39.819606989622116" lon="2.903828965499997">
<ele>634</ele>
</trkpt>
<trkpt lat="39.819572037085891" lon="2.903842963278294">
<ele>631</ele>
</trkpt>
<trkpt lat="39.819473968818784" lon="2.90385696105659">
<ele>629</ele>
</trkpt>
<trkpt lat="39.81940196827054" lon="2.903898032382131">
<ele>627</ele>
</trkpt>
<trkpt lat="39.819311024621129" lon="2.903957962989807">
<ele>624</ele>
</trkpt>
<trkpt lat="39.819194013252854" lon="2.904033986851573">
<ele>622</ele>
</trkpt>
<trkpt lat="39.819136010482907" lon="2.904043961316347">
<ele>621</ele>
</trkpt>
<trkpt lat="39.818984968587756" lon="2.904009008780122">
<ele>618</ele>
</trkpt>
<trkpt lat="39.818888995796442" lon="2.903968021273613">
<ele>616</ele>
</trkpt>
<trkpt lat="39.818812971934676" lon="2.903904989361763">
<ele>614</ele>
</trkpt>
<trkpt lat="39.818718004971743" lon="2.903827037662268">
<ele>612</ele>
</trkpt>
<trkpt lat="39.818591019138694" lon="2.903784960508347">
<ele>610</ele>
</trkpt>
<trkpt lat="39.818491023033857" lon="2.903707008808851">
<ele>609</ele>
</trkpt>
<trkpt lat="39.818419022485614" lon="2.903603995218873">
<ele>606</ele>
</trkpt>
<trkpt lat="39.818399995565414" lon="2.903564013540745">
<ele>603</ele>
</trkpt>
<trkpt lat="39.818505020812154" lon="2.90342403575778">
<ele>601</ele>
</trkpt>
<trkpt lat="39.818634018301964" lon="2.903390005230904">
<ele>599</ele>
</trkpt>
<trkpt lat="39.818701995536685" lon="2.903362009674311">
<ele>597</ele>
</trkpt>
<trkpt lat="39.81883903965354" lon="2.903287997469306">
<ele>597</ele>
</trkpt>
<trkpt lat="39.818937024101615" lon="2.90323200635612">
<ele>595</ele>
</trkpt>
<trkpt lat="39.81897197663784" lon="2.90310200303793">
<ele>596</ele>
</trkpt>
<trkpt lat="39.819010030478239" lon="2.90295297279954">
<ele>595</ele>
</trkpt>
<trkpt lat="39.819026961922646" lon="2.902835039421916">
<ele>594</ele>
</trkpt>
<trkpt lat="39.819030985236168" lon="2.902831016108394">
<ele>594</ele>
</trkpt>
<trkpt lat="39.819030985236168" lon="2.902831016108394">
<ele>593</ele>
</trkpt>
<trkpt lat="39.819030985236168" lon="2.902831016108394">
<ele>592</ele>
</trkpt>
<trkpt lat="39.819030985236168" lon="2.902831016108394">
<ele>591</ele>
</trkpt>
<trkpt lat="39.819030985236168" lon="2.902831016108394">
<ele>591</ele>
</trkpt>
<trkpt lat="39.819043977186084" lon="2.902809977531433">
<ele>589</ele>
</trkpt>
<trkpt lat="39.81905797496438" lon="2.902753986418247">
<ele>587</ele>
</trkpt>
<trkpt lat="39.819126036018133" lon="2.902579978108406">
<ele>584</ele>
</trkpt>
<trkpt lat="39.819124024361372" lon="2.902488028630614">
<ele>582</ele>
</trkpt>
<trkpt lat="39.819128969684243" lon="2.902367999777198">
<ele>580</ele>
</trkpt>
<trkpt lat="39.819155959412456" lon="2.902280995622277">
<ele>578</ele>
</trkpt>
<trkpt lat="39.819009024649858" lon="2.902349978685379">
<ele>578</ele>
</trkpt>
<trkpt lat="39.818911962211132" lon="2.902515018358827">
<ele>579</ele>
</trkpt>
<trkpt lat="39.818911962211132" lon="2.902515018358827">
<ele>580</ele>
</trkpt>
<trkpt lat="39.81879897415638" lon="2.902576038613915">
<ele>580</ele>
</trkpt>
<trkpt lat="39.818687997758389" lon="2.902638986706734">
<ele>580</ele>
</trkpt>
<trkpt lat="39.818480964750051" lon="2.902689026668668">
<ele>580</ele>
</trkpt>
<trkpt lat="39.818330006673932" lon="2.902681985870004">
<ele>580</ele>
</trkpt>
<trkpt lat="39.818305028602481" lon="2.90267301723361">
<ele>581</ele>
</trkpt>
<trkpt lat="39.818191034719348" lon="2.902578972280026">
<ele>581</ele>
</trkpt>
<trkpt lat="39.818106964230537" lon="2.902488028630614">
<ele>581</ele>
</trkpt>
<trkpt lat="39.818018032237887" lon="2.902403958141804">
<ele>580</ele>
</trkpt>
<trkpt lat="39.817899009212852" lon="2.902338998392224">
<ele>579</ele>
</trkpt>
<trkpt lat="39.81783396564424" lon="2.902304967865348">
<ele>578</ele>
</trkpt>
<trkpt lat="39.817754002287984" lon="2.902196003124118">
<ele>577</ele>
</trkpt>
<trkpt lat="39.817670015618205" lon="2.902111010625958">
<ele>578</ele>
</trkpt>
<trkpt lat="39.817610001191497" lon="2.902024006471038">
<ele>577</ele>
</trkpt>
<trkpt lat="39.817545963451266" lon="2.9019879642874">
<ele>576</ele>
</trkpt>
<trkpt lat="39.817436998710036" lon="2.901903977617621">
<ele>575</ele>
</trkpt>
<trkpt lat="39.817398022860289" lon="2.901904983446002">
<ele>574</ele>
</trkpt>
<trkpt lat="39.817326022312045" lon="2.901838012039661">
<ele>573</ele>
</trkpt>
<trkpt lat="39.817168023437262" lon="2.901734998449683">
<ele>572</ele>
</trkpt>
<trkpt lat="39.817113038152456" lon="2.901656962931156">
<ele>570</ele>
</trkpt>
<trkpt lat="39.817031985148787" lon="2.901553027331829">
<ele>569</ele>
</trkpt>
<trkpt lat="39.817023016512394" lon="2.901543974876404">
<ele>568</ele>
</trkpt>
<trkpt lat="39.816969959065318" lon="2.901414977386594">
<ele>566</ele>
</trkpt>
<trkpt lat="39.81695001013577" lon="2.90138497017324">
<ele>565</ele>
</trkpt>
<trkpt lat="39.8168879840523" lon="2.90127701126039">
<ele>564</ele>
</trkpt>
<trkpt lat="39.816862000152469" lon="2.90119101293385">
<ele>564</ele>
</trkpt>
<trkpt lat="39.81667198240757" lon="2.900978028774262">
<ele>562</ele>
</trkpt>
<trkpt lat="39.816682962700725" lon="2.900925977155566">
<ele>561</ele>
</trkpt>
<trkpt lat="39.816699977964163" lon="2.900927988812327">
<ele>559</ele>
</trkpt>
<trkpt lat="39.816731996834278" lon="2.900837967172265">
<ele>557</ele>
</trkpt>
<trkpt lat="39.816661002114415" lon="2.900716010481119">
<ele>557</ele>
</trkpt>
<trkpt lat="39.816659996286035" lon="2.900680974125862">
<ele>556</ele>
</trkpt>
<trkpt lat="39.816635018214583" lon="2.900428008288145">
<ele>555</ele>
</trkpt>
<trkpt lat="39.816682040691376" lon="2.900403030216694">
<ele>554</ele>
</trkpt>
<trkpt lat="39.816755969077349" lon="2.900399006903172">
<ele>553</ele>
</trkpt>
<trkpt lat="39.8166289832443" lon="2.900213012471795">
<ele>552</ele>
</trkpt>
<trkpt lat="39.816594030708075" lon="2.900175964459777">
<ele>551</ele>
</trkpt>
<trkpt lat="39.816517001017928" lon="2.900047972798348">
<ele>550</ele>
</trkpt>
<trkpt lat="39.816514989361167" lon="2.900001034140587">
<ele>549</ele>
</trkpt>
<trkpt lat="39.816450029611588" lon="2.899891985580325">
<ele>548</ele>
</trkpt>
<trkpt lat="39.816382974386215" lon="2.899749996140599">
<ele>547</ele>
</trkpt>
<trkpt lat="39.816333018243313" lon="2.899570958688855">
<ele>546</ele>
</trkpt>
<trkpt lat="39.816281972452998" lon="2.899458976462483">
<ele>545</ele>
</trkpt>
<trkpt lat="39.816248025745153" lon="2.899402985349298">
<ele>543</ele>
</trkpt>
<trkpt lat="39.816167978569865" lon="2.899270970374346">
<ele>542</ele>
</trkpt>
<trkpt lat="39.816178036853671" lon="2.899195030331612">
<ele>541</ele>
</trkpt>
<trkpt lat="39.816101007163525" lon="2.898947009816766">
<ele>540</ele>
</trkpt>
<trkpt lat="39.81609103269875" lon="2.898889007046819">
<ele>540</ele>
</trkpt>
<trkpt lat="39.816076029092073" lon="2.898661019280553">
<ele>539</ele>
</trkpt>
<trkpt lat="39.816078040748835" lon="2.898649033159018">
<ele>538</ele>
</trkpt>
<trkpt lat="39.816095978021622" lon="2.898546019569039">
<ele>538</ele>
</trkpt>
<trkpt lat="39.816140988841653" lon="2.898330017924309">
<ele>538</ele>
</trkpt>
<trkpt lat="39.816126991063356" lon="2.898314008489251">
<ele>537</ele>
</trkpt>
<trkpt lat="39.816106036305428" lon="2.898295987397432">
<ele>535</ele>
</trkpt>
<trkpt lat="39.816131014376879" lon="2.898015026003122">
<ele>534</ele>
</trkpt>
<trkpt lat="39.816116010770202" lon="2.897850992158055">
<ele>534</ele>
</trkpt>
<trkpt lat="39.816108969971538" lon="2.897825008258224">
<ele>533</ele>
</trkpt>
<trkpt lat="39.816076029092073" lon="2.897699028253555">
<ele>533</ele>
</trkpt>
<trkpt lat="39.816087009385228" lon="2.897674972191453">
<ele>532</ele>
</trkpt>
<trkpt lat="39.816105030477047" lon="2.897536000236869">
<ele>531</ele>
</trkpt>
<trkpt lat="39.816103018820286" lon="2.897471962496638">
<ele>531</ele>
</trkpt>
<trkpt lat="39.816105030477047" lon="2.897450001910329">
<ele>530</ele>
</trkpt>
<trkpt lat="39.816100001335144" lon="2.897241963073611">
<ele>530</ele>
</trkpt>
<trkpt lat="39.816110981628299" lon="2.897178009152412">
<ele>529</ele>
</trkpt>
<trkpt lat="39.81617703102529" lon="2.896977011114359">
<ele>529</ele>
</trkpt>
<trkpt lat="39.816202009096742" lon="2.896925965324044">
<ele>528</ele>
</trkpt>
<trkpt lat="39.816276021301746" lon="2.896747011691332">
<ele>528</ele>
</trkpt>
<trkpt lat="39.816293036565185" lon="2.896709041669965">
<ele>527</ele>
</trkpt>
<trkpt lat="39.816374005749822" lon="2.896493040025234">
<ele>526</ele>
</trkpt>
<trkpt lat="39.816410969942808" lon="2.896450962871313">
<ele>525</ele>
</trkpt>
<trkpt lat="39.816402001306415" lon="2.896304028108716">
<ele>524</ele>
</trkpt>
<trkpt lat="39.816403007134795" lon="2.89624703116715">
<ele>524</ele>
</trkpt>
<trkpt lat="39.816393032670021" lon="2.896194979548454">
<ele>523</ele>
</trkpt>
<trkpt lat="39.816407030448318" lon="2.895959028974176">
<ele>522</ele>
</trkpt>
<trkpt lat="39.816408036276698" lon="2.895877975970507">
<ele>522</ele>
</trkpt>
<trkpt lat="39.816446006298065" lon="2.895745960995555">
<ele>522</ele>
</trkpt>
<trkpt lat="39.816474001854658" lon="2.8955830167979">
<ele>521</ele>
</trkpt>
<trkpt lat="39.816561006009579" lon="2.895267019048333">
<ele>522</ele>
</trkpt>
<trkpt lat="39.816558994352818" lon="2.895242040976882">
<ele>522</ele>
</trkpt>
<trkpt lat="39.816553965210915" lon="2.895182026550174">
<ele>522</ele>
</trkpt>
<trkpt lat="39.816455980762839" lon="2.895170962437987">
<ele>522</ele>
</trkpt>
<trkpt lat="39.8164579924196" lon="2.895108014345169">
<ele>521</ele>
</trkpt>
<trkpt lat="39.81647802516818" lon="2.8950269613415">
<ele>521</ele>
</trkpt>
<trkpt lat="39.816519012674689" lon="2.89483099244535">
<ele>521</ele>
</trkpt>
<trkpt lat="39.816558994352818" lon="2.894648015499115">
<ele>520</ele>
</trkpt>
<trkpt lat="39.816582966595888" lon="2.89448699913919">
<ele>520</ele>
</trkpt>
<trkpt lat="39.816636024042964" lon="2.894299998879433">
<ele>519</ele>
</trkpt>
<trkpt lat="39.816637029871345" lon="2.894275020807982">
<ele>519</ele>
</trkpt>
<trkpt lat="39.816682962700725" lon="2.894047033041716">
<ele>519</ele>
</trkpt>
<trkpt lat="39.816698972135782" lon="2.894023982807994">
<ele>518</ele>
</trkpt>
<trkpt lat="39.816769966855645" lon="2.893895991146565">
<ele>519</ele>
</trkpt>
<trkpt lat="39.816679023206234" lon="2.893711002543569">
<ele>518</ele>
</trkpt>
<trkpt lat="39.816680029034615" lon="2.893683006986976">
<ele>518</ele>
</trkpt>
<trkpt lat="39.816683968529105" lon="2.89334898814559">
<ele>518</ele>
</trkpt>
<trkpt lat="39.816706012934446" lon="2.893227031454444">
<ele>519</ele>
</trkpt>
<trkpt lat="39.816742977127433" lon="2.893079007044435">
<ele>519</ele>
</trkpt>
<trkpt lat="39.816797962412238" lon="2.892994014546275">
<ele>520</ele>
</trkpt>
<trkpt lat="39.816891001537442" lon="2.892972975969315">
<ele>520</ele>
</trkpt>
<trkpt lat="39.817065009847283" lon="2.893015975132585">
<ele>520</ele>
</trkpt>
<trkpt lat="39.817169029265642" lon="2.892913967370987">
<ele>521</ele>
</trkpt>
<trkpt lat="39.817240023985505" lon="2.892752029001713">
<ele>521</ele>
</trkpt>
<trkpt lat="39.817243963479996" lon="2.892734007909894">
<ele>522</ele>
</trkpt>
<trkpt lat="39.817281011492014" lon="2.892561005428433">
<ele>522</ele>
</trkpt>
<trkpt lat="39.817326022312045" lon="2.892449023202062">
<ele>524</ele>
</trkpt>
<trkpt lat="39.81738100759685" lon="2.892288006842136">
<ele>526</ele>
</trkpt>
<trkpt lat="39.817512016743422" lon="2.892120033502579">
<ele>527</ele>
</trkpt>
<trkpt lat="39.817547975108027" lon="2.892095977440476">
<ele>528</ele>
</trkpt>
<trkpt lat="39.817643025889993" lon="2.892036968842149">
<ele>529</ele>
</trkpt>
<trkpt lat="39.817708991467953" lon="2.892011990770698">
<ele>531</ele>
</trkpt>
<trkpt lat="39.817829020321369" lon="2.891924986615777">
<ele>532</ele>
</trkpt>
<trkpt lat="39.817875036969781" lon="2.891895985230804">
<ele>533</ele>
</trkpt>
<trkpt lat="39.817972015589476" lon="2.891874024644494">
<ele>535</ele>
</trkpt>
<trkpt lat="39.81802498921752" lon="2.891882993280888">
<ele>536</ele>
</trkpt>
<trkpt lat="39.818221963942051" lon="2.891943007707596">
<ele>537</ele>
</trkpt>
<trkpt lat="39.818370994180441" lon="2.891990030184388">
<ele>538</ele>
</trkpt>
<trkpt lat="39.8184750135988" lon="2.89199598133564">
<ele>538</ele>
</trkpt>
<trkpt lat="39.818557994440198" lon="2.891988018527627">
<ele>540</ele>
</trkpt>
<trkpt lat="39.818517006933689" lon="2.891915012151003">
<ele>541</ele>
</trkpt>
<trkpt lat="39.818570986390114" lon="2.891678977757692">
<ele>542</ele>
</trkpt>
<trkpt lat="39.818572998046875" lon="2.891681995242834">
<ele>543</ele>
</trkpt>
<trkpt lat="39.818574003875256" lon="2.891674032434821">
<ele>543</ele>
</trkpt>
<trkpt lat="39.818575009703636" lon="2.891667997464538">
<ele>544</ele>
</trkpt>
<trkpt lat="39.818571992218494" lon="2.891665985807777">
<ele>545</ele>
</trkpt>
<trkpt lat="39.818576015532017" lon="2.891665985807777">
<ele>543</ele>
</trkpt>
<trkpt lat="39.818569980561733" lon="2.891674032434821">
<ele>541</ele>
</trkpt>
<trkpt lat="39.818600993603468" lon="2.891615023836494">
<ele>540</ele>
</trkpt>
<trkpt lat="39.818663019686937" lon="2.891644025221467">
<ele>538</ele>
</trkpt>
<trkpt lat="39.818769972771406" lon="2.891756007447839">
<ele>535</ele>
</trkpt>
<trkpt lat="39.818879021331668" lon="2.891811998561025">
<ele>533</ele>
</trkpt>
<trkpt lat="39.818873992189765" lon="2.891718037426472">
<ele>531</ele>
</trkpt>
<trkpt lat="39.818837027996778" lon="2.891645031049848">
<ele>529</ele>
</trkpt>
<trkpt lat="39.818815989419818" lon="2.891568001359701">
<ele>528</ele>
</trkpt>
<trkpt lat="39.818880027160048" lon="2.891622986644507">
<ele>526</ele>
</trkpt>
<trkpt lat="39.818943981081247" lon="2.891702027991414">
<ele>524</ele>
</trkpt>
<trkpt lat="39.818953033536673" lon="2.891743015497923">
<ele>523</ele>
</trkpt>
<trkpt lat="39.818965019658208" lon="2.891646036878228">
<ele>519</ele>
</trkpt>
<trkpt lat="39.818958984687924" lon="2.891621980816126">
<ele>518</ele>
</trkpt>
<trkpt lat="39.818908022716641" lon="2.891411008313298">
<ele>517</ele>
</trkpt>
<trkpt lat="39.818869968876243" lon="2.891376977786422">
<ele>516</ele>
</trkpt>
<trkpt lat="39.818796962499619" lon="2.891301037743688">
<ele>515</ele>
</trkpt>
<trkpt lat="39.81877600774169" lon="2.891248986124992">
<ele>512</ele>
</trkpt>
<trkpt lat="39.819043977186084" lon="2.891334984451532">
<ele>511</ele>
</trkpt>
<trkpt lat="39.819117989391088" lon="2.89137102663517">
<ele>510</ele>
</trkpt>
<trkpt lat="39.819221002981067" lon="2.891387036070228">
<ele>508</ele>
</trkpt>
<trkpt lat="39.819284034892917" lon="2.891388963907957">
<ele>506</ele>
</trkpt>
<trkpt lat="39.819347988814116" lon="2.891382006928325">
<ele>505</ele>
</trkpt>
<trkpt lat="39.819433987140656" lon="2.891289973631501">
<ele>503</ele>
</trkpt>
<trkpt lat="39.81944396160543" lon="2.891275975853205">
<ele>501</ele>
</trkpt>
<trkpt lat="39.819411020725965" lon="2.891155024990439">
<ele>500</ele>
</trkpt>
<trkpt lat="39.819400040432811" lon="2.891038013622165">
<ele>498</ele>
</trkpt>
<trkpt lat="39.819333991035819" lon="2.890961989760399">
<ele>497</ele>
</trkpt>
<trkpt lat="39.819333991035819" lon="2.890961989760399">
<ele>495</ele>
</trkpt>
<trkpt lat="39.819395011290908" lon="2.890688991174102">
<ele>492</ele>
</trkpt>
<trkpt lat="39.819447984918952" lon="2.890620008111">
<ele>490</ele>
</trkpt>
<trkpt lat="39.819518979638815" lon="2.890497967600822">
<ele>489</ele>
</trkpt>
<trkpt lat="39.819612018764019" lon="2.890420015901327">
<ele>488</ele>
</trkpt>
<trkpt lat="39.819741016253829" lon="2.890288000926375">
<ele>487</ele>
</trkpt>
<trkpt lat="39.819833971560001" lon="2.890203008428216">
<ele>486</ele>
</trkpt>
<trkpt lat="39.819931033998728" lon="2.890111980959773">
<ele>485</ele>
</trkpt>
<trkpt lat="39.819991970434785" lon="2.890032017603517">
<ele>485</ele>
</trkpt>
<trkpt lat="39.820047961547971" lon="2.889956999570131">
<ele>485</ele>
</trkpt>
<trkpt lat="39.820107975974679" lon="2.889869995415211">
<ele>483</ele>
</trkpt>
<trkpt lat="39.820277960970998" lon="2.88967302069068">
<ele>483</ele>
</trkpt>
<trkpt lat="39.820304028689861" lon="2.889634966850281">
<ele>483</ele>
</trkpt>
<trkpt lat="39.820389021188021" lon="2.889569001272321">
<ele>483</ele>
</trkpt>
<trkpt lat="39.820412993431091" lon="2.889551986008883">
<ele>483</ele>
</trkpt>
<trkpt lat="39.820507960394025" lon="2.889463976025581">
<ele>481</ele>
</trkpt>
<trkpt lat="39.820612985640764" lon="2.889313017949462">
<ele>481</ele>
</trkpt>
<trkpt lat="39.820665037259459" lon="2.889221990481019">
<ele>481</ele>
</trkpt>
<trkpt lat="39.820765033364296" lon="2.889064997434616">
<ele>480</ele>
</trkpt>
<trkpt lat="39.820789005607367" lon="2.88903096690774">
<ele>480</ele>
</trkpt>
<trkpt lat="39.820939041674137" lon="2.888829968869686">
<ele>479</ele>
</trkpt>
<trkpt lat="39.820983968675137" lon="2.888748999685049">
<ele>479</ele>
</trkpt>
<trkpt lat="39.821107015013695" lon="2.888567028567195">
<ele>479</ele>
</trkpt>
<trkpt lat="39.821149008348584" lon="2.888505002483726">
<ele>479</ele>
</trkpt>
<trkpt lat="39.821253027766943" lon="2.888324959203601">
<ele>479</ele>
</trkpt>
<trkpt lat="39.821330979466438" lon="2.888134019449353">
<ele>478</ele>
</trkpt>
<trkpt lat="39.821410020813346" lon="2.887931009754539">
<ele>478</ele>
</trkpt>
<trkpt lat="39.821472968906164" lon="2.88778499700129">
<ele>477</ele>
</trkpt>
<trkpt lat="39.821499958634377" lon="2.887726994231343">
<ele>477</ele>
</trkpt>
<trkpt lat="39.821581011638045" lon="2.887511998414993">
<ele>477</ele>
</trkpt>
<trkpt lat="39.821590986102819" lon="2.887486014515162">
<ele>477</ele>
</trkpt>
<trkpt lat="39.821733981370926" lon="2.887243023142219">
<ele>477</ele>
</trkpt>
<trkpt lat="39.821742027997971" lon="2.887230031192303">
<ele>477</ele>
</trkpt>
<trkpt lat="39.821792989969254" lon="2.887129029259086">
<ele>477</ele>
</trkpt>
<trkpt lat="39.821822997182608" lon="2.887070020660758">
<ele>477</ele>
</trkpt>
<trkpt lat="39.821770023554564" lon="2.886901963502169">
<ele>476</ele>
</trkpt>
<trkpt lat="39.821754014119506" lon="2.886872040107846">
<ele>476</ele>
</trkpt>
<trkpt lat="39.821670027449727" lon="2.886738013476133">
<ele>476</ele>
</trkpt>
<trkpt lat="39.821557039394975" lon="2.886489992961288">
<ele>476</ele>
</trkpt>
<trkpt lat="39.821544969454408" lon="2.886455040425062">
<ele>477</ele>
</trkpt>
<trkpt lat="39.821431981399655" lon="2.886226968839765">
<ele>477</ele>
</trkpt>
<trkpt lat="39.821409014984965" lon="2.886176006868482">
<ele>477</ele>
</trkpt>
<trkpt lat="39.821349000558257" lon="2.886051032692194">
<ele>477</ele>
</trkpt>
<trkpt lat="39.821282029151917" lon="2.885903008282185">
<ele>478</ele>
</trkpt>
<trkpt lat="39.821249004453421" lon="2.885843999683857">
<ele>477</ele>
</trkpt>
<trkpt lat="39.821186978369951" lon="2.885694969445467">
<ele>477</ele>
</trkpt>
<trkpt lat="39.821165017783642" lon="2.885654987767339">
<ele>478</ele>
</trkpt>
<trkpt lat="39.821082036942244" lon="2.885515009984374">
<ele>478</ele>
</trkpt>
<trkpt lat="39.820992015302181" lon="2.88533303886652">
<ele>478</ele>
</trkpt>
<trkpt lat="39.820920014753938" lon="2.885166993364692">
<ele>479</ele>
</trkpt>
<trkpt lat="39.820844996720552" lon="2.884945962578058">
<ele>479</ele>
</trkpt>
<trkpt lat="39.820800991728902" lon="2.884782012552023">
<ele>479</ele>
</trkpt>
<trkpt lat="39.82079797424376" lon="2.884768014773727">
<ele>479</ele>
</trkpt>
<trkpt lat="39.820722034201026" lon="2.884702971205115">
<ele>479</ele>
</trkpt>
<trkpt lat="39.82053997926414" lon="2.884622002020478">
<ele>479</ele>
</trkpt>
<trkpt lat="39.82053997926414" lon="2.884622002020478">
<ele>479</ele>
</trkpt>
<trkpt lat="39.82053997926414" lon="2.884624013677239">
<ele>480</ele>
</trkpt>
<trkpt lat="39.82053997926414" lon="2.884624013677239">
<ele>480</ele>
</trkpt>
</trkseg>
</trk>
</gpx>
