<?xml version="1.0" encoding="UTF-8"?>
<gpx version="1.1"
creator="Smartprofil-Office - http://www.rother.de"
xmlns:xsi="http://www.w3.org/2001/XMLSchema-instance"
xmlns="http://www.topografix.com/GPX/1/1"
xsi:schemaLocation="http://www.topografix.com/GPX/1/1 http://www.topografix.com/GPX/1/1/gpx.xsd">
<metadata>

<bounds minlat="39.746339013800025" minlon="2.640842981636524" maxlat="39.797769030556083" maxlon="2.696864018216729"/>
</metadata>
<wpt lat="39.797768024727702" lon="2.695189984515309">
<ele>2</ele>
<name>27_Port de Sóller (1)</name>
<cmt></cmt>
<desc></desc>
<sym>Crossing</sym>
</wpt>

<wpt lat="39.785164995118976" lon="2.695950977504253">
<ele>16</ele>
<name>27_GR-221 (2)</name>
<cmt></cmt>
<desc></desc>
<sym>Crossing</sym>
</wpt>

<wpt lat="39.784948993474245" lon="2.680637994781137">
<ele>185</ele>
<name>27_Muleta Gran (3)</name>
<cmt></cmt>
<desc></desc>
<sym>Crossing</sym>
</wpt>

<wpt lat="39.771555969491601" lon="2.676259959116578">
<ele>240</ele>
<name>27_Finca Son Mico (4)</name>
<cmt></cmt>
<desc></desc>
<sym>Crossing</sym>
</wpt>

<wpt lat="39.764578035101295" lon="2.661225004121661">
<ele>269</ele>
<name>27_Finca Son Coll (5)</name>
<cmt></cmt>
<desc></desc>
<sym>Crossing</sym>
</wpt>

<wpt lat="39.765184968709946" lon="2.653951020911336">
<ele>87</ele>
<name>27_Llucalcari (6)</name>
<cmt></cmt>
<desc></desc>
<sym>Crossing</sym>
</wpt>

<wpt lat="39.760130010545254" lon="2.641572961583734">
<ele>0</ele>
<name>27_Cala de Deià (7)</name>
<cmt></cmt>
<desc></desc>
<sym>Crossing</sym>
</wpt>

<wpt lat="39.746339013800025" lon="2.645703982561827">
<ele>128</ele>
<name>27_Refugi Can Boi (8)</name>
<cmt></cmt>
<desc></desc>
<sym>Crossing</sym>
</wpt>

<wpt lat="39.748647976666689" lon="2.648958005011082">
<ele>160</ele>
<name>27_Deià (9)</name>
<cmt></cmt>
<desc></desc>
<sym>Crossing</sym>
</wpt>

<trk>
<name>Mal_27_Soller-Dei</name>
<trkseg>
<trkpt lat="39.797768024727702" lon="2.695189984515309">
<ele>2</ele>
</trkpt>
<trkpt lat="39.797769030556083" lon="2.69519099034369">
<ele>2</ele>
</trkpt>
<trkpt lat="39.797769030556083" lon="2.69519099034369">
<ele>2</ele>
</trkpt>
<trkpt lat="39.797769030556083" lon="2.69519099034369">
<ele>2</ele>
</trkpt>
<trkpt lat="39.797705998644233" lon="2.695425013080239">
<ele>2</ele>
</trkpt>
<trkpt lat="39.797638021409512" lon="2.695626011118293">
<ele>3</ele>
</trkpt>
<trkpt lat="39.797582030296326" lon="2.695688959211111">
<ele>3</ele>
</trkpt>
<trkpt lat="39.797505000606179" lon="2.695805970579386">
<ele>3</ele>
</trkpt>
<trkpt lat="39.797455966472626" lon="2.695890041068196">
<ele>3</ele>
</trkpt>
<trkpt lat="39.797380026429892" lon="2.695962963625789">
<ele>3</ele>
</trkpt>
<trkpt lat="39.797238958999515" lon="2.696056002750993">
<ele>3</ele>
</trkpt>
<trkpt lat="39.797193026170135" lon="2.696104031056166">
<ele>3</ele>
</trkpt>
<trkpt lat="39.797096969559789" lon="2.696143006905913">
<ele>3</ele>
</trkpt>
<trkpt lat="39.796903012320399" lon="2.696247026324272">
<ele>3</ele>
</trkpt>
<trkpt lat="39.796882979571819" lon="2.696269992738962">
<ele>3</ele>
</trkpt>
<trkpt lat="39.796772003173828" lon="2.696341993287206">
<ele>3</ele>
</trkpt>
<trkpt lat="39.796676030382514" lon="2.696409970521927">
<ele>4</ele>
</trkpt>
<trkpt lat="39.796524988487363" lon="2.696495968848467">
<ele>4</ele>
</trkpt>
<trkpt lat="39.796488024294376" lon="2.696511978283525">
<ele>4</ele>
</trkpt>
<trkpt lat="39.796307981014252" lon="2.696628989651799">
<ele>4</ele>
</trkpt>
<trkpt lat="39.796174960210919" lon="2.696690009906888">
<ele>4</ele>
</trkpt>
<trkpt lat="39.796136990189552" lon="2.696703001856804">
<ele>4</ele>
</trkpt>
<trkpt lat="39.795995000749826" lon="2.696741977706552">
<ele>4</ele>
</trkpt>
<trkpt lat="39.795918976888061" lon="2.696748012676835">
<ele>5</ele>
</trkpt>
<trkpt lat="39.795840019360185" lon="2.696793023496866">
<ele>5</ele>
</trkpt>
<trkpt lat="39.795602979138494" lon="2.69684499129653">
<ele>5</ele>
</trkpt>
<trkpt lat="39.795564003288746" lon="2.696850020438433">
<ele>5</ele>
</trkpt>
<trkpt lat="39.795453026890755" lon="2.696861000731587">
<ele>5</ele>
</trkpt>
<trkpt lat="39.795345989987254" lon="2.696850020438433">
<ele>6</ele>
</trkpt>
<trkpt lat="39.795185979455709" lon="2.696864018216729">
<ele>6</ele>
</trkpt>
<trkpt lat="39.795122025534511" lon="2.696855971589685">
<ele>6</ele>
</trkpt>
<trkpt lat="39.79503502137959" lon="2.696862006559968">
<ele>6</ele>
</trkpt>
<trkpt lat="39.79486302472651" lon="2.696862006559968">
<ele>6</ele>
</trkpt>
<trkpt lat="39.794809967279434" lon="2.696857983246446">
<ele>6</ele>
</trkpt>
<trkpt lat="39.794677030295134" lon="2.696864018216729">
<ele>6</ele>
</trkpt>
<trkpt lat="39.794623972848058" lon="2.696856977418065">
<ele>5</ele>
</trkpt>
<trkpt lat="39.79445499368012" lon="2.696843985468149">
<ele>5</ele>
</trkpt>
<trkpt lat="39.79430696927011" lon="2.696836022660136">
<ele>5</ele>
</trkpt>
<trkpt lat="39.794237986207008" lon="2.696842979639769">
<ele>5</ele>
</trkpt>
<trkpt lat="39.794212002307177" lon="2.696839040145278">
<ele>5</ele>
</trkpt>
<trkpt lat="39.794127009809017" lon="2.696829987689853">
<ele>5</ele>
</trkpt>
<trkpt lat="39.793908996507525" lon="2.696796962991357">
<ele>5</ele>
</trkpt>
<trkpt lat="39.793774969875813" lon="2.696757987141609">
<ele>5</ele>
</trkpt>
<trkpt lat="39.793729959055781" lon="2.6967360265553">
<ele>5</ele>
</trkpt>
<trkpt lat="39.793670028448105" lon="2.696732003241777">
<ele>5</ele>
</trkpt>
<trkpt lat="39.793404992669821" lon="2.696606023237109">
<ele>5</ele>
</trkpt>
<trkpt lat="39.793236013501883" lon="2.696494041010737">
<ele>5</ele>
</trkpt>
<trkpt lat="39.793057981878519" lon="2.696399996057153">
<ele>5</ele>
</trkpt>
<trkpt lat="39.792911969125271" lon="2.69630997441709">
<ele>5</ele>
</trkpt>
<trkpt lat="39.792756987735629" lon="2.696206960827112">
<ele>5</ele>
</trkpt>
<trkpt lat="39.792601000517607" lon="2.696090033277869">
<ele>5</ele>
</trkpt>
<trkpt lat="39.792476026341319" lon="2.695981990545988">
<ele>5</ele>
</trkpt>
<trkpt lat="39.792336970567703" lon="2.695862967520952">
<ele>5</ele>
</trkpt>
<trkpt lat="39.79232800193131" lon="2.695853998884559">
<ele>6</ele>
</trkpt>
<trkpt lat="39.792165979743004" lon="2.6957499794662">
<ele>6</ele>
</trkpt>
<trkpt lat="39.792152987793088" lon="2.695738999173045">
<ele>6</ele>
</trkpt>
<trkpt lat="39.791962970048189" lon="2.695525009185076">
<ele>6</ele>
</trkpt>
<trkpt lat="39.791844030842185" lon="2.695384025573731">
<ele>6</ele>
</trkpt>
<trkpt lat="39.791758032515645" lon="2.695292998105288">
<ele>7</ele>
</trkpt>
<trkpt lat="39.79164001531899" lon="2.695199036970735">
<ele>7</ele>
</trkpt>
<trkpt lat="39.791569020599127" lon="2.695131981745362">
<ele>7</ele>
</trkpt>
<trkpt lat="39.791478998959064" lon="2.695068027824163">
<ele>7</ele>
</trkpt>
<trkpt lat="39.791386965662241" lon="2.694960990920663">
<ele>7</ele>
</trkpt>
<trkpt lat="39.791307002305984" lon="2.694895025342703">
<ele>6</ele>
</trkpt>
<trkpt lat="39.791279006749392" lon="2.694885972887278">
<ele>6</ele>
</trkpt>
<trkpt lat="39.791173981502652" lon="2.694815983995795">
<ele>6</ele>
</trkpt>
<trkpt lat="39.791024029254913" lon="2.694687992334366">
<ele>6</ele>
</trkpt>
<trkpt lat="39.790966026484966" lon="2.694629989564419">
<ele>6</ele>
</trkpt>
<trkpt lat="39.790962003171444" lon="2.694477019831538">
<ele>5</ele>
</trkpt>
<trkpt lat="39.790954040363431" lon="2.694336958229542">
<ele>5</ele>
</trkpt>
<trkpt lat="39.790895031765103" lon="2.694102013483644">
<ele>5</ele>
</trkpt>
<trkpt lat="39.790851026773453" lon="2.693910989910364">
<ele>5</ele>
</trkpt>
<trkpt lat="39.790792018175125" lon="2.693746034055948">
<ele>6</ele>
</trkpt>
<trkpt lat="39.790758993476629" lon="2.693690964952111">
<ele>6</ele>
</trkpt>
<trkpt lat="39.790729992091656" lon="2.693555010482669">
<ele>6</ele>
</trkpt>
<trkpt lat="39.79069403372705" lon="2.693446967750788">
<ele>6</ele>
</trkpt>
<trkpt lat="39.790680035948753" lon="2.693254016339779">
<ele>6</ele>
</trkpt>
<trkpt lat="39.790623039007187" lon="2.693045977503061">
<ele>6</ele>
</trkpt>
<trkpt lat="39.790599988773465" lon="2.692959979176521">
<ele>6</ele>
</trkpt>
<trkpt lat="39.790559001266956" lon="2.692755963653326">
<ele>6</ele>
</trkpt>
<trkpt lat="39.790532011538744" lon="2.692670971155167">
<ele>6</ele>
</trkpt>
<trkpt lat="39.790489012375474" lon="2.692454969510436">
<ele>6</ele>
</trkpt>
<trkpt lat="39.790436960756779" lon="2.692283978685737">
<ele>6</ele>
</trkpt>
<trkpt lat="39.790409971028566" lon="2.692101001739502">
<ele>6</ele>
</trkpt>
<trkpt lat="39.790388010442257" lon="2.691950965672731">
<ele>6</ele>
</trkpt>
<trkpt lat="39.790351968258619" lon="2.691852981224656">
<ele>6</ele>
</trkpt>
<trkpt lat="39.79030704125762" lon="2.69166698679328">
<ele>5</ele>
</trkpt>
<trkpt lat="39.790111994370818" lon="2.691661035642028">
<ele>5</ele>
</trkpt>
<trkpt lat="39.79007201269269" lon="2.691653994843364">
<ele>5</ele>
</trkpt>
<trkpt lat="39.789941003546119" lon="2.691599009558559">
<ele>5</ele>
</trkpt>
<trkpt lat="39.789903033524752" lon="2.691591968759894">
<ele>5</ele>
</trkpt>
<trkpt lat="39.789734976366162" lon="2.691583000123501">
<ele>5</ele>
</trkpt>
<trkpt lat="39.789675967767835" lon="2.691598003730178">
<ele>5</ele>
</trkpt>
<trkpt lat="39.789606984704733" lon="2.691642008721829">
<ele>5</ele>
</trkpt>
<trkpt lat="39.789516041055322" lon="2.691631028428674">
<ele>5</ele>
</trkpt>
<trkpt lat="39.789332980290055" lon="2.69162398763001">
<ele>5</ele>
</trkpt>
<trkpt lat="39.789299033582211" lon="2.691628010943532">
<ele>5</ele>
</trkpt>
<trkpt lat="39.789170036092401" lon="2.691634967923164">
<ele>5</ele>
</trkpt>
<trkpt lat="39.789057970046997" lon="2.691648965701461">
<ele>5</ele>
</trkpt>
<trkpt lat="39.788987981155515" lon="2.691665980964899">
<ele>5</ele>
</trkpt>
<trkpt lat="39.788790000602603" lon="2.691776035353541">
<ele>5</ele>
</trkpt>
<trkpt lat="39.78878203779459" lon="2.691780980676413">
<ele>5</ele>
</trkpt>
<trkpt lat="39.788571987301111" lon="2.691808976233006">
<ele>5</ele>
</trkpt>
<trkpt lat="39.788486994802952" lon="2.691789027303457">
<ele>4</ele>
</trkpt>
<trkpt lat="39.788353973999619" lon="2.691762037575245">
<ele>4</ele>
</trkpt>
<trkpt lat="39.788297982886434" lon="2.691767988726497">
<ele>4</ele>
</trkpt>
<trkpt lat="39.788178959861398" lon="2.691861027851701">
<ele>4</ele>
</trkpt>
<trkpt lat="39.788100002333522" lon="2.691958006471396">
<ele>4</ele>
</trkpt>
<trkpt lat="39.788035964593291" lon="2.692051967605948">
<ele>3</ele>
</trkpt>
<trkpt lat="39.787911996245384" lon="2.692223964259028">
<ele>3</ele>
</trkpt>
<trkpt lat="39.787894980981946" lon="2.692266963422298">
<ele>3</ele>
</trkpt>
<trkpt lat="39.78783898986876" lon="2.692372994497418">
<ele>3</ele>
</trkpt>
<trkpt lat="39.787726001814008" lon="2.692521018907428">
<ele>3</ele>
</trkpt>
<trkpt lat="39.78762399405241" lon="2.692662002518773">
<ele>3</ele>
</trkpt>
<trkpt lat="39.78760102763772" lon="2.692723022773862">
<ele>3</ele>
</trkpt>
<trkpt lat="39.787486027926207" lon="2.692844979465008">
<ele>4</ele>
</trkpt>
<trkpt lat="39.787448979914188" lon="2.692896025255323">
<ele>4</ele>
</trkpt>
<trkpt lat="39.78734496049583" lon="2.693015970289707">
<ele>4</ele>
</trkpt>
<trkpt lat="39.787317970767617" lon="2.693037008866668">
<ele>4</ele>
</trkpt>
<trkpt lat="39.787154020741582" lon="2.693174974992871">
<ele>4</ele>
</trkpt>
<trkpt lat="39.787025023251772" lon="2.693296009674668">
<ele>4</ele>
</trkpt>
<trkpt lat="39.78700096718967" lon="2.693318976089358">
<ele>4</ele>
</trkpt>
<trkpt lat="39.786854032427073" lon="2.69347001798451">
<ele>4</ele>
</trkpt>
<trkpt lat="39.786817990243435" lon="2.693489966914058">
<ele>5</ele>
</trkpt>
<trkpt lat="39.786698967218399" lon="2.693660035729408">
<ele>5</ele>
</trkpt>
<trkpt lat="39.78667700663209" lon="2.693699011579156">
<ele>5</ele>
</trkpt>
<trkpt lat="39.786584973335266" lon="2.693818034604192">
<ele>5</ele>
</trkpt>
<trkpt lat="39.786518001928926" lon="2.693925993517041">
<ele>5</ele>
</trkpt>
<trkpt lat="39.786471985280514" lon="2.694006962701678">
<ele>6</ele>
</trkpt>
<trkpt lat="39.786395039409399" lon="2.694177031517029">
<ele>6</ele>
</trkpt>
<trkpt lat="39.786297976970673" lon="2.694347016513348">
<ele>6</ele>
</trkpt>
<trkpt lat="39.78618498891592" lon="2.694590007886291">
<ele>7</ele>
</trkpt>
<trkpt lat="39.786160010844469" lon="2.694620015099645">
<ele>8</ele>
</trkpt>
<trkpt lat="39.786019027233124" lon="2.69456603564322">
<ele>8</ele>
</trkpt>
<trkpt lat="39.785888018086553" lon="2.694613980129361">
<ele>9</ele>
</trkpt>
<trkpt lat="39.785849964246154" lon="2.694658990949392">
<ele>10</ele>
</trkpt>
<trkpt lat="39.785748962312937" lon="2.694872980937362">
<ele>11</ele>
</trkpt>
<trkpt lat="39.785725995898247" lon="2.694917991757393">
<ele>12</ele>
</trkpt>
<trkpt lat="39.785608984529972" lon="2.695164000615478">
<ele>12</ele>
</trkpt>
<trkpt lat="39.78560202755034" lon="2.695175986737013">
<ele>13</ele>
</trkpt>
<trkpt lat="39.785541007295251" lon="2.695377990603447">
<ele>14</ele>
</trkpt>
<trkpt lat="39.785515023395419" lon="2.695433981716633">
<ele>14</ele>
</trkpt>
<trkpt lat="39.785418966785073" lon="2.695608995854855">
<ele>15</ele>
</trkpt>
<trkpt lat="39.785370016470551" lon="2.695696000009775">
<ele>15</ele>
</trkpt>
<trkpt lat="39.785216962918639" lon="2.695867996662855">
<ele>16</ele>
</trkpt>
<trkpt lat="39.785164995118976" lon="2.695950977504253">
<ele>16</ele>
</trkpt>
<trkpt lat="39.785164995118976" lon="2.695871014147997">
<ele>18</ele>
</trkpt>
<trkpt lat="39.785235989838839" lon="2.695765988901258">
<ele>19</ele>
</trkpt>
<trkpt lat="39.785275971516967" lon="2.69562098197639">
<ele>20</ele>
</trkpt>
<trkpt lat="39.78530103340745" lon="2.695490978658199">
<ele>22</ele>
</trkpt>
<trkpt lat="39.78534403257072" lon="2.695366004481912">
<ele>24</ele>
</trkpt>
<trkpt lat="39.785348977893591" lon="2.695275982841849">
<ele>25</ele>
</trkpt>
<trkpt lat="39.785399017855525" lon="2.695090994238854">
<ele>26</ele>
</trkpt>
<trkpt lat="39.785449979826808" lon="2.694930983707309">
<ele>28</ele>
</trkpt>
<trkpt lat="39.785477975383401" lon="2.694829981774092">
<ele>30</ele>
</trkpt>
<trkpt lat="39.785412009805441" lon="2.694765022024512">
<ele>31</ele>
</trkpt>
<trkpt lat="39.785414021462202" lon="2.694653961807489">
<ele>33</ele>
</trkpt>
<trkpt lat="39.785444028675556" lon="2.694529993459582">
<ele>34</ele>
</trkpt>
<trkpt lat="39.78547403588891" lon="2.694377023726702">
<ele>36</ele>
</trkpt>
<trkpt lat="39.785458026453853" lon="2.694279961287975">
<ele>37</ele>
</trkpt>
<trkpt lat="39.785460038110614" lon="2.694191029295325">
<ele>39</ele>
</trkpt>
<trkpt lat="39.785471018403769" lon="2.694020038470626">
<ele>41</ele>
</trkpt>
<trkpt lat="39.785440005362034" lon="2.693924987688661">
<ele>42</ele>
</trkpt>
<trkpt lat="39.78538703173399" lon="2.693814011290669">
<ele>44</ele>
</trkpt>
<trkpt lat="39.785339003428817" lon="2.693719966337085">
<ele>45</ele>
</trkpt>
<trkpt lat="39.785283012315631" lon="2.693616030737758">
<ele>47</ele>
</trkpt>
<trkpt lat="39.785227021202445" lon="2.693528020754457">
<ele>49</ele>
</trkpt>
<trkpt lat="39.785144040361047" lon="2.693565990775824">
<ele>51</ele>
</trkpt>
<trkpt lat="39.785049995407462" lon="2.693459037691355">
<ele>53</ele>
</trkpt>
<trkpt lat="39.785000961273909" lon="2.693316964432597">
<ele>55</ele>
</trkpt>
<trkpt lat="39.784945975989103" lon="2.693153014406562">
<ele>56</ele>
</trkpt>
<trkpt lat="39.784903982654214" lon="2.693046983331442">
<ele>58</ele>
</trkpt>
<trkpt lat="39.784868024289608" lon="2.692932989448309">
<ele>60</ele>
</trkpt>
<trkpt lat="39.784819995984435" lon="2.692821007221937">
<ele>62</ele>
</trkpt>
<trkpt lat="39.784814966842532" lon="2.692714976146817">
<ele>64</ele>
</trkpt>
<trkpt lat="39.78483097627759" lon="2.692597964778543">
<ele>66</ele>
</trkpt>
<trkpt lat="39.784802980720997" lon="2.692494029179215">
<ele>68</ele>
</trkpt>
<trkpt lat="39.784793006256223" lon="2.692444995045662">
<ele>70</ele>
</trkpt>
<trkpt lat="39.784663002938032" lon="2.692410964518786">
<ele>72</ele>
</trkpt>
<trkpt lat="39.784622015431523" lon="2.69233200699091">
<ele>74</ele>
</trkpt>
<trkpt lat="39.784597037360072" lon="2.692219018936157">
<ele>76</ele>
</trkpt>
<trkpt lat="39.784539034590125" lon="2.692064037546516">
<ele>78</ele>
</trkpt>
<trkpt lat="39.78453098796308" lon="2.692027995362878">
<ele>80</ele>
</trkpt>
<trkpt lat="39.784602988511324" lon="2.691883994266391">
<ele>82</ele>
</trkpt>
<trkpt lat="39.784625032916665" lon="2.691861027851701">
<ele>84</ele>
</trkpt>
<trkpt lat="39.784510033205152" lon="2.691676961258054">
<ele>86</ele>
</trkpt>
<trkpt lat="39.78448698297143" lon="2.691544024273753">
<ele>87</ele>
</trkpt>
<trkpt lat="39.78450701572001" lon="2.691462971270084">
<ele>88</ele>
</trkpt>
<trkpt lat="39.784511961042881" lon="2.691454002633691">
<ele>89</ele>
</trkpt>
<trkpt lat="39.784562001004815" lon="2.691330034285784">
<ele>90</ele>
</trkpt>
<trkpt lat="39.784564012661576" lon="2.691230960190296">
<ele>90</ele>
</trkpt>
<trkpt lat="39.784609023481607" lon="2.691074972972274">
<ele>91</ele>
</trkpt>
<trkpt lat="39.784612962976098" lon="2.691074972972274">
<ele>92</ele>
</trkpt>
<trkpt lat="39.784618997946382" lon="2.690867017954588">
<ele>93</ele>
</trkpt>
<trkpt lat="39.78459301404655" lon="2.690798034891486">
<ele>94</ele>
</trkpt>
<trkpt lat="39.784598965197802" lon="2.690665014088154">
<ele>95</ele>
</trkpt>
<trkpt lat="39.784600976854563" lon="2.690588990226388">
<ele>97</ele>
</trkpt>
<trkpt lat="39.78457398712635" lon="2.690456975251436">
<ele>98</ele>
</trkpt>
<trkpt lat="39.784536017104983" lon="2.690309034660459">
<ele>100</ele>
</trkpt>
<trkpt lat="39.784511961042881" lon="2.690193029120565">
<ele>101</ele>
</trkpt>
<trkpt lat="39.784523025155067" lon="2.690074006095529">
<ele>103</ele>
</trkpt>
<trkpt lat="39.784558983519673" lon="2.689909972250462">
<ele>105</ele>
</trkpt>
<trkpt lat="39.784601982682943" lon="2.68971199169755">
<ele>106</ele>
</trkpt>
<trkpt lat="39.784627966582775" lon="2.689533038064838">
<ele>108</ele>
</trkpt>
<trkpt lat="39.784596031531692" lon="2.68939096480608">
<ele>109</ele>
</trkpt>
<trkpt lat="39.784575998783112" lon="2.689355006441474">
<ele>111</ele>
</trkpt>
<trkpt lat="39.784565018489957" lon="2.689214022830129">
<ele>113</ele>
</trkpt>
<trkpt lat="39.784536017104983" lon="2.68908997066319">
<ele>115</ele>
</trkpt>
<trkpt lat="39.784545991569757" lon="2.688958961516619">
<ele>117</ele>
</trkpt>
<trkpt lat="39.784538028761744" lon="2.688912022858858">
<ele>119</ele>
</trkpt>
<trkpt lat="39.784517996013165" lon="2.688833987340331">
<ele>121</ele>
</trkpt>
<trkpt lat="39.784558983519673" lon="2.68872301094234">
<ele>123</ele>
</trkpt>
<trkpt lat="39.784560995176435" lon="2.688658973202109">
<ele>125</ele>
</trkpt>
<trkpt lat="39.78442202322185" lon="2.688743965700269">
<ele>127</ele>
</trkpt>
<trkpt lat="39.784367037937045" lon="2.688732985407114">
<ele>129</ele>
</trkpt>
<trkpt lat="39.784354967996478" lon="2.68861697986722">
<ele>131</ele>
</trkpt>
<trkpt lat="39.784311968833208" lon="2.688522012904286">
<ele>131</ele>
</trkpt>
<trkpt lat="39.784275004640222" lon="2.688413970172405">
<ele>132</ele>
</trkpt>
<trkpt lat="39.784222031012177" lon="2.688311040401459">
<ele>132</ele>
</trkpt>
<trkpt lat="39.784084986895323" lon="2.688233004882932">
<ele>132</ele>
</trkpt>
<trkpt lat="39.784062020480633" lon="2.688219007104635">
<ele>132</ele>
</trkpt>
<trkpt lat="39.783961018547416" lon="2.688132002949715">
<ele>133</ele>
</trkpt>
<trkpt lat="39.783932017162442" lon="2.688096966594458">
<ele>133</ele>
</trkpt>
<trkpt lat="39.783835038542747" lon="2.688049022108316">
<ele>133</ele>
</trkpt>
<trkpt lat="39.783654995262623" lon="2.687960006296635">
<ele>134</ele>
</trkpt>
<trkpt lat="39.783528009429574" lon="2.687896974384785">
<ele>134</ele>
</trkpt>
<trkpt lat="39.783416027203202" lon="2.687846012413502">
<ele>135</ele>
</trkpt>
<trkpt lat="39.783375039696693" lon="2.687798989936709">
<ele>136</ele>
</trkpt>
<trkpt lat="39.783294992521405" lon="2.687638979405165">
<ele>136</ele>
</trkpt>
<trkpt lat="39.783264985308051" lon="2.687524985522032">
<ele>137</ele>
</trkpt>
<trkpt lat="39.783280994743109" lon="2.6873919647187">
<ele>138</ele>
</trkpt>
<trkpt lat="39.783324999734759" lon="2.687359023839235">
<ele>139</ele>
</trkpt>
<trkpt lat="39.783426001667976" lon="2.687295991927385">
<ele>140</ele>
</trkpt>
<trkpt lat="39.783507976680994" lon="2.687265984714031">
<ele>140</ele>
</trkpt>
<trkpt lat="39.783574026077986" lon="2.687206976115704">
<ele>141</ele>
</trkpt>
<trkpt lat="39.783658012747765" lon="2.687125001102686">
<ele>142</ele>
</trkpt>
<trkpt lat="39.783759014680982" lon="2.687086025252938">
<ele>143</ele>
</trkpt>
<trkpt lat="39.783830009400845" lon="2.686996003612876">
<ele>144</ele>
</trkpt>
<trkpt lat="39.783931011334062" lon="2.686931965872645">
<ele>145</ele>
</trkpt>
<trkpt lat="39.783989014104009" lon="2.686901036649942">
<ele>146</ele>
</trkpt>
<trkpt lat="39.784084986895323" lon="2.686870023608208">
<ele>146</ele>
</trkpt>
<trkpt lat="39.784174002707005" lon="2.6867909822613">
<ele>147</ele>
</trkpt>
<trkpt lat="39.784195963293314" lon="2.686773966997862">
<ele>148</ele>
</trkpt>
<trkpt lat="39.784303000196815" lon="2.68674798309803">
<ele>149</ele>
</trkpt>
<trkpt lat="39.784342981874943" lon="2.686695009469986">
<ele>150</ele>
</trkpt>
<trkpt lat="39.784505004063249" lon="2.686540028080344">
<ele>151</ele>
</trkpt>
<trkpt lat="39.78461598046124" lon="2.686447994783521">
<ele>151</ele>
</trkpt>
<trkpt lat="39.784688986837864" lon="2.686363002285361">
<ele>152</ele>
</trkpt>
<trkpt lat="39.784759981557727" lon="2.686288990080357">
<ele>152</ele>
</trkpt>
<trkpt lat="39.784799963235855" lon="2.686248002573848">
<ele>152</ele>
</trkpt>
<trkpt lat="39.784792000427842" lon="2.686021020635963">
<ele>152</ele>
</trkpt>
<trkpt lat="39.784798035398126" lon="2.685880037024617">
<ele>153</ele>
</trkpt>
<trkpt lat="39.784805998206139" lon="2.685831002891064">
<ele>153</ele>
</trkpt>
<trkpt lat="39.784797029569745" lon="2.685604020953178">
<ele>153</ele>
</trkpt>
<trkpt lat="39.784798035398126" lon="2.685518022626638">
<ele>154</ele>
</trkpt>
<trkpt lat="39.784824019297957" lon="2.685451973229647">
<ele>154</ele>
</trkpt>
<trkpt lat="39.784784959629178" lon="2.685271007940173">
<ele>155</ele>
</trkpt>
<trkpt lat="39.784735003486276" lon="2.685103034600616">
<ele>156</ele>
</trkpt>
<trkpt lat="39.784732991829515" lon="2.685095993801951">
<ele>156</ele>
</trkpt>
<trkpt lat="39.784674989059567" lon="2.684891978278756">
<ele>157</ele>
</trkpt>
<trkpt lat="39.78461698628962" lon="2.684742026031017">
<ele>158</ele>
</trkpt>
<trkpt lat="39.784603994339705" lon="2.684600036591291">
<ele>159</ele>
</trkpt>
<trkpt lat="39.784578010439873" lon="2.684474978595972">
<ele>160</ele>
</trkpt>
<trkpt lat="39.784557977691293" lon="2.684415969997644">
<ele>160</ele>
</trkpt>
<trkpt lat="39.784425962716341" lon="2.684197034686804">
<ele>161</ele>
</trkpt>
<trkpt lat="39.784402996301651" lon="2.684158980846405">
<ele>162</ele>
</trkpt>
<trkpt lat="39.784341976046562" lon="2.684048004448414">
<ele>161</ele>
</trkpt>
<trkpt lat="39.78429201990366" lon="2.683971980586648">
<ele>160</ele>
</trkpt>
<trkpt lat="39.78420602157712" lon="2.683885982260108">
<ele>160</ele>
</trkpt>
<trkpt lat="39.784181965515018" lon="2.683853041380644">
<ele>159</ele>
</trkpt>
<trkpt lat="39.784113988280296" lon="2.683766959235072">
<ele>158</ele>
</trkpt>
<trkpt lat="39.78403503075242" lon="2.683647014200687">
<ele>157</ele>
</trkpt>
<trkpt lat="39.783967975527048" lon="2.683551963418722">
<ele>156</ele>
</trkpt>
<trkpt lat="39.783953977748752" lon="2.68343897536397">
<ele>156</ele>
</trkpt>
<trkpt lat="39.784022960811853" lon="2.683323975652456">
<ele>155</ele>
</trkpt>
<trkpt lat="39.784007035195827" lon="2.683262033388019">
<ele>154</ele>
</trkpt>
<trkpt lat="39.7839480265975" lon="2.683162037283182">
<ele>156</ele>
</trkpt>
<trkpt lat="39.783901004120708" lon="2.683067992329598">
<ele>157</ele>
</trkpt>
<trkpt lat="39.784040981903672" lon="2.682991968467832">
<ele>159</ele>
</trkpt>
<trkpt lat="39.783993037417531" lon="2.682766998186708">
<ele>161</ele>
</trkpt>
<trkpt lat="39.783989014104009" lon="2.68275098875165">
<ele>162</ele>
</trkpt>
<trkpt lat="39.783933022990823" lon="2.682593995705247">
<ele>164</ele>
</trkpt>
<trkpt lat="39.783923970535398" lon="2.682571029290557">
<ele>166</ele>
</trkpt>
<trkpt lat="39.783936040475965" lon="2.682457035407424">
<ele>168</ele>
</trkpt>
<trkpt lat="39.78390603326261" lon="2.682347986847162">
<ele>169</ele>
</trkpt>
<trkpt lat="39.78390896692872" lon="2.682314040139318">
<ele>171</ele>
</trkpt>
<trkpt lat="39.783940985798836" lon="2.682226030156016">
<ele>172</ele>
</trkpt>
<trkpt lat="39.783866973593831" lon="2.682156963273883">
<ele>172</ele>
</trkpt>
<trkpt lat="39.783797990530729" lon="2.682088986039162">
<ele>173</ele>
</trkpt>
<trkpt lat="39.783751973882318" lon="2.681935010477901">
<ele>173</ele>
</trkpt>
<trkpt lat="39.783678967505693" lon="2.681765025481582">
<ele>174</ele>
</trkpt>
<trkpt lat="39.783661030232906" lon="2.681722026318312">
<ele>175</ele>
</trkpt>
<trkpt lat="39.783683996647596" lon="2.681603003293276">
<ele>175</ele>
</trkpt>
<trkpt lat="39.783734958618879" lon="2.681525973603129">
<ele>176</ele>
</trkpt>
<trkpt lat="39.7837770357728" lon="2.681379038840532">
<ele>176</ele>
</trkpt>
<trkpt lat="39.783797990530729" lon="2.681310977786779">
<ele>177</ele>
</trkpt>
<trkpt lat="39.78384300135076" lon="2.681204024702311">
<ele>177</ele>
</trkpt>
<trkpt lat="39.783896980807185" lon="2.681247023865581">
<ele>178</ele>
</trkpt>
<trkpt lat="39.78388499468565" lon="2.681404016911984">
<ele>178</ele>
</trkpt>
<trkpt lat="39.783898992463946" lon="2.681472999975085">
<ele>178</ele>
</trkpt>
<trkpt lat="39.78390796110034" lon="2.681514993309975">
<ele>178</ele>
</trkpt>
<trkpt lat="39.783978033810854" lon="2.681609960272908">
<ele>179</ele>
</trkpt>
<trkpt lat="39.784051040187478" lon="2.681611971929669">
<ele>179</ele>
</trkpt>
<trkpt lat="39.7842070274055" lon="2.68156997859478">
<ele>179</ele>
</trkpt>
<trkpt lat="39.784214990213513" lon="2.681572996079922">
<ele>180</ele>
</trkpt>
<trkpt lat="39.784381035715342" lon="2.681598979979754">
<ele>180</ele>
</trkpt>
<trkpt lat="39.78444498963654" lon="2.681603003293276">
<ele>181</ele>
</trkpt>
<trkpt lat="39.784583961591125" lon="2.681629993021488">
<ele>181</ele>
</trkpt>
<trkpt lat="39.784694015979767" lon="2.681644996628165">
<ele>182</ele>
</trkpt>
<trkpt lat="39.78483097627759" lon="2.681566039100289">
<ele>183</ele>
</trkpt>
<trkpt lat="39.78487104177475" lon="2.681489009410143">
<ele>184</ele>
</trkpt>
<trkpt lat="39.784910017624497" lon="2.681278958916664">
<ele>184</ele>
</trkpt>
<trkpt lat="39.784914962947369" lon="2.681133029982448">
<ele>185</ele>
</trkpt>
<trkpt lat="39.784932984039187" lon="2.681025993078947">
<ele>186</ele>
</trkpt>
<trkpt lat="39.784928960725665" lon="2.680934965610504">
<ele>186</ele>
</trkpt>
<trkpt lat="39.784915968775749" lon="2.680878974497318">
<ele>187</ele>
</trkpt>
<trkpt lat="39.784944970160723" lon="2.680761963129044">
<ele>187</ele>
</trkpt>
<trkpt lat="39.784957962110639" lon="2.680650986731052">
<ele>186</ele>
</trkpt>
<trkpt lat="39.784952010959387" lon="2.680628020316362">
<ele>186</ele>
</trkpt>
<trkpt lat="39.784949999302626" lon="2.680631959810853">
<ele>186</ele>
</trkpt>
<trkpt lat="39.784945975989103" lon="2.680634977295995">
<ele>185</ele>
</trkpt>
<trkpt lat="39.784948993474245" lon="2.680637994781137">
<ele>185</ele>
</trkpt>
<trkpt lat="39.784948993474245" lon="2.680637994781137">
<ele>185</ele>
</trkpt>
<trkpt lat="39.784948993474245" lon="2.680637994781137">
<ele>185</ele>
</trkpt>
<trkpt lat="39.784948993474245" lon="2.680637994781137">
<ele>186</ele>
</trkpt>
<trkpt lat="39.784947987645864" lon="2.680642018094659">
<ele>186</ele>
</trkpt>
<trkpt lat="39.785027028992772" lon="2.680439008399844">
<ele>186</ele>
</trkpt>
<trkpt lat="39.785130964592099" lon="2.680209008976817">
<ele>186</ele>
</trkpt>
<trkpt lat="39.785134987905622" lon="2.680199034512043">
<ele>186</ele>
</trkpt>
<trkpt lat="39.785173963755369" lon="2.680024020373821">
<ele>186</ele>
</trkpt>
<trkpt lat="39.78517597541213" lon="2.680010022595525">
<ele>186</ele>
</trkpt>
<trkpt lat="39.785181004554033" lon="2.679840037599206">
<ele>186</ele>
</trkpt>
<trkpt lat="39.785200031474233" lon="2.67972000874579">
<ele>186</ele>
</trkpt>
<trkpt lat="39.785201037302613" lon="2.679606014862657">
<ele>186</ele>
</trkpt>
<trkpt lat="39.785168012604117" lon="2.679364029318094">
<ele>186</ele>
</trkpt>
<trkpt lat="39.785121995955706" lon="2.679199995473027">
<ele>186</ele>
</trkpt>
<trkpt lat="39.78508997708559" lon="2.679083989933133">
<ele>186</ele>
</trkpt>
<trkpt lat="39.785055024549365" lon="2.678952980786562">
<ele>186</ele>
</trkpt>
<trkpt lat="39.785032980144024" lon="2.678891960531473">
<ele>186</ele>
</trkpt>
<trkpt lat="39.784967014566064" lon="2.678657015785575">
<ele>186</ele>
</trkpt>
<trkpt lat="39.784929966554046" lon="2.678490970283747">
<ele>186</ele>
</trkpt>
<trkpt lat="39.784923009574413" lon="2.678460963070393">
<ele>186</ele>
</trkpt>
<trkpt lat="39.784846985712647" lon="2.678176984190941">
<ele>186</ele>
</trkpt>
<trkpt lat="39.784822007641196" lon="2.678120993077755">
<ele>185</ele>
</trkpt>
<trkpt lat="39.784730980172753" lon="2.677939021959901">
<ele>185</ele>
</trkpt>
<trkpt lat="39.784672977402806" lon="2.677882025018334">
<ele>185</ele>
</trkpt>
<trkpt lat="39.784516990184784" lon="2.677752021700144">
<ele>185</ele>
</trkpt>
<trkpt lat="39.784381035715342" lon="2.677654037252069">
<ele>185</ele>
</trkpt>
<trkpt lat="39.784242985770106" lon="2.677581030875444">
<ele>185</ele>
</trkpt>
<trkpt lat="39.784180959686637" lon="2.677577007561922">
<ele>185</ele>
</trkpt>
<trkpt lat="39.784091021865606" lon="2.677513975650072">
<ele>185</ele>
</trkpt>
<trkpt lat="39.784051962196827" lon="2.677488997578621">
<ele>185</ele>
</trkpt>
<trkpt lat="39.78395096026361" lon="2.677418002858758">
<ele>185</ele>
</trkpt>
<trkpt lat="39.783760020509362" lon="2.677387995645404">
<ele>186</ele>
</trkpt>
<trkpt lat="39.783643009141088" lon="2.677511963993311">
<ele>186</ele>
</trkpt>
<trkpt lat="39.78354100137949" lon="2.677697036415339">
<ele>186</ele>
</trkpt>
<trkpt lat="39.783513005822897" lon="2.677769958972931">
<ele>186</ele>
</trkpt>
<trkpt lat="39.783459026366472" lon="2.677875990048051">
<ele>186</ele>
</trkpt>
<trkpt lat="39.783317958936095" lon="2.677847994491458">
<ele>186</ele>
</trkpt>
<trkpt lat="39.783221986144781" lon="2.677726037800312">
<ele>186</ele>
</trkpt>
<trkpt lat="39.783196002244949" lon="2.677681026980281">
<ele>187</ele>
</trkpt>
<trkpt lat="39.783121990039945" lon="2.677557980641723">
<ele>187</ele>
</trkpt>
<trkpt lat="39.783002967014909" lon="2.677412973716855">
<ele>187</ele>
</trkpt>
<trkpt lat="39.782887967303395" lon="2.677253969013691">
<ele>187</ele>
</trkpt>
<trkpt lat="39.782880004495382" lon="2.677241982892156">
<ele>187</ele>
</trkpt>
<trkpt lat="39.782737009227276" lon="2.677059005945921">
<ele>187</ele>
</trkpt>
<trkpt lat="39.782719993963838" lon="2.676996979862452">
<ele>187</ele>
</trkpt>
<trkpt lat="39.782637013122439" lon="2.676852978765965">
<ele>186</ele>
</trkpt>
<trkpt lat="39.782532993704081" lon="2.67671400681138">
<ele>186</ele>
</trkpt>
<trkpt lat="39.782522013410926" lon="2.676710989326239">
<ele>186</ele>
</trkpt>
<trkpt lat="39.782382035627961" lon="2.676623985171318">
<ele>186</ele>
</trkpt>
<trkpt lat="39.782325038686395" lon="2.676634965464473">
<ele>185</ele>
</trkpt>
<trkpt lat="39.782274998724461" lon="2.676673019304872">
<ele>186</ele>
</trkpt>
<trkpt lat="39.782223030924797" lon="2.676710989326239">
<ele>186</ele>
</trkpt>
<trkpt lat="39.782087998464704" lon="2.676825989037752">
<ele>186</ele>
</trkpt>
<trkpt lat="39.781968975439668" lon="2.676946017891169">
<ele>187</ele>
</trkpt>
<trkpt lat="39.781927987933159" lon="2.677001003175974">
<ele>188</ele>
</trkpt>
<trkpt lat="39.781790021806955" lon="2.677124971523881">
<ele>188</ele>
</trkpt>
<trkpt lat="39.781736964359879" lon="2.67703696154058">
<ele>188</ele>
</trkpt>
<trkpt lat="39.781718021258712" lon="2.67690796405077">
<ele>189</ele>
</trkpt>
<trkpt lat="39.781675022095442" lon="2.676739990711212">
<ele>190</ele>
</trkpt>
<trkpt lat="39.781657001003623" lon="2.67669104039669">
<ele>190</ele>
</trkpt>
<trkpt lat="39.781616013497114" lon="2.67656497657299">
<ele>190</ele>
</trkpt>
<trkpt lat="39.781600004062057" lon="2.676510997116566">
<ele>191</ele>
</trkpt>
<trkpt lat="39.781538983806968" lon="2.676346963271499">
<ele>191</ele>
</trkpt>
<trkpt lat="39.781519034877419" lon="2.676296001300216">
<ele>191</ele>
</trkpt>
<trkpt lat="39.781452985480428" lon="2.676134984940291">
<ele>191</ele>
</trkpt>
<trkpt lat="39.781434964388609" lon="2.676071031019092">
<ele>191</ele>
</trkpt>
<trkpt lat="39.781415015459061" lon="2.675946978852153">
<ele>192</ele>
</trkpt>
<trkpt lat="39.781399006024003" lon="2.675906997174025">
<ele>192</ele>
</trkpt>
<trkpt lat="39.781358018517494" lon="2.675799960270524">
<ele>193</ele>
</trkpt>
<trkpt lat="39.781295992434025" lon="2.675632992759347">
<ele>193</ele>
</trkpt>
<trkpt lat="39.781292974948883" lon="2.675614971667528">
<ele>193</ele>
</trkpt>
<trkpt lat="39.781274031847715" lon="2.675491003319621">
<ele>193</ele>
</trkpt>
<trkpt lat="39.781261961907148" lon="2.675437023863196">
<ele>194</ele>
</trkpt>
<trkpt lat="39.781269002705812" lon="2.675197971984744">
<ele>194</ele>
</trkpt>
<trkpt lat="39.781270008534193" lon="2.675183974206448">
<ele>194</ele>
</trkpt>
<trkpt lat="39.78124100714922" lon="2.674945006147027">
<ele>194</ele>
</trkpt>
<trkpt lat="39.781148973852396" lon="2.674852972850204">
<ele>194</ele>
</trkpt>
<trkpt lat="39.7811349760741" lon="2.674815002828836">
<ele>194</ele>
</trkpt>
<trkpt lat="39.781082002446055" lon="2.674643006175757">
<ele>194</ele>
</trkpt>
<trkpt lat="39.780985023826361" lon="2.674490036442876">
<ele>194</ele>
</trkpt>
<trkpt lat="39.78085401467979" lon="2.6744369789958">
<ele>194</ele>
</trkpt>
<trkpt lat="39.780689980834723" lon="2.674409989267588">
<ele>193</ele>
</trkpt>
<trkpt lat="39.780669026076794" lon="2.674408983439207">
<ele>193</ele>
</trkpt>
<trkpt lat="39.780534999445081" lon="2.674356009811163">
<ele>193</ele>
</trkpt>
<trkpt lat="39.780524019151926" lon="2.674351986497641">
<ele>192</ele>
</trkpt>
<trkpt lat="39.780480014160275" lon="2.674375958740711">
<ele>192</ele>
</trkpt>
<trkpt lat="39.780443971976638" lon="2.674374030902982">
<ele>192</ele>
</trkpt>
<trkpt lat="39.780400972813368" lon="2.674369001761079">
<ele>192</ele>
</trkpt>
<trkpt lat="39.780374988913536" lon="2.674364978447557">
<ele>191</ele>
</trkpt>
<trkpt lat="39.78036099113524" lon="2.674362966790795">
<ele>191</ele>
</trkpt>
<trkpt lat="39.780310029163957" lon="2.674333965405822">
<ele>190</ele>
</trkpt>
<trkpt lat="39.780128980055451" lon="2.674246961250901">
<ele>188</ele>
</trkpt>
<trkpt lat="39.780012974515557" lon="2.674165992066264">
<ele>188</ele>
</trkpt>
<trkpt lat="39.779897974804044" lon="2.674151994287968">
<ele>187</ele>
</trkpt>
<trkpt lat="39.779881965368986" lon="2.674168003723025">
<ele>186</ele>
</trkpt>
<trkpt lat="39.779820023104548" lon="2.674283003434539">
<ele>185</ele>
</trkpt>
<trkpt lat="39.77980300784111" lon="2.674332037568092">
<ele>184</ele>
</trkpt>
<trkpt lat="39.779788004234433" lon="2.674452988430858">
<ele>184</ele>
</trkpt>
<trkpt lat="39.779764031991363" lon="2.674534041434526">
<ele>183</ele>
</trkpt>
<trkpt lat="39.779694965109229" lon="2.674726992845535">
<ele>182</ele>
</trkpt>
<trkpt lat="39.779582982882857" lon="2.674901001155376">
<ele>181</ele>
</trkpt>
<trkpt lat="39.779487010091543" lon="2.675046008080244">
<ele>181</ele>
</trkpt>
<trkpt lat="39.779465971514583" lon="2.675093030557036">
<ele>180</ele>
</trkpt>
<trkpt lat="39.779349965974689" lon="2.675320012494922">
<ele>180</ele>
</trkpt>
<trkpt lat="39.779331022873521" lon="2.675357982516289">
<ele>178</ele>
</trkpt>
<trkpt lat="39.779304033145308" lon="2.675436018034816">
<ele>177</ele>
</trkpt>
<trkpt lat="39.779171012341976" lon="2.675647996366024">
<ele>177</ele>
</trkpt>
<trkpt lat="39.779084008187056" lon="2.675790991634131">
<ele>176</ele>
</trkpt>
<trkpt lat="39.778997004032135" lon="2.675941027700901">
<ele>176</ele>
</trkpt>
<trkpt lat="39.778909999877214" lon="2.676015039905906">
<ele>175</ele>
</trkpt>
<trkpt lat="39.778848979622126" lon="2.676079999655485">
<ele>175</ele>
</trkpt>
<trkpt lat="39.778756024315953" lon="2.67613397911191">
<ele>175</ele>
</trkpt>
<trkpt lat="39.778633983805776" lon="2.676174966618419">
<ele>175</ele>
</trkpt>
<trkpt lat="39.778583021834493" lon="2.676157029345632">
<ele>175</ele>
</trkpt>
<trkpt lat="39.778568018227816" lon="2.676136996597052">
<ele>176</ele>
</trkpt>
<trkpt lat="39.778488976880908" lon="2.675981009379029">
<ele>176</ele>
</trkpt>
<trkpt lat="39.778466010466218" lon="2.675901968032122">
<ele>176</ele>
</trkpt>
<trkpt lat="39.778396021574736" lon="2.675765007734299">
<ele>176</ele>
</trkpt>
<trkpt lat="39.778365008533001" lon="2.675674986094236">
<ele>175</ele>
</trkpt>
<trkpt lat="39.778302982449532" lon="2.675586976110935">
<ele>175</ele>
</trkpt>
<trkpt lat="39.77829996496439" lon="2.675586976110935">
<ele>175</ele>
</trkpt>
<trkpt lat="39.778150012716651" lon="2.675598040223122">
<ele>175</ele>
</trkpt>
<trkpt lat="39.777984973043203" lon="2.675685966387391">
<ele>176</ele>
</trkpt>
<trkpt lat="39.777825968340039" lon="2.675829967483878">
<ele>176</ele>
</trkpt>
<trkpt lat="39.777756985276937" lon="2.675946978852153">
<ele>176</ele>
</trkpt>
<trkpt lat="39.777650032192469" lon="2.676120987161994">
<ele>176</ele>
</trkpt>
<trkpt lat="39.777599992230535" lon="2.676199022680521">
<ele>176</ele>
</trkpt>
<trkpt lat="39.777538971975446" lon="2.676292983815074">
<ele>177</ele>
</trkpt>
<trkpt lat="39.777510976418853" lon="2.676335982978344">
<ele>177</ele>
</trkpt>
<trkpt lat="39.777404023334384" lon="2.676377976313233">
<ele>177</ele>
</trkpt>
<trkpt lat="39.777238983660936" lon="2.676339000463486">
<ele>178</ele>
</trkpt>
<trkpt lat="39.77722599171102" lon="2.676336988806725">
<ele>179</ele>
</trkpt>
<trkpt lat="39.777062041684985" lon="2.676366996020079">
<ele>179</ele>
</trkpt>
<trkpt lat="39.777008984237909" lon="2.676383005455136">
<ele>180</ele>
</trkpt>
<trkpt lat="39.776864983141422" lon="2.676429022103548">
<ele>182</ele>
</trkpt>
<trkpt lat="39.776800023391843" lon="2.676462968811393">
<ele>183</ele>
</trkpt>
<trkpt lat="39.776700027287006" lon="2.67652197740972">
<ele>184</ele>
</trkpt>
<trkpt lat="39.776496011763811" lon="2.676601018756628">
<ele>185</ele>
</trkpt>
<trkpt lat="39.776368020102382" lon="2.67669296823442">
<ele>186</ele>
</trkpt>
<trkpt lat="39.776197029277682" lon="2.676759017631412">
<ele>187</ele>
</trkpt>
<trkpt lat="39.776065014302731" lon="2.67684199847281">
<ele>188</ele>
</trkpt>
<trkpt lat="39.775902992114425" lon="2.676952974870801">
<ele>188</ele>
</trkpt>
<trkpt lat="39.775855969637632" lon="2.676993040367961">
<ele>189</ele>
</trkpt>
<trkpt lat="39.775707023218274" lon="2.677087001502514">
<ele>190</ele>
</trkpt>
<trkpt lat="39.775571990758181" lon="2.677171994000673">
<ele>190</ele>
</trkpt>
<trkpt lat="39.775457996875048" lon="2.677240977063775">
<ele>191</ele>
</trkpt>
<trkpt lat="39.775406029075384" lon="2.677256986498833">
<ele>191</ele>
</trkpt>
<trkpt lat="39.775304021313787" lon="2.677266960963607">
<ele>192</ele>
</trkpt>
<trkpt lat="39.77516395971179" lon="2.6772500295192">
<ele>192</ele>
</trkpt>
<trkpt lat="39.775104029104114" lon="2.677124971523881">
<ele>193</ele>
</trkpt>
<trkpt lat="39.775076033547521" lon="2.676934031769633">
<ele>194</ele>
</trkpt>
<trkpt lat="39.775024987757206" lon="2.676753988489509">
<ele>194</ele>
</trkpt>
<trkpt lat="39.774901019409299" lon="2.676623985171318">
<ele>195</ele>
</trkpt>
<trkpt lat="39.774842010810971" lon="2.676570005714893">
<ele>195</ele>
</trkpt>
<trkpt lat="39.774787025526166" lon="2.676484007388353">
<ele>196</ele>
</trkpt>
<trkpt lat="39.774703960865736" lon="2.676356015726924">
<ele>197</ele>
</trkpt>
<trkpt lat="39.774656016379595" lon="2.676280997693539">
<ele>197</ele>
</trkpt>
<trkpt lat="39.774500029161572" lon="2.676315028220415">
<ele>198</ele>
</trkpt>
<trkpt lat="39.774444038048387" lon="2.676304969936609">
<ele>198</ele>
</trkpt>
<trkpt lat="39.77430297061801" lon="2.676261970773339">
<ele>199</ele>
</trkpt>
<trkpt lat="39.774159975349903" lon="2.676274040713906">
<ele>199</ele>
</trkpt>
<trkpt lat="39.7740029823035" lon="2.67634604126215">
<ele>199</ele>
</trkpt>
<trkpt lat="39.773925030604005" lon="2.67641200684011">
<ele>200</ele>
</trkpt>
<trkpt lat="39.773814976215363" lon="2.676490964367986">
<ele>201</ele>
</trkpt>
<trkpt lat="39.773725960403681" lon="2.676524994894862">
<ele>202</ele>
</trkpt>
<trkpt lat="39.773647002875805" lon="2.676515020430088">
<ele>202</ele>
</trkpt>
<trkpt lat="39.773559998720884" lon="2.676529018208385">
<ele>203</ele>
</trkpt>
<trkpt lat="39.77352999150753" lon="2.676489036530256">
<ele>204</ele>
</trkpt>
<trkpt lat="39.773587994277477" lon="2.67643203958869">
<ele>204</ele>
</trkpt>
<trkpt lat="39.773538038134575" lon="2.676417035982013">
<ele>205</ele>
</trkpt>
<trkpt lat="39.773505013436079" lon="2.676417035982013">
<ele>206</ele>
</trkpt>
<trkpt lat="39.773385990411043" lon="2.67641301266849">
<ele>206</ele>
</trkpt>
<trkpt lat="39.773364029824734" lon="2.676403960213065">
<ele>206</ele>
</trkpt>
<trkpt lat="39.77322799153626" lon="2.676394991576672">
<ele>207</ele>
</trkpt>
<trkpt lat="39.77318499237299" lon="2.676393985748291">
<ele>207</ele>
</trkpt>
<trkpt lat="39.773047026246786" lon="2.676485013216734">
<ele>207</ele>
</trkpt>
<trkpt lat="39.772882992401719" lon="2.676475960761309">
<ele>207</ele>
</trkpt>
<trkpt lat="39.77286396548152" lon="2.676461962983012">
<ele>208</ele>
</trkpt>
<trkpt lat="39.772762963548303" lon="2.676443019881845">
<ele>209</ele>
</trkpt>
<trkpt lat="39.77264603599906" lon="2.676427010446787">
<ele>209</ele>
</trkpt>
<trkpt lat="39.772460041567683" lon="2.676373030990362">
<ele>210</ele>
</trkpt>
<trkpt lat="39.77243104018271" lon="2.676364984363318">
<ele>211</ele>
</trkpt>
<trkpt lat="39.772269017994404" lon="2.676298012956977">
<ele>213</ele>
</trkpt>
<trkpt lat="39.772162986919284" lon="2.676360961049795">
<ele>214</ele>
</trkpt>
<trkpt lat="39.772162986919284" lon="2.676360961049795">
<ele>215</ele>
</trkpt>
<trkpt lat="39.77206801995635" lon="2.676444025710225">
<ele>216</ele>
</trkpt>
<trkpt lat="39.772015968337655" lon="2.676577968522906">
<ele>217</ele>
</trkpt>
<trkpt lat="39.771942961961031" lon="2.676689028739929">
<ele>219</ele>
</trkpt>
<trkpt lat="39.771913960576057" lon="2.676720041781664">
<ele>219</ele>
</trkpt>
<trkpt lat="39.771844977512956" lon="2.67684199847281">
<ele>220</ele>
</trkpt>
<trkpt lat="39.771790998056531" lon="2.676916010677815">
<ele>222</ele>
</trkpt>
<trkpt lat="39.771728971973062" lon="2.677009971812367">
<ele>223</ele>
</trkpt>
<trkpt lat="39.771729977801442" lon="2.677095970138907">
<ele>224</ele>
</trkpt>
<trkpt lat="39.771726038306952" lon="2.677224967628717">
<ele>226</ele>
</trkpt>
<trkpt lat="39.771712962538004" lon="2.677297974005342">
<ele>228</ele>
</trkpt>
<trkpt lat="39.771636016666889" lon="2.677399981766939">
<ele>229</ele>
</trkpt>
<trkpt lat="39.771621013060212" lon="2.677395036444068">
<ele>230</ele>
</trkpt>
<trkpt lat="39.771560998633504" lon="2.677150033414364">
<ele>232</ele>
</trkpt>
<trkpt lat="39.771496038883924" lon="2.67703696154058">
<ele>234</ele>
</trkpt>
<trkpt lat="39.771469971165061" lon="2.67692799679935">
<ele>235</ele>
</trkpt>
<trkpt lat="39.7714679595083" lon="2.676806040108204">
<ele>236</ele>
</trkpt>
<trkpt lat="39.771455973386765" lon="2.676724987104535">
<ele>236</ele>
</trkpt>
<trkpt lat="39.771467037498951" lon="2.676659021526575">
<ele>236</ele>
</trkpt>
<trkpt lat="39.7714679595083" lon="2.676629014313221">
<ele>237</ele>
</trkpt>
<trkpt lat="39.771496960893273" lon="2.676531029865146">
<ele>237</ele>
</trkpt>
<trkpt lat="39.771500984206796" lon="2.676450982689858">
<ele>238</ele>
</trkpt>
<trkpt lat="39.771527973935008" lon="2.676302958279848">
<ele>239</ele>
</trkpt>
<trkpt lat="39.771550018340349" lon="2.676259959116578">
<ele>239</ele>
</trkpt>
<trkpt lat="39.771555969491601" lon="2.676259959116578">
<ele>240</ele>
</trkpt>
<trkpt lat="39.771556975319982" lon="2.67626297660172">
<ele>240</ele>
</trkpt>
<trkpt lat="39.771556975319982" lon="2.67626297660172">
<ele>241</ele>
</trkpt>
<trkpt lat="39.771556975319982" lon="2.67626297660172">
<ele>241</ele>
</trkpt>
<trkpt lat="39.771556975319982" lon="2.67626297660172">
<ele>242</ele>
</trkpt>
<trkpt lat="39.771559992805123" lon="2.676261970773339">
<ele>242</ele>
</trkpt>
<trkpt lat="39.771592011675239" lon="2.676202962175012">
<ele>243</ele>
</trkpt>
<trkpt lat="39.771572984755039" lon="2.676142025738955">
<ele>244</ele>
</trkpt>
<trkpt lat="39.771569967269897" lon="2.676010010764003">
<ele>244</ele>
</trkpt>
<trkpt lat="39.771629981696606" lon="2.675756961107254">
<ele>245</ele>
</trkpt>
<trkpt lat="39.771652026101947" lon="2.675632992759347">
<ele>245</ele>
</trkpt>
<trkpt lat="39.771640039980412" lon="2.675565015524626">
<ele>247</ele>
</trkpt>
<trkpt lat="39.77165998890996" lon="2.675396036356688">
<ele>248</ele>
</trkpt>
<trkpt lat="39.771644985303283" lon="2.675267960876226">
<ele>250</ele>
</trkpt>
<trkpt lat="39.771642973646522" lon="2.675246000289917">
<ele>251</ele>
</trkpt>
<trkpt lat="39.771626964211464" lon="2.675039973109961">
<ele>253</ele>
</trkpt>
<trkpt lat="39.771621013060212" lon="2.674920028075576">
<ele>255</ele>
</trkpt>
<trkpt lat="39.771600980311632" lon="2.674813997000456">
<ele>257</ele>
</trkpt>
<trkpt lat="39.771582037210464" lon="2.674760017544031">
<ele>259</ele>
</trkpt>
<trkpt lat="39.771533003076911" lon="2.674505962058902">
<ele>260</ele>
</trkpt>
<trkpt lat="39.771459996700287" lon="2.674447959288955">
<ele>262</ele>
</trkpt>
<trkpt lat="39.771416997537017" lon="2.674376964569092">
<ele>262</ele>
</trkpt>
<trkpt lat="39.771375004202127" lon="2.674262970685959">
<ele>262</ele>
</trkpt>
<trkpt lat="39.771299986168742" lon="2.674147970974445">
<ele>262</ele>
</trkpt>
<trkpt lat="39.771248018369079" lon="2.674051998183131">
<ele>262</ele>
</trkpt>
<trkpt lat="39.77122999727726" lon="2.674008999019861">
<ele>263</ele>
</trkpt>
<trkpt lat="39.771146010607481" lon="2.673843959346414">
<ele>263</ele>
</trkpt>
<trkpt lat="39.771147016435862" lon="2.673832979053259">
<ele>264</ele>
</trkpt>
<trkpt lat="39.77112203836441" lon="2.67381202429533">
<ele>264</ele>
</trkpt>
<trkpt lat="39.771079961210489" lon="2.673756033182144">
<ele>264</ele>
</trkpt>
<trkpt lat="39.77103604003787" lon="2.673617983236909">
<ele>264</ele>
</trkpt>
<trkpt lat="39.770978037267923" lon="2.673504995182157">
<ele>264</ele>
</trkpt>
<trkpt lat="39.770944006741047" lon="2.673451015725732">
<ele>264</ele>
</trkpt>
<trkpt lat="39.770849961787462" lon="2.67329603433609">
<ele>265</ele>
</trkpt>
<trkpt lat="39.770815009251237" lon="2.673241971060634">
<ele>265</ele>
</trkpt>
<trkpt lat="39.770705038681626" lon="2.673048013821244">
<ele>265</ele>
</trkpt>
<trkpt lat="39.770691962912679" lon="2.673023035749793">
<ele>265</ele>
</trkpt>
<trkpt lat="39.770541004836559" lon="2.672797981649637">
<ele>265</ele>
</trkpt>
<trkpt lat="39.77052197791636" lon="2.672763029113412">
<ele>267</ele>
</trkpt>
<trkpt lat="39.770447965711355" lon="2.672633025795221">
<ele>267</ele>
</trkpt>
<trkpt lat="39.770432040095329" lon="2.672594971954823">
<ele>267</ele>
</trkpt>
<trkpt lat="39.770345035940409" lon="2.672471003606916">
<ele>267</ele>
</trkpt>
<trkpt lat="39.770216960459948" lon="2.672378970310092">
<ele>267</ele>
</trkpt>
<trkpt lat="39.770187959074974" lon="2.672363966703415">
<ele>268</ele>
</trkpt>
<trkpt lat="39.770055022090673" lon="2.672204039990902">
<ele>268</ele>
</trkpt>
<trkpt lat="39.769984027370811" lon="2.672078981995583">
<ele>268</ele>
</trkpt>
<trkpt lat="39.769912026822567" lon="2.671980997547507">
<ele>268</ele>
</trkpt>
<trkpt lat="39.769851006567478" lon="2.671882007271051">
<ele>268</ele>
</trkpt>
<trkpt lat="39.769841032102704" lon="2.671876978129149">
<ele>269</ele>
</trkpt>
<trkpt lat="39.769684039056301" lon="2.671682015061379">
<ele>270</ele>
</trkpt>
<trkpt lat="39.769652020186186" lon="2.671629041433334">
<ele>270</ele>
</trkpt>
<trkpt lat="39.769615978002548" lon="2.671608002856374">
<ele>268</ele>
</trkpt>
<trkpt lat="39.769541965797544" lon="2.671637004241347">
<ele>266</ele>
</trkpt>
<trkpt lat="39.769513970240951" lon="2.67164203338325">
<ele>264</ele>
</trkpt>
<trkpt lat="39.769405005499721" lon="2.671617977321148">
<ele>262</ele>
</trkpt>
<trkpt lat="39.769463008269668" lon="2.671597022563219">
<ele>260</ele>
</trkpt>
<trkpt lat="39.76951296441257" lon="2.671580007299781">
<ele>257</ele>
</trkpt>
<trkpt lat="39.769415985792875" lon="2.671505995094776">
<ele>255</ele>
</trkpt>
<trkpt lat="39.769343985244632" lon="2.671499038115144">
<ele>253</ele>
</trkpt>
<trkpt lat="39.769412968307734" lon="2.671439023688436">
<ele>251</ele>
</trkpt>
<trkpt lat="39.769345996901393" lon="2.671392001211643">
<ele>250</ele>
</trkpt>
<trkpt lat="39.769249018281698" lon="2.671304997056723">
<ele>251</ele>
</trkpt>
<trkpt lat="39.769157990813255" lon="2.671287981793284">
<ele>251</ele>
</trkpt>
<trkpt lat="39.768906030803919" lon="2.671177005395293">
<ele>252</ele>
</trkpt>
<trkpt lat="39.768848028033972" lon="2.671098969876766">
<ele>252</ele>
</trkpt>
<trkpt lat="39.768783990293741" lon="2.670990005135536">
<ele>253</ele>
</trkpt>
<trkpt lat="39.768815003335476" lon="2.670908030122519">
<ele>254</ele>
</trkpt>
<trkpt lat="39.768942994996905" lon="2.670678030699492">
<ele>254</ele>
</trkpt>
<trkpt lat="39.768907036632299" lon="2.670594966039062">
<ele>255</ele>
</trkpt>
<trkpt lat="39.768847022205591" lon="2.67050301656127">
<ele>255</ele>
</trkpt>
<trkpt lat="39.768808968365192" lon="2.670366978272796">
<ele>256</ele>
</trkpt>
<trkpt lat="39.768757000565529" lon="2.67029196023941">
<ele>258</ele>
</trkpt>
<trkpt lat="39.768681982532144" lon="2.670269999653101">
<ele>258</ele>
</trkpt>
<trkpt lat="39.768582992255688" lon="2.670135973021388">
<ele>259</ele>
</trkpt>
<trkpt lat="39.768496993929148" lon="2.670014016330242">
<ele>260</ele>
</trkpt>
<trkpt lat="39.768470004200935" lon="2.66990203410387">
<ele>260</ele>
</trkpt>
<trkpt lat="39.768379982560873" lon="2.66983900219202">
<ele>261</ele>
</trkpt>
<trkpt lat="39.768313011154532" lon="2.669702963903546">
<ele>262</ele>
</trkpt>
<trkpt lat="39.768289038911462" lon="2.669631969183683">
<ele>263</ele>
</trkpt>
<trkpt lat="39.768190970644355" lon="2.669532978907228">
<ele>263</ele>
</trkpt>
<trkpt lat="39.768096003681421" lon="2.669460978358984">
<ele>264</ele>
</trkpt>
<trkpt lat="39.768096003681421" lon="2.669460978358984">
<ele>264</ele>
</trkpt>
<trkpt lat="39.768059961497784" lon="2.669308008626103">
<ele>266</ele>
</trkpt>
<trkpt lat="39.768042024224997" lon="2.669238019734621">
<ele>267</ele>
</trkpt>
<trkpt lat="39.767945967614651" lon="2.669083960354328">
<ele>267</ele>
</trkpt>
<trkpt lat="39.767913026735187" lon="2.668988993391395">
<ele>267</ele>
</trkpt>
<trkpt lat="39.767900034785271" lon="2.668904000893235">
<ele>268</ele>
</trkpt>
<trkpt lat="39.76789902895689" lon="2.668661009520292">
<ele>269</ele>
</trkpt>
<trkpt lat="39.767903974279761" lon="2.668563025072217">
<ele>269</ele>
</trkpt>
<trkpt lat="39.767917972058058" lon="2.668522037565708">
<ele>269</ele>
</trkpt>
<trkpt lat="39.767872961238027" lon="2.668236969038844">
<ele>270</ele>
</trkpt>
<trkpt lat="39.767882013693452" lon="2.668210985139012">
<ele>271</ele>
</trkpt>
<trkpt lat="39.767896011471748" lon="2.668166980147362">
<ele>272</ele>
</trkpt>
<trkpt lat="39.767890982329845" lon="2.668008981272578">
<ele>273</ele>
</trkpt>
<trkpt lat="39.767897017300129" lon="2.667884007096291">
<ele>273</ele>
</trkpt>
<trkpt lat="39.767869021743536" lon="2.66781703568995">
<ele>274</ele>
</trkpt>
<trkpt lat="39.767853012308478" lon="2.667663982138038">
<ele>275</ele>
</trkpt>
<trkpt lat="39.767824010923505" lon="2.66756197437644">
<ele>275</ele>
</trkpt>
<trkpt lat="39.767814036458731" lon="2.667342033237219">
<ele>276</ele>
</trkpt>
<trkpt lat="39.767753016203642" lon="2.667220998555422">
<ele>276</ele>
</trkpt>
<trkpt lat="39.767687972635031" lon="2.667099041864276">
<ele>277</ele>
</trkpt>
<trkpt lat="39.767680009827018" lon="2.667058976367116">
<ele>277</ele>
</trkpt>
<trkpt lat="39.767646985128522" lon="2.666914975270629">
<ele>277</ele>
</trkpt>
<trkpt lat="39.767575990408659" lon="2.666767034679651">
<ele>278</ele>
</trkpt>
<trkpt lat="39.767541037872434" lon="2.666611969470978">
<ele>278</ele>
</trkpt>
<trkpt lat="39.767540032044053" lon="2.666527982801199">
<ele>277</ele>
</trkpt>
<trkpt lat="39.767558975145221" lon="2.666428992524743">
<ele>277</ele>
</trkpt>
<trkpt lat="39.76755503565073" lon="2.66640099696815">
<ele>277</ele>
</trkpt>
<trkpt lat="39.767544977366924" lon="2.666366966441274">
<ele>277</ele>
</trkpt>
<trkpt lat="39.767455961555243" lon="2.666260013356805">
<ele>277</ele>
</trkpt>
<trkpt lat="39.767377004027367" lon="2.666166974231601">
<ele>277</ele>
</trkpt>
<trkpt lat="39.767328975722194" lon="2.666065972298384">
<ele>276</ele>
</trkpt>
<trkpt lat="39.767235014587641" lon="2.665959019213915">
<ele>276</ele>
</trkpt>
<trkpt lat="39.767225040122867" lon="2.665881989523768">
<ele>275</ele>
</trkpt>
<trkpt lat="39.767155973240733" lon="2.665759027004242">
<ele>276</ele>
</trkpt>
<trkpt lat="39.767087996006012" lon="2.665633969008923">
<ele>275</ele>
</trkpt>
<trkpt lat="39.767009960487485" lon="2.66556398011744">
<ele>274</ele>
</trkpt>
<trkpt lat="39.766841987147927" lon="2.665426013991237">
<ele>274</ele>
</trkpt>
<trkpt lat="39.766752971336246" lon="2.665301039814949">
<ele>273</ele>
</trkpt>
<trkpt lat="39.766733022406697" lon="2.665204983204603">
<ele>273</ele>
</trkpt>
<trkpt lat="39.76671801880002" lon="2.665061987936497">
<ele>272</ele>
</trkpt>
<trkpt lat="39.766689017415047" lon="2.664985964074731">
<ele>272</ele>
</trkpt>
<trkpt lat="39.766572006046772" lon="2.664837017655373">
<ele>271</ele>
</trkpt>
<trkpt lat="39.766449965536594" lon="2.66480902209878">
<ele>271</ele>
</trkpt>
<trkpt lat="39.766428004950285" lon="2.664811033755541">
<ele>271</ele>
</trkpt>
<trkpt lat="39.766308981925249" lon="2.664793012663722">
<ele>271</ele>
</trkpt>
<trkpt lat="39.766298001632094" lon="2.664786977693439">
<ele>271</ele>
</trkpt>
<trkpt lat="39.766162969172001" lon="2.664783960208297">
<ele>271</ele>
</trkpt>
<trkpt lat="39.766017040237784" lon="2.664725035429001">
<ele>271</ele>
</trkpt>
<trkpt lat="39.765893993899226" lon="2.66463995911181">
<ele>270</ele>
</trkpt>
<trkpt lat="39.765829034149647" lon="2.664588997140527">
<ele>270</ele>
</trkpt>
<trkpt lat="39.765724008902907" lon="2.664479026570916">
<ele>269</ele>
</trkpt>
<trkpt lat="39.765689978376031" lon="2.664421023800969">
<ele>269</ele>
</trkpt>
<trkpt lat="39.765518987551332" lon="2.664179960265756">
<ele>269</ele>
</trkpt>
<trkpt lat="39.76542997173965" lon="2.664082981646061">
<ele>268</ele>
</trkpt>
<trkpt lat="39.765415973961353" lon="2.66403797082603">
<ele>268</ele>
</trkpt>
<trkpt lat="39.765347996726632" lon="2.663940992206335">
<ele>268</ele>
</trkpt>
<trkpt lat="39.765272978693247" lon="2.663806965574622">
<ele>268</ele>
</trkpt>
<trkpt lat="39.765249006450176" lon="2.663776958361268">
<ele>267</ele>
</trkpt>
<trkpt lat="39.765151022002101" lon="2.663678973913193">
<ele>266</ele>
</trkpt>
<trkpt lat="39.765135012567043" lon="2.663656007498503">
<ele>266</ele>
</trkpt>
<trkpt lat="39.765025964006782" lon="2.663587024435401">
<ele>265</ele>
</trkpt>
<trkpt lat="39.764904007315636" lon="2.663494991138578">
<ele>264</ele>
</trkpt>
<trkpt lat="39.764874000102282" lon="2.663415027782321">
<ele>264</ele>
</trkpt>
<trkpt lat="39.76487198844552" lon="2.663240013644099">
<ele>263</ele>
</trkpt>
<trkpt lat="39.764876011759043" lon="2.663116967305541">
<ele>262</ele>
</trkpt>
<trkpt lat="39.764866037294269" lon="2.663077991455793">
<ele>262</ele>
</trkpt>
<trkpt lat="39.764860002323985" lon="2.6630499958992">
<ele>261</ele>
</trkpt>
<trkpt lat="39.764780038967729" lon="2.662813039496541">
<ele>261</ele>
</trkpt>
<trkpt lat="39.764801999554038" lon="2.662693010643125">
<ele>260</ele>
</trkpt>
<trkpt lat="39.764831000939012" lon="2.662673983722925">
<ele>259</ele>
</trkpt>
<trkpt lat="39.764838041737676" lon="2.662468962371349">
<ele>260</ele>
</trkpt>
<trkpt lat="39.764834018424153" lon="2.662420012056828">
<ele>260</ele>
</trkpt>
<trkpt lat="39.764857990667224" lon="2.662312975153327">
<ele>261</ele>
</trkpt>
<trkpt lat="39.764874000102282" lon="2.662263019010425">
<ele>262</ele>
</trkpt>
<trkpt lat="39.764881040900946" lon="2.662145001813769">
<ele>262</ele>
</trkpt>
<trkpt lat="39.764852961525321" lon="2.662032013759017">
<ele>263</ele>
</trkpt>
<trkpt lat="39.764800993725657" lon="2.661865968257189">
<ele>265</ele>
</trkpt>
<trkpt lat="39.764797976240516" lon="2.661851970478892">
<ele>266</ele>
</trkpt>
<trkpt lat="39.764740979298949" lon="2.661634040996432">
<ele>266</ele>
</trkpt>
<trkpt lat="39.764709966257215" lon="2.661548964679241">
<ele>267</ele>
</trkpt>
<trkpt lat="39.764670990407467" lon="2.661449974402785">
<ele>268</ele>
</trkpt>
<trkpt lat="39.764589015394449" lon="2.661260040476918">
<ele>268</ele>
</trkpt>
<trkpt lat="39.764578035101295" lon="2.661225004121661">
<ele>269</ele>
</trkpt>
<trkpt lat="39.764578035101295" lon="2.661223998293281">
<ele>269</ele>
</trkpt>
<trkpt lat="39.764578035101295" lon="2.661223998293281">
<ele>268</ele>
</trkpt>
<trkpt lat="39.764578035101295" lon="2.661223998293281">
<ele>268</ele>
</trkpt>
<trkpt lat="39.764578035101295" lon="2.661223998293281">
<ele>268</ele>
</trkpt>
<trkpt lat="39.764578035101295" lon="2.661223998293281">
<ele>268</ele>
</trkpt>
<trkpt lat="39.764529000967741" lon="2.66115996055305">
<ele>267</ele>
</trkpt>
<trkpt lat="39.76450402289629" lon="2.661121990531683">
<ele>267</ele>
</trkpt>
<trkpt lat="39.764403020963073" lon="2.660970026627183">
<ele>267</ele>
</trkpt>
<trkpt lat="39.764293972402811" lon="2.66081496141851">
<ele>266</ele>
</trkpt>
<trkpt lat="39.764279974624515" lon="2.660781014710665">
<ele>266</ele>
</trkpt>
<trkpt lat="39.76416002959013" lon="2.660573981702328">
<ele>265</ele>
</trkpt>
<trkpt lat="39.764133039861917" lon="2.660553026944399">
<ele>264</ele>
</trkpt>
<trkpt lat="39.764043018221855" lon="2.66042604111135">
<ele>264</ele>
</trkpt>
<trkpt lat="39.763932041823864" lon="2.660198975354433">
<ele>263</ele>
</trkpt>
<trkpt lat="39.763919971883297" lon="2.660177014768124">
<ele>262</ele>
</trkpt>
<trkpt lat="39.763778988271952" lon="2.660052962601185">
<ele>261</ele>
</trkpt>
<trkpt lat="39.763701958581805" lon="2.659978028386831">
<ele>260</ele>
</trkpt>
<trkpt lat="39.763626018539071" lon="2.659916002303362">
<ele>260</ele>
</trkpt>
<trkpt lat="39.763546977192163" lon="2.659792033955455">
<ele>259</ele>
</trkpt>
<trkpt lat="39.763520993292332" lon="2.659629005938768">
<ele>258</ele>
</trkpt>
<trkpt lat="39.763487968593836" lon="2.659479975700378">
<ele>257</ele>
</trkpt>
<trkpt lat="39.763485034927726" lon="2.659468995407224">
<ele>257</ele>
</trkpt>
<trkpt lat="39.763296023011208" lon="2.659269003197551">
<ele>256</ele>
</trkpt>
<trkpt lat="39.763166019693017" lon="2.659174036234617">
<ele>255</ele>
</trkpt>
<trkpt lat="39.763123020529747" lon="2.659107986837626">
<ele>254</ele>
</trkpt>
<trkpt lat="39.763014977797866" lon="2.659059036523104">
<ele>254</ele>
</trkpt>
<trkpt lat="39.763003997504711" lon="2.659062976017594">
<ele>253</ele>
</trkpt>
<trkpt lat="39.762934008613229" lon="2.659113015979528">
<ele>252</ele>
</trkpt>
<trkpt lat="39.762815991416574" lon="2.659014025703073">
<ele>252</ele>
</trkpt>
<trkpt lat="39.762752037495375" lon="2.658949987962842">
<ele>251</ele>
</trkpt>
<trkpt lat="39.762578029185534" lon="2.65886097215116">
<ele>249</ele>
</trkpt>
<trkpt lat="39.762553973123431" lon="2.658768016844988">
<ele>248</ele>
</trkpt>
<trkpt lat="39.762534024193883" lon="2.658746978268027">
<ele>246</ele>
</trkpt>
<trkpt lat="39.762493036687374" lon="2.658541034907103">
<ele>244</ele>
</trkpt>
<trkpt lat="39.762433022260666" lon="2.658399967476726">
<ele>242</ele>
</trkpt>
<trkpt lat="39.762427993118763" lon="2.658369038254023">
<ele>241</ele>
</trkpt>
<trkpt lat="39.762347023934126" lon="2.658160999417305">
<ele>239</ele>
</trkpt>
<trkpt lat="39.762341994792223" lon="2.658139038830996">
<ele>237</ele>
</trkpt>
<trkpt lat="39.762320034205914" lon="2.6580869872123">
<ele>236</ele>
</trkpt>
<trkpt lat="39.762245016172528" lon="2.657995037734509">
<ele>234</ele>
</trkpt>
<trkpt lat="39.762224983423948" lon="2.657879032194614">
<ele>232</ele>
</trkpt>
<trkpt lat="39.762245016172528" lon="2.657908033579588">
<ele>231</ele>
</trkpt>
<trkpt lat="39.762310981750488" lon="2.657882971689105">
<ele>230</ele>
</trkpt>
<trkpt lat="39.76233403198421" lon="2.65782899223268">
<ele>228</ele>
</trkpt>
<trkpt lat="39.762368984520435" lon="2.657693037763238">
<ele>226</ele>
</trkpt>
<trkpt lat="39.762392034754157" lon="2.657622965052724">
<ele>225</ele>
</trkpt>
<trkpt lat="39.7625089623034" lon="2.65763696283102">
<ele>224</ele>
</trkpt>
<trkpt lat="39.762537963688374" lon="2.657603016123176">
<ele>222</ele>
</trkpt>
<trkpt lat="39.762597978115082" lon="2.657514000311494">
<ele>220</ele>
</trkpt>
<trkpt lat="39.762597978115082" lon="2.657500002533197">
<ele>219</ele>
</trkpt>
<trkpt lat="39.762638965621591" lon="2.657352983951569">
<ele>217</ele>
</trkpt>
<trkpt lat="39.762680036947131" lon="2.657336974516511">
<ele>215</ele>
</trkpt>
<trkpt lat="39.762766035273671" lon="2.657411992549896">
<ele>212</ele>
</trkpt>
<trkpt lat="39.762917999178171" lon="2.657473012804985">
<ele>210</ele>
</trkpt>
<trkpt lat="39.763016989454627" lon="2.65750695951283">
<ele>208</ele>
</trkpt>
<trkpt lat="39.763078009709716" lon="2.657536966726184">
<ele>206</ele>
</trkpt>
<trkpt lat="39.763253023847938" lon="2.65754702500999">
<ele>204</ele>
</trkpt>
<trkpt lat="39.763334998860955" lon="2.657564040273428">
<ele>201</ele>
</trkpt>
<trkpt lat="39.763457961380482" lon="2.657536966726184">
<ele>199</ele>
</trkpt>
<trkpt lat="39.763513030484319" lon="2.657531015574932">
<ele>197</ele>
</trkpt>
<trkpt lat="39.763626018539071" lon="2.65759396366775">
<ele>196</ele>
</trkpt>
<trkpt lat="39.76373297162354" lon="2.657626988366246">
<ele>195</ele>
</trkpt>
<trkpt lat="39.763760967180133" lon="2.657629000023007">
<ele>194</ele>
</trkpt>
<trkpt lat="39.763891976326704" lon="2.657642997801304">
<ele>193</ele>
</trkpt>
<trkpt lat="39.764027008786798" lon="2.657679039984942">
<ele>192</ele>
</trkpt>
<trkpt lat="39.764047963544726" lon="2.657692031934857">
<ele>190</ele>
</trkpt>
<trkpt lat="39.764170004054904" lon="2.657767971977592">
<ele>189</ele>
</trkpt>
<trkpt lat="39.764178972691298" lon="2.657776018604636">
<ele>188</ele>
</trkpt>
<trkpt lat="39.76427000015974" lon="2.657922031357884">
<ele>187</ele>
</trkpt>
<trkpt lat="39.764286009594798" lon="2.657942986115813">
<ele>186</ele>
</trkpt>
<trkpt lat="39.764305958524346" lon="2.657952960580587">
<ele>185</ele>
</trkpt>
<trkpt lat="39.764363039284945" lon="2.658041976392269">
<ele>184</ele>
</trkpt>
<trkpt lat="39.764544004574418" lon="2.658257978037">
<ele>183</ele>
</trkpt>
<trkpt lat="39.764598989859223" lon="2.658289996907115">
<ele>182</ele>
</trkpt>
<trkpt lat="39.764716001227498" lon="2.658283039927483">
<ele>180</ele>
</trkpt>
<trkpt lat="39.764751037582755" lon="2.658274993300438">
<ele>179</ele>
</trkpt>
<trkpt lat="39.764938959851861" lon="2.658232999965549">
<ele>178</ele>
</trkpt>
<trkpt lat="39.765073992311954" lon="2.658168962225318">
<ele>177</ele>
</trkpt>
<trkpt lat="39.765176000073552" lon="2.658134009689093">
<ele>176</ele>
</trkpt>
<trkpt lat="39.765338022261858" lon="2.658225037157536">
<ele>175</ele>
</trkpt>
<trkpt lat="39.765427960082889" lon="2.658375995233655">
<ele>174</ele>
</trkpt>
<trkpt lat="39.765517981722951" lon="2.658525025472045">
<ele>173</ele>
</trkpt>
<trkpt lat="39.765629963949323" lon="2.658682018518448">
<ele>172</ele>
</trkpt>
<trkpt lat="39.76564203388989" lon="2.658702973276377">
<ele>171</ele>
</trkpt>
<trkpt lat="39.765735995024443" lon="2.65883800573647">
<ele>170</ele>
</trkpt>
<trkpt lat="39.76581696420908" lon="2.658983012661338">
<ele>168</ele>
</trkpt>
<trkpt lat="39.765831967815757" lon="2.659005979076028">
<ele>167</ele>
</trkpt>
<trkpt lat="39.765935987234116" lon="2.659108992666006">
<ele>166</ele>
</trkpt>
<trkpt lat="39.76596599444747" lon="2.659054007381201">
<ele>165</ele>
</trkpt>
<trkpt lat="39.765939004719257" lon="2.658949987962842">
<ele>164</ele>
</trkpt>
<trkpt lat="39.765908997505903" lon="2.658899025991559">
<ele>163</ele>
</trkpt>
<trkpt lat="39.765832973644137" lon="2.658762987703085">
<ele>162</ele>
</trkpt>
<trkpt lat="39.765829034149647" lon="2.658680006861687">
<ele>161</ele>
</trkpt>
<trkpt lat="39.765763990581036" lon="2.658539023250341">
<ele>160</ele>
</trkpt>
<trkpt lat="39.765710011124611" lon="2.658406002447009">
<ele>160</ele>
</trkpt>
<trkpt lat="39.765696013346314" lon="2.658338025212288">
<ele>159</ele>
</trkpt>
<trkpt lat="39.76581797003746" lon="2.658337019383907">
<ele>158</ele>
</trkpt>
<trkpt lat="39.765894999727607" lon="2.658507004380226">
<ele>157</ele>
</trkpt>
<trkpt lat="39.765933975577354" lon="2.658577999100089">
<ele>156</ele>
</trkpt>
<trkpt lat="39.766037994995713" lon="2.658612029626966">
<ele>155</ele>
</trkpt>
<trkpt lat="39.766057021915913" lon="2.658555032685399">
<ele>154</ele>
</trkpt>
<trkpt lat="39.766028020530939" lon="2.658417988568544">
<ele>153</ele>
</trkpt>
<trkpt lat="39.765973035246134" lon="2.658246997743845">
<ele>152</ele>
</trkpt>
<trkpt lat="39.765927018597722" lon="2.658139960840344">
<ele>151</ele>
</trkpt>
<trkpt lat="39.765869015827775" lon="2.657952038571239">
<ele>150</ele>
</trkpt>
<trkpt lat="39.765862980857491" lon="2.657917002215982">
<ele>149</ele>
</trkpt>
<trkpt lat="39.765820987522602" lon="2.657743999734521">
<ele>148</ele>
</trkpt>
<trkpt lat="39.765792991966009" lon="2.657564962282777">
<ele>147</ele>
</trkpt>
<trkpt lat="39.765825010836124" lon="2.657468989491463">
<ele>146</ele>
</trkpt>
<trkpt lat="39.765950990840793" lon="2.65759103000164">
<ele>145</ele>
</trkpt>
<trkpt lat="39.765961971133947" lon="2.657671999186277">
<ele>144</ele>
</trkpt>
<trkpt lat="39.765963982790709" lon="2.657821029424667">
<ele>143</ele>
</trkpt>
<trkpt lat="39.765975968912244" lon="2.657882971689105">
<ele>142</ele>
</trkpt>
<trkpt lat="39.7660300321877" lon="2.658081036061049">
<ele>141</ele>
</trkpt>
<trkpt lat="39.76607202552259" lon="2.658190000802279">
<ele>140</ele>
</trkpt>
<trkpt lat="39.766119970008731" lon="2.658202992752194">
<ele>140</ele>
</trkpt>
<trkpt lat="39.7661819960922" lon="2.658034013584256">
<ele>139</ele>
</trkpt>
<trkpt lat="39.766194988042116" lon="2.657798985019326">
<ele>138</ele>
</trkpt>
<trkpt lat="39.766200017184019" lon="2.6576569955796">
<ele>137</ele>
</trkpt>
<trkpt lat="39.766175039112568" lon="2.65746396034956">
<ele>136</ele>
</trkpt>
<trkpt lat="39.766166992485523" lon="2.657416015863419">
<ele>135</ele>
</trkpt>
<trkpt lat="39.766049981117249" lon="2.657167995348573">
<ele>134</ele>
</trkpt>
<trkpt lat="39.766020979732275" lon="2.657135976478458">
<ele>133</ele>
</trkpt>
<trkpt lat="39.76594403386116" lon="2.656998010352254">
<ele>132</ele>
</trkpt>
<trkpt lat="39.765896005555987" lon="2.656893990933895">
<ele>131</ele>
</trkpt>
<trkpt lat="39.765850994735956" lon="2.656721994280815">
<ele>130</ele>
</trkpt>
<trkpt lat="39.765764996409416" lon="2.656573969870806">
<ele>129</ele>
</trkpt>
<trkpt lat="39.76572803221643" lon="2.656523007899523">
<ele>128</ele>
</trkpt>
<trkpt lat="39.76572903804481" lon="2.656379006803036">
<ele>127</ele>
</trkpt>
<trkpt lat="39.765753010287881" lon="2.656356040388346">
<ele>126</ele>
</trkpt>
<trkpt lat="39.765756027773023" lon="2.656243974342942">
<ele>125</ele>
</trkpt>
<trkpt lat="39.765758039429784" lon="2.656057979911566">
<ele>123</ele>
</trkpt>
<trkpt lat="39.765756027773023" lon="2.656064014881849">
<ele>122</ele>
</trkpt>
<trkpt lat="39.765755021944642" lon="2.656062003225088">
<ele>120</ele>
</trkpt>
<trkpt lat="39.765755021944642" lon="2.656062003225088">
<ele>119</ele>
</trkpt>
<trkpt lat="39.7657520044595" lon="2.655910039320588">
<ele>118</ele>
</trkpt>
<trkpt lat="39.76570799946785" lon="2.655737958848476">
<ele>116</ele>
</trkpt>
<trkpt lat="39.765691990032792" lon="2.65565799549222">
<ele>115</ele>
</trkpt>
<trkpt lat="39.765628036111593" lon="2.65559496358037">
<ele>113</ele>
</trkpt>
<trkpt lat="39.76549400947988" lon="2.655441993847489">
<ele>112</ele>
</trkpt>
<trkpt lat="39.765397030860186" lon="2.655300004407764">
<ele>111</ele>
</trkpt>
<trkpt lat="39.76538697257638" lon="2.655226998031139">
<ele>109</ele>
</trkpt>
<trkpt lat="39.765316983684897" lon="2.655091965571046">
<ele>108</ele>
</trkpt>
<trkpt lat="39.765221010893583" lon="2.655027005821466">
<ele>107</ele>
</trkpt>
<trkpt lat="39.765124032273889" lon="2.654817039147019">
<ele>106</ele>
</trkpt>
<trkpt lat="39.765123026445508" lon="2.654794994741678">
<ele>104</ele>
</trkpt>
<trkpt lat="39.765087990090251" lon="2.654613023623824">
<ele>103</ele>
</trkpt>
<trkpt lat="39.765056977048516" lon="2.654462987557054">
<ele>102</ele>
</trkpt>
<trkpt lat="39.765045996755362" lon="2.654341030865908">
<ele>100</ele>
</trkpt>
<trkpt lat="39.765082960948348" lon="2.654337007552385">
<ele>99</ele>
</trkpt>
<trkpt lat="39.76521598175168" lon="2.654284033924341">
<ele>97</ele>
</trkpt>
<trkpt lat="39.76519200950861" lon="2.654179008677602">
<ele>96</ele>
</trkpt>
<trkpt lat="39.765174994245172" lon="2.654051017016172">
<ele>94</ele>
</trkpt>
<trkpt lat="39.765191003680229" lon="2.653975998982787">
<ele>92</ele>
</trkpt>
<trkpt lat="39.765191003680229" lon="2.653975998982787">
<ele>90</ele>
</trkpt>
<trkpt lat="39.765189997851849" lon="2.653977004811168">
<ele>89</ele>
</trkpt>
<trkpt lat="39.765184968709946" lon="2.653951020911336">
<ele>87</ele>
</trkpt>
<trkpt lat="39.765184968709946" lon="2.653951020911336">
<ele>86</ele>
</trkpt>
<trkpt lat="39.765184968709946" lon="2.653951020911336">
<ele>85</ele>
</trkpt>
<trkpt lat="39.765184968709946" lon="2.653951020911336">
<ele>85</ele>
</trkpt>
<trkpt lat="39.765184968709946" lon="2.653951020911336">
<ele>84</ele>
</trkpt>
<trkpt lat="39.765184968709946" lon="2.653951020911336">
<ele>83</ele>
</trkpt>
<trkpt lat="39.765264010056853" lon="2.653928976505995">
<ele>82</ele>
</trkpt>
<trkpt lat="39.765378003939986" lon="2.654070965945721">
<ele>81</ele>
</trkpt>
<trkpt lat="39.765392001718283" lon="2.654113965108991">
<ele>81</ele>
</trkpt>
<trkpt lat="39.765487974509597" lon="2.65423801727593">
<ele>80</ele>
</trkpt>
<trkpt lat="39.765543965622783" lon="2.654343964532018">
<ele>79</ele>
</trkpt>
<trkpt lat="39.765594005584717" lon="2.654437003657222">
<ele>78</ele>
</trkpt>
<trkpt lat="39.765715040266514" lon="2.654499029740691">
<ele>77</ele>
</trkpt>
<trkpt lat="39.765801038593054" lon="2.654585028067231">
<ele>76</ele>
</trkpt>
<trkpt lat="39.765897011384368" lon="2.654693992808461">
<ele>75</ele>
</trkpt>
<trkpt lat="39.765916038304567" lon="2.654702039435506">
<ele>74</ele>
</trkpt>
<trkpt lat="39.766044029965997" lon="2.654747972264886">
<ele>72</ele>
</trkpt>
<trkpt lat="39.766161041334271" lon="2.654835982248187">
<ele>71</ele>
</trkpt>
<trkpt lat="39.766232036054134" lon="2.654862971976399">
<ele>70</ele>
</trkpt>
<trkpt lat="39.766338989138603" lon="2.654840005561709">
<ele>69</ele>
</trkpt>
<trkpt lat="39.76641702465713" lon="2.654786026105285">
<ele>68</ele>
</trkpt>
<trkpt lat="39.766474021598697" lon="2.654739003628492">
<ele>66</ele>
</trkpt>
<trkpt lat="39.766359021887183" lon="2.654688041657209">
<ele>64</ele>
</trkpt>
<trkpt lat="39.766413001343608" lon="2.654603971168399">
<ele>62</ele>
</trkpt>
<trkpt lat="39.766451977193356" lon="2.654593996703625">
<ele>60</ele>
</trkpt>
<trkpt lat="39.766577035188675" lon="2.654548985883594">
<ele>58</ele>
</trkpt>
<trkpt lat="39.766615005210042" lon="2.654524007812142">
<ele>55</ele>
</trkpt>
<trkpt lat="39.76661098189652" lon="2.654313035309315">
<ele>53</ele>
</trkpt>
<trkpt lat="39.766609976068139" lon="2.654270958155394">
<ele>51</ele>
</trkpt>
<trkpt lat="39.766660016030073" lon="2.654101978987455">
<ele>49</ele>
</trkpt>
<trkpt lat="39.766672002151608" lon="2.654009023681283">
<ele>47</ele>
</trkpt>
<trkpt lat="39.766687005758286" lon="2.653888994827867">
<ele>45</ele>
</trkpt>
<trkpt lat="39.766676025465131" lon="2.653784975409508">
<ele>43</ele>
</trkpt>
<trkpt lat="39.76663202047348" lon="2.653613984584808">
<ele>41</ele>
</trkpt>
<trkpt lat="39.766623973846436" lon="2.653603004291654">
<ele>39</ele>
</trkpt>
<trkpt lat="39.766603019088507" lon="2.653393037617207">
<ele>37</ele>
</trkpt>
<trkpt lat="39.766591032966971" lon="2.653280971571803">
<ele>35</ele>
</trkpt>
<trkpt lat="39.766663033515215" lon="2.653194973245263">
<ele>33</ele>
</trkpt>
<trkpt lat="39.766746014356613" lon="2.653152979910374">
<ele>31</ele>
</trkpt>
<trkpt lat="39.766777027398348" lon="2.653138982132077">
<ele>29</ele>
</trkpt>
<trkpt lat="39.766870988532901" lon="2.653026999905706">
<ele>27</ele>
</trkpt>
<trkpt lat="39.76673997938633" lon="2.652876041829586">
<ele>26</ele>
</trkpt>
<trkpt lat="39.766687005758286" lon="2.652761964127421">
<ele>26</ele>
</trkpt>
<trkpt lat="39.76667401380837" lon="2.652715025469661">
<ele>25</ele>
</trkpt>
<trkpt lat="39.766656998544931" lon="2.652588039636612">
<ele>25</ele>
</trkpt>
<trkpt lat="39.766603019088507" lon="2.652433980256319">
<ele>24</ele>
</trkpt>
<trkpt lat="39.766587009653449" lon="2.652352005243301">
<ele>23</ele>
</trkpt>
<trkpt lat="39.766531018540263" lon="2.652280004695058">
<ele>23</ele>
</trkpt>
<trkpt lat="39.766489025205374" lon="2.652169028297067">
<ele>22</ele>
</trkpt>
<trkpt lat="39.766436973586679" lon="2.652146983891726">
<ele>22</ele>
</trkpt>
<trkpt lat="39.766262965276837" lon="2.652064003050327">
<ele>21</ele>
</trkpt>
<trkpt lat="39.766220971941948" lon="2.651989990845323">
<ele>22</ele>
</trkpt>
<trkpt lat="39.766031038016081" lon="2.651980016380549">
<ele>23</ele>
</trkpt>
<trkpt lat="39.765958031639457" lon="2.651884965598583">
<ele>24</ele>
</trkpt>
<trkpt lat="39.765912014991045" lon="2.651843978092074">
<ele>25</ele>
</trkpt>
<trkpt lat="39.765811013057828" lon="2.651828974485397">
<ele>26</ele>
</trkpt>
<trkpt lat="39.765683021396399" lon="2.651792010292411">
<ele>27</ele>
</trkpt>
<trkpt lat="39.765669023618102" lon="2.651778012514114">
<ele>28</ele>
</trkpt>
<trkpt lat="39.765553018078208" lon="2.651673993095756">
<ele>29</ele>
</trkpt>
<trkpt lat="39.765495015308261" lon="2.651452040299773">
<ele>30</ele>
</trkpt>
<trkpt lat="39.765490991994739" lon="2.651394037529826">
<ele>31</ele>
</trkpt>
<trkpt lat="39.765443969517946" lon="2.65125397592783">
<ele>31</ele>
</trkpt>
<trkpt lat="39.765371968969703" lon="2.651224974542856">
<ele>32</ele>
</trkpt>
<trkpt lat="39.765239031985402" lon="2.651111986488104">
<ele>32</ele>
</trkpt>
<trkpt lat="39.765225034207106" lon="2.651096982881427">
<ele>32</ele>
</trkpt>
<trkpt lat="39.765078015625477" lon="2.651067981496453">
<ele>32</ele>
</trkpt>
<trkpt lat="39.765040967613459" lon="2.651027999818325">
<ele>33</ele>
</trkpt>
<trkpt lat="39.764919010922313" lon="2.650950970128179">
<ele>33</ele>
</trkpt>
<trkpt lat="39.764899984002113" lon="2.650933032855392">
<ele>33</ele>
</trkpt>
<trkpt lat="39.764880035072565" lon="2.650813004001975">
<ele>34</ele>
</trkpt>
<trkpt lat="39.764765035361052" lon="2.650727005675435">
<ele>34</ele>
</trkpt>
<trkpt lat="39.764722036197782" lon="2.65071602538228">
<ele>34</ele>
</trkpt>
<trkpt lat="39.764683982357383" lon="2.650619968771935">
<ele>34</ele>
</trkpt>
<trkpt lat="39.76469999179244" lon="2.650418970733881">
<ele>34</ele>
</trkpt>
<trkpt lat="39.764616005122662" lon="2.650335989892483">
<ele>34</ele>
</trkpt>
<trkpt lat="39.76456998847425" lon="2.650277987122536">
<ele>34</ele>
</trkpt>
<trkpt lat="39.764516009017825" lon="2.650191988795996">
<ele>33</ele>
</trkpt>
<trkpt lat="39.764492036774755" lon="2.650120994076133">
<ele>33</ele>
</trkpt>
<trkpt lat="39.764367984607816" lon="2.649961989372969">
<ele>33</ele>
</trkpt>
<trkpt lat="39.764344012364745" lon="2.649880014359951">
<ele>33</ele>
</trkpt>
<trkpt lat="39.764315010979772" lon="2.649813964962959">
<ele>33</ele>
</trkpt>
<trkpt lat="39.764245022088289" lon="2.649678010493517">
<ele>33</ele>
</trkpt>
<trkpt lat="39.764151982963085" lon="2.649625958874822">
<ele>33</ele>
</trkpt>
<trkpt lat="39.76414100266993" lon="2.649463014677167">
<ele>33</ele>
</trkpt>
<trkpt lat="39.764110995456576" lon="2.649342985823751">
<ele>33</ele>
</trkpt>
<trkpt lat="39.764042012393475" lon="2.649272996932268">
<ele>33</ele>
</trkpt>
<trkpt lat="39.763960037380457" lon="2.649208959192038">
<ele>33</ele>
</trkpt>
<trkpt lat="39.763917038217187" lon="2.649080967530608">
<ele>33</ele>
</trkpt>
<trkpt lat="39.763912009075284" lon="2.648952975869179">
<ele>33</ele>
</trkpt>
<trkpt lat="39.763917960226536" lon="2.648877035826445">
<ele>33</ele>
</trkpt>
<trkpt lat="39.763863980770111" lon="2.64867695979774">
<ele>33</ele>
</trkpt>
<trkpt lat="39.763774964958429" lon="2.648560032248497">
<ele>33</ele>
</trkpt>
<trkpt lat="39.763692989945412" lon="2.648485014215112">
<ele>33</ele>
</trkpt>
<trkpt lat="39.763640016317368" lon="2.648460036143661">
<ele>33</ele>
</trkpt>
<trkpt lat="39.763541026040912" lon="2.648333972319961">
<ele>33</ele>
</trkpt>
<trkpt lat="39.763457039371133" lon="2.648296002298594">
<ele>32</ele>
</trkpt>
<trkpt lat="39.763342039659619" lon="2.648306982591748">
<ele>32</ele>
</trkpt>
<trkpt lat="39.763309014961123" lon="2.648274041712284">
<ele>32</ele>
</trkpt>
<trkpt lat="39.763256041333079" lon="2.6481609698385">
<ele>32</ele>
</trkpt>
<trkpt lat="39.763267021626234" lon="2.648132974281907">
<ele>32</ele>
</trkpt>
<trkpt lat="39.763319995254278" lon="2.648085029795766">
<ele>32</ele>
</trkpt>
<trkpt lat="39.763305997475982" lon="2.648040018975735">
<ele>32</ele>
</trkpt>
<trkpt lat="39.763353019952774" lon="2.647904986515641">
<ele>32</ele>
</trkpt>
<trkpt lat="39.763350002467632" lon="2.647793004289269">
<ele>31</ele>
</trkpt>
<trkpt lat="39.763314966112375" lon="2.647724021226168">
<ele>31</ele>
</trkpt>
<trkpt lat="39.763304991647601" lon="2.647629976272583">
<ele>31</ele>
</trkpt>
<trkpt lat="39.763318989425898" lon="2.64764497987926">
<ele>31</ele>
</trkpt>
<trkpt lat="39.76328001357615" lon="2.647616984322667">
<ele>31</ele>
</trkpt>
<trkpt lat="39.763235002756119" lon="2.647550012916327">
<ele>30</ele>
</trkpt>
<trkpt lat="39.763164008036256" lon="2.64740701764822">
<ele>30</ele>
</trkpt>
<trkpt lat="39.763135006651282" lon="2.647305009886622">
<ele>30</ele>
</trkpt>
<trkpt lat="39.763203989714384" lon="2.64727802015841">
<ele>29</ele>
</trkpt>
<trkpt lat="39.763262998312712" lon="2.647284977138042">
<ele>28</ele>
</trkpt>
<trkpt lat="39.763365006074309" lon="2.647267039865255">
<ele>26</ele>
</trkpt>
<trkpt lat="39.763389984145761" lon="2.647215994074941">
<ele>25</ele>
</trkpt>
<trkpt lat="39.763332987204194" lon="2.64706302434206">
<ele>24</ele>
</trkpt>
<trkpt lat="39.763322006911039" lon="2.6470419857651">
<ele>23</ele>
</trkpt>
<trkpt lat="39.763250006362796" lon="2.646888010203838">
<ele>22</ele>
</trkpt>
<trkpt lat="39.763258974999189" lon="2.64684802852571">
<ele>20</ele>
</trkpt>
<trkpt lat="39.763262998312712" lon="2.646801006048918">
<ele>19</ele>
</trkpt>
<trkpt lat="39.76302201859653" lon="2.646702015772462">
<ele>18</ele>
</trkpt>
<trkpt lat="39.762989999726415" lon="2.64667502604425">
<ele>18</ele>
</trkpt>
<trkpt lat="39.76308798417449" lon="2.646567989140749">
<ele>18</ele>
</trkpt>
<trkpt lat="39.763088990002871" lon="2.646562959998846">
<ele>18</ele>
</trkpt>
<trkpt lat="39.762976001948118" lon="2.646582992747426">
<ele>18</ele>
</trkpt>
<trkpt lat="39.762963009998202" lon="2.646631021052599">
<ele>18</ele>
</trkpt>
<trkpt lat="39.762930991128087" lon="2.646630015224218">
<ele>18</ele>
</trkpt>
<trkpt lat="39.762855973094702" lon="2.646452989429236">
<ele>18</ele>
</trkpt>
<trkpt lat="39.762857984751463" lon="2.646434968337417">
<ele>18</ele>
</trkpt>
<trkpt lat="39.762885980308056" lon="2.646351987496018">
<ele>18</ele>
</trkpt>
<trkpt lat="39.76289302110672" lon="2.646284010261297">
<ele>18</ele>
</trkpt>
<trkpt lat="39.762873994186521" lon="2.646016962826252">
<ele>18</ele>
</trkpt>
<trkpt lat="39.762869970872998" lon="2.646004976704717">
<ele>19</ele>
</trkpt>
<trkpt lat="39.762762011960149" lon="2.645888971164823">
<ele>19</ele>
</trkpt>
<trkpt lat="39.762732004746795" lon="2.645862987264991">
<ele>20</ele>
</trkpt>
<trkpt lat="39.762723036110401" lon="2.64586097560823">
<ele>20</ele>
</trkpt>
<trkpt lat="39.762622034177184" lon="2.645762991160154">
<ele>20</ele>
</trkpt>
<trkpt lat="39.76252899505198" lon="2.64566601254046">
<ele>21</ele>
</trkpt>
<trkpt lat="39.762438973411918" lon="2.645634999498725">
<ele>21</ele>
</trkpt>
<trkpt lat="39.762417012825608" lon="2.645629970356822">
<ele>22</ele>
</trkpt>
<trkpt lat="39.762292038649321" lon="2.645651008933783">
<ele>22</ele>
</trkpt>
<trkpt lat="39.762231018394232" lon="2.645638016983867">
<ele>22</ele>
</trkpt>
<trkpt lat="39.762224983423948" lon="2.645594011992216">
<ele>22</ele>
</trkpt>
<trkpt lat="39.762173015624285" lon="2.645482029765844">
<ele>22</ele>
</trkpt>
<trkpt lat="39.762086011469364" lon="2.645460991188884">
<ele>22</ele>
</trkpt>
<trkpt lat="39.76201300509274" lon="2.645469959825277">
<ele>22</ele>
</trkpt>
<trkpt lat="39.76197000592947" lon="2.64547498896718">
<ele>22</ele>
</trkpt>
<trkpt lat="39.761832961812615" lon="2.645466020330787">
<ele>22</ele>
</trkpt>
<trkpt lat="39.761788034811616" lon="2.645453028380871">
<ele>22</ele>
</trkpt>
<trkpt lat="39.761740006506443" lon="2.64551798813045">
<ele>22</ele>
</trkpt>
<trkpt lat="39.761707987636328" lon="2.645335011184216">
<ele>22</ele>
</trkpt>
<trkpt lat="39.761706981807947" lon="2.645308021456003">
<ele>22</ele>
</trkpt>
<trkpt lat="39.761679992079735" lon="2.645251024514437">
<ele>23</ele>
</trkpt>
<trkpt lat="39.761689966544509" lon="2.645163014531136">
<ele>24</ele>
</trkpt>
<trkpt lat="39.761689966544509" lon="2.645163014531136">
<ele>24</ele>
</trkpt>
<trkpt lat="39.761588964611292" lon="2.645127978175879">
<ele>24</ele>
</trkpt>
<trkpt lat="39.761593993753195" lon="2.64497903175652">
<ele>25</ele>
</trkpt>
<trkpt lat="39.761573961004615" lon="2.644931003451347">
<ele>26</ele>
</trkpt>
<trkpt lat="39.761554012075067" lon="2.644793959334493">
<ele>26</ele>
</trkpt>
<trkpt lat="39.761530961841345" lon="2.644695974886417">
<ele>26</ele>
</trkpt>
<trkpt lat="39.76149600930512" lon="2.6445949729532">
<ele>27</ele>
</trkpt>
<trkpt lat="39.761545965448022" lon="2.644391963258386">
<ele>27</ele>
</trkpt>
<trkpt lat="39.761552000418305" lon="2.644273024052382">
<ele>28</ele>
</trkpt>
<trkpt lat="39.761543031781912" lon="2.644255002960563">
<ele>28</ele>
</trkpt>
<trkpt lat="39.76151998154819" lon="2.644162969663739">
<ele>29</ele>
</trkpt>
<trkpt lat="39.761552000418305" lon="2.643911009654403">
<ele>29</ele>
</trkpt>
<trkpt lat="39.761483017355204" lon="2.643803972750902">
<ele>29</ele>
</trkpt>
<trkpt lat="39.761479999870062" lon="2.643800033256412">
<ele>30</ele>
</trkpt>
<trkpt lat="39.761294005438685" lon="2.643673969432712">
<ele>30</ele>
</trkpt>
<trkpt lat="39.761199960485101" lon="2.643606998026371">
<ele>31</ele>
</trkpt>
<trkpt lat="39.761212030425668" lon="2.643577996641398">
<ele>31</ele>
</trkpt>
<trkpt lat="39.761170037090778" lon="2.643528962507844">
<ele>31</ele>
</trkpt>
<trkpt lat="39.761103987693787" lon="2.64345302246511">
<ele>31</ele>
</trkpt>
<trkpt lat="39.76104598492384" lon="2.643323019146919">
<ele>32</ele>
</trkpt>
<trkpt lat="39.761050008237362" lon="2.643151022493839">
<ele>32</ele>
</trkpt>
<trkpt lat="39.761081021279097" lon="2.643096037209034">
<ele>32</ele>
</trkpt>
<trkpt lat="39.761129971593618" lon="2.6430459972471">
<ele>32</ele>
</trkpt>
<trkpt lat="39.761181017383933" lon="2.642976008355618">
<ele>32</ele>
</trkpt>
<trkpt lat="39.761162996292114" lon="2.642979025840759">
<ele>33</ele>
</trkpt>
<trkpt lat="39.76117498241365" lon="2.642973996698856">
<ele>33</ele>
</trkpt>
<trkpt lat="39.761171964928508" lon="2.642951030284166">
<ele>33</ele>
</trkpt>
<trkpt lat="39.761210018768907" lon="2.642771992832422">
<ele>33</ele>
</trkpt>
<trkpt lat="39.761223010718822" lon="2.642721030861139">
<ele>32</ele>
</trkpt>
<trkpt lat="39.761198032647371" lon="2.642486002296209">
<ele>32</ele>
</trkpt>
<trkpt lat="39.761199960485101" lon="2.642439985647798">
<ele>32</ele>
</trkpt>
<trkpt lat="39.761172970756888" lon="2.642318028956652">
<ele>32</ele>
</trkpt>
<trkpt lat="39.761161990463734" lon="2.642291039228439">
<ele>31</ele>
</trkpt>
<trkpt lat="39.761147992685437" lon="2.642119964584708">
<ele>31</ele>
</trkpt>
<trkpt lat="39.761142041534185" lon="2.642090963199735">
<ele>31</ele>
</trkpt>
<trkpt lat="39.761184034869075" lon="2.642113007605076">
<ele>30</ele>
</trkpt>
<trkpt lat="39.761061994358897" lon="2.642018040642142">
<ele>30</ele>
</trkpt>
<trkpt lat="39.760985970497131" lon="2.642018040642142">
<ele>29</ele>
</trkpt>
<trkpt lat="39.760903995484114" lon="2.642085012048483">
<ele>28</ele>
</trkpt>
<trkpt lat="39.760846998542547" lon="2.642098003998399">
<ele>27</ele>
</trkpt>
<trkpt lat="39.760715989395976" lon="2.642109990119934">
<ele>26</ele>
</trkpt>
<trkpt lat="39.760649017989635" lon="2.642130022868514">
<ele>25</ele>
</trkpt>
<trkpt lat="39.760538041591644" lon="2.642170004546642">
<ele>24</ele>
</trkpt>
<trkpt lat="39.760440979152918" lon="2.642189031466842">
<ele>23</ele>
</trkpt>
<trkpt lat="39.760403009131551" lon="2.642210992053151">
<ele>22</ele>
</trkpt>
<trkpt lat="39.760344000533223" lon="2.642148965969682">
<ele>21</ele>
</trkpt>
<trkpt lat="39.760320028290153" lon="2.642102027311921">
<ele>20</ele>
</trkpt>
<trkpt lat="39.760205028578639" lon="2.642055004835129">
<ele>20</ele>
</trkpt>
<trkpt lat="39.760074019432068" lon="2.642006976529956">
<ele>19</ele>
</trkpt>
<trkpt lat="39.76003403775394" lon="2.641986021772027">
<ele>18</ele>
</trkpt>
<trkpt lat="39.759910991415381" lon="2.641834979876876">
<ele>18</ele>
</trkpt>
<trkpt lat="39.759807977825403" lon="2.641681004315615">
<ele>18</ele>
</trkpt>
<trkpt lat="39.759750980883837" lon="2.641553012654185">
<ele>17</ele>
</trkpt>
<trkpt lat="39.759723991155624" lon="2.641524011269212">
<ele>16</ele>
</trkpt>
<trkpt lat="39.759663976728916" lon="2.641491992399097">
<ele>16</ele>
</trkpt>
<trkpt lat="39.759691972285509" lon="2.641380010172725">
<ele>16</ele>
</trkpt>
<trkpt lat="39.759719967842102" lon="2.641314966604114">
<ele>15</ele>
</trkpt>
<trkpt lat="39.759718962013721" lon="2.641195021569729">
<ele>14</ele>
</trkpt>
<trkpt lat="39.759752992540598" lon="2.641171971336007">
<ele>12</ele>
</trkpt>
<trkpt lat="39.759761961176991" lon="2.641023024916649">
<ele>10</ele>
</trkpt>
<trkpt lat="39.759695995599031" lon="2.640956975519657">
<ele>9</ele>
</trkpt>
<trkpt lat="39.759829016402364" lon="2.6408960390836">
<ele>8</ele>
</trkpt>
<trkpt lat="39.759847959503531" lon="2.640900984406471">
<ele>6</ele>
</trkpt>
<trkpt lat="39.759962037205696" lon="2.6409409660846">
<ele>4</ele>
</trkpt>
<trkpt lat="39.759973017498851" lon="2.640957981348038">
<ele>3</ele>
</trkpt>
<trkpt lat="39.760023979470134" lon="2.641109023243189">
<ele>2</ele>
</trkpt>
<trkpt lat="39.760017022490501" lon="2.641138024628162">
<ele>0</ele>
</trkpt>
<trkpt lat="39.760003024712205" lon="2.641264004632831">
<ele>0</ele>
</trkpt>
<trkpt lat="39.760048035532236" lon="2.641344973817468">
<ele>0</ele>
</trkpt>
<trkpt lat="39.760102014988661" lon="2.641430972144008">
<ele>0</ele>
</trkpt>
<trkpt lat="39.760125987231731" lon="2.641571033746004">
<ele>0</ele>
</trkpt>
<trkpt lat="39.760130010545254" lon="2.641572039574385">
<ele>0</ele>
</trkpt>
<trkpt lat="39.760130010545254" lon="2.641572961583734">
<ele>0</ele>
</trkpt>
<trkpt lat="39.760130010545254" lon="2.641572961583734">
<ele>0</ele>
</trkpt>
<trkpt lat="39.760130010545254" lon="2.641572961583734">
<ele>1</ele>
</trkpt>
<trkpt lat="39.760130010545254" lon="2.641572961583734">
<ele>1</ele>
</trkpt>
<trkpt lat="39.760130010545254" lon="2.641572961583734">
<ele>2</ele>
</trkpt>
<trkpt lat="39.760124981403351" lon="2.641572961583734">
<ele>2</ele>
</trkpt>
<trkpt lat="39.76012296974659" lon="2.641572961583734">
<ele>2</ele>
</trkpt>
<trkpt lat="39.760118024423718" lon="2.641571033746004">
<ele>3</ele>
</trkpt>
<trkpt lat="39.760184995830059" lon="2.64154102653265">
<ele>3</ele>
</trkpt>
<trkpt lat="39.760183990001678" lon="2.641538009047508">
<ele>4</ele>
</trkpt>
<trkpt lat="39.760178960859776" lon="2.64154102653265">
<ele>4</ele>
</trkpt>
<trkpt lat="39.760175021365285" lon="2.64154396019876">
<ele>4</ele>
</trkpt>
<trkpt lat="39.760175021365285" lon="2.64154396019876">
<ele>4</ele>
</trkpt>
<trkpt lat="39.760175021365285" lon="2.64154396019876">
<ele>4</ele>
</trkpt>
<trkpt lat="39.76018700748682" lon="2.641488974913955">
<ele>4</ele>
</trkpt>
<trkpt lat="39.760127998888493" lon="2.641337011009455">
<ele>4</ele>
</trkpt>
<trkpt lat="39.760091034695506" lon="2.641216982156038">
<ele>3</ele>
</trkpt>
<trkpt lat="39.760039988905191" lon="2.641103994101286">
<ele>3</ele>
</trkpt>
<trkpt lat="39.760028002783656" lon="2.641020007431507">
<ele>3</ele>
</trkpt>
<trkpt lat="39.760048035532236" lon="2.640891009941697">
<ele>3</ele>
</trkpt>
<trkpt lat="39.75986497476697" lon="2.640842981636524">
<ele>3</ele>
</trkpt>
<trkpt lat="39.759775036945939" lon="2.640861002728343">
<ele>4</ele>
</trkpt>
<trkpt lat="39.759705970063806" lon="2.640890004113317">
<ele>5</ele>
</trkpt>
<trkpt lat="39.759646961465478" lon="2.640982959419489">
<ele>6</ele>
</trkpt>
<trkpt lat="39.759578984230757" lon="2.641096031293273">
<ele>7</ele>
</trkpt>
<trkpt lat="39.759565992280841" lon="2.641147999092937">
<ele>8</ele>
</trkpt>
<trkpt lat="39.759483011439443" lon="2.641275990754366">
<ele>10</ele>
</trkpt>
<trkpt lat="39.759388966485858" lon="2.641385039314628">
<ele>11</ele>
</trkpt>
<trkpt lat="39.759315038099885" lon="2.64150096103549">
<ele>12</ele>
</trkpt>
<trkpt lat="39.75917698815465" lon="2.641583019867539">
<ele>13</ele>
</trkpt>
<trkpt lat="39.759101970121264" lon="2.641603974625468">
<ele>14</ele>
</trkpt>
<trkpt lat="39.758988982066512" lon="2.641615960747004">
<ele>15</ele>
</trkpt>
<trkpt lat="39.7588100284338" lon="2.641601040959358">
<ele>16</ele>
</trkpt>
<trkpt lat="39.758803993463516" lon="2.641601040959358">
<ele>17</ele>
</trkpt>
<trkpt lat="39.758594026789069" lon="2.641540020704269">
<ele>18</ele>
</trkpt>
<trkpt lat="39.758510962128639" lon="2.641423009335995">
<ele>18</ele>
</trkpt>
<trkpt lat="39.75844700820744" lon="2.641377998515964">
<ele>19</ele>
</trkpt>
<trkpt lat="39.758323961868882" lon="2.641332987695932">
<ele>20</ele>
</trkpt>
<trkpt lat="39.758280040696263" lon="2.641297029331327">
<ele>21</ele>
</trkpt>
<trkpt lat="39.758002012968063" lon="2.641101982444525">
<ele>22</ele>
</trkpt>
<trkpt lat="39.757874021306634" lon="2.641054959967732">
<ele>23</ele>
</trkpt>
<trkpt lat="39.757770001888275" lon="2.641092007979751">
<ele>24</ele>
</trkpt>
<trkpt lat="39.757750974968076" lon="2.641107011586428">
<ele>24</ele>
</trkpt>
<trkpt lat="39.75760999135673" lon="2.641172977164388">
<ele>25</ele>
</trkpt>
<trkpt lat="39.757594987750053" lon="2.641180017963052">
<ele>26</ele>
</trkpt>
<trkpt lat="39.757431037724018" lon="2.641236009076238">
<ele>26</ele>
</trkpt>
<trkpt lat="39.75741796195507" lon="2.64124296605587">
<ele>27</ele>
</trkpt>
<trkpt lat="39.757256023585796" lon="2.641278002411127">
<ele>28</ele>
</trkpt>
<trkpt lat="39.757183017209172" lon="2.641236009076238">
<ele>29</ele>
</trkpt>
<trkpt lat="39.757030969485641" lon="2.641193009912968">
<ele>29</ele>
</trkpt>
<trkpt lat="39.757014038041234" lon="2.641186974942684">
<ele>30</ele>
</trkpt>
<trkpt lat="39.75690096616745" lon="2.641077004373074">
<ele>31</ele>
</trkpt>
<trkpt lat="39.75690096616745" lon="2.641077004373074">
<ele>31</ele>
</trkpt>
<trkpt lat="39.756729975342751" lon="2.640978014096618">
<ele>32</ele>
</trkpt>
<trkpt lat="39.756653029471636" lon="2.641024030745029">
<ele>32</ele>
</trkpt>
<trkpt lat="39.756603995338082" lon="2.641055965796113">
<ele>33</ele>
</trkpt>
<trkpt lat="39.756474997848272" lon="2.641083961352706">
<ele>34</ele>
</trkpt>
<trkpt lat="39.756357986479998" lon="2.641157973557711">
<ele>34</ele>
</trkpt>
<trkpt lat="39.75629897788167" lon="2.641217987984419">
<ele>35</ele>
</trkpt>
<trkpt lat="39.756236029788852" lon="2.641275990754366">
<ele>35</ele>
</trkpt>
<trkpt lat="39.756114995107055" lon="2.641325024887919">
<ele>36</ele>
</trkpt>
<trkpt lat="39.756046012043953" lon="2.641354026272893">
<ele>36</ele>
</trkpt>
<trkpt lat="39.755919026210904" lon="2.641372969374061">
<ele>37</ele>
</trkpt>
<trkpt lat="39.755864040926099" lon="2.641425020992756">
<ele>38</ele>
</trkpt>
<trkpt lat="39.755781982094049" lon="2.641497021540999">
<ele>38</ele>
</trkpt>
<trkpt lat="39.755711993202567" lon="2.641567010432482">
<ele>38</ele>
</trkpt>
<trkpt lat="39.755574027076364" lon="2.641609003767371">
<ele>39</ele>
</trkpt>
<trkpt lat="39.755509989336133" lon="2.641602968797088">
<ele>40</ele>
</trkpt>
<trkpt lat="39.755403958261013" lon="2.641586037352681">
<ele>40</ele>
</trkpt>
<trkpt lat="39.755257023498416" lon="2.641544966027141">
<ele>40</ele>
</trkpt>
<trkpt lat="39.755234979093075" lon="2.641549995169044">
<ele>41</ele>
</trkpt>
<trkpt lat="39.75520103238523" lon="2.641558963805437">
<ele>42</ele>
</trkpt>
<trkpt lat="39.755135988816619" lon="2.641636999323964">
<ele>42</ele>
</trkpt>
<trkpt lat="39.755102964118123" lon="2.641738001257181">
<ele>43</ele>
</trkpt>
<trkpt lat="39.755021994933486" lon="2.641937993466854">
<ele>43</ele>
</trkpt>
<trkpt lat="39.755006991326809" lon="2.642017034813762">
<ele>44</ele>
</trkpt>
<trkpt lat="39.754969021305442" lon="2.642148965969682">
<ele>45</ele>
</trkpt>
<trkpt lat="39.754931973293424" lon="2.642262037843466">
<ele>45</ele>
</trkpt>
<trkpt lat="39.754869025200605" lon="2.642342001199722">
<ele>46</ele>
</trkpt>
<trkpt lat="39.754787972196937" lon="2.642397992312908">
<ele>46</ele>
</trkpt>
<trkpt lat="39.75457901135087" lon="2.642410984262824">
<ele>47</ele>
</trkpt>
<trkpt lat="39.754554033279419" lon="2.642395980656147">
<ele>48</ele>
</trkpt>
<trkpt lat="39.754440039396286" lon="2.642364967614412">
<ele>48</ele>
</trkpt>
<trkpt lat="39.754378013312817" lon="2.642374020069838">
<ele>48</ele>
</trkpt>
<trkpt lat="39.754330990836024" lon="2.642360022291541">
<ele>49</ele>
</trkpt>
<trkpt lat="39.754259996116161" lon="2.642378965392709">
<ele>50</ele>
</trkpt>
<trkpt lat="39.754175003618002" lon="2.642411990091205">
<ele>50</ele>
</trkpt>
<trkpt lat="39.754115995019674" lon="2.642457000911236">
<ele>50</ele>
</trkpt>
<trkpt lat="39.754031002521515" lon="2.642564037814736">
<ele>51</ele>
</trkpt>
<trkpt lat="39.754023039713502" lon="2.642584992572665">
<ele>52</ele>
</trkpt>
<trkpt lat="39.753942992538214" lon="2.642952036112547">
<ele>52</ele>
</trkpt>
<trkpt lat="39.753887001425028" lon="2.642966033890843">
<ele>53</ele>
</trkpt>
<trkpt lat="39.75385095924139" lon="2.642938038334251">
<ele>55</ele>
</trkpt>
<trkpt lat="39.75380502641201" lon="2.642883975058794">
<ele>56</ele>
</trkpt>
<trkpt lat="39.753668988123536" lon="2.642840975895524">
<ele>58</ele>
</trkpt>
<trkpt lat="39.753595981746912" lon="2.642948012799025">
<ele>59</ele>
</trkpt>
<trkpt lat="39.753530016168952" lon="2.642995035275817">
<ele>60</ele>
</trkpt>
<trkpt lat="39.753394983708858" lon="2.643062006682158">
<ele>62</ele>
</trkpt>
<trkpt lat="39.753309991210699" lon="2.643094025552273">
<ele>63</ele>
</trkpt>
<trkpt lat="39.753277972340584" lon="2.64311196282506">
<ele>65</ele>
</trkpt>
<trkpt lat="39.753133971244097" lon="2.643038034439087">
<ele>66</ele>
</trkpt>
<trkpt lat="39.75307697430253" lon="2.642965028062463">
<ele>67</ele>
</trkpt>
<trkpt lat="39.753006985411048" lon="2.642842987552285">
<ele>68</ele>
</trkpt>
<trkpt lat="39.752928027883172" lon="2.642719019204378">
<ele>69</ele>
</trkpt>
<trkpt lat="39.752919981256127" lon="2.642698986455798">
<ele>70</ele>
</trkpt>
<trkpt lat="39.752859966829419" lon="2.642564959824085">
<ele>72</ele>
</trkpt>
<trkpt lat="39.752857033163309" lon="2.642555991187692">
<ele>73</ele>
</trkpt>
<trkpt lat="39.75281503982842" lon="2.642449960112572">
<ele>74</ele>
</trkpt>
<trkpt lat="39.75273298099637" lon="2.642330015078187">
<ele>75</ele>
</trkpt>
<trkpt lat="39.752706997096539" lon="2.642325991764665">
<ele>76</ele>
</trkpt>
<trkpt lat="39.752548998221755" lon="2.642353987321258">
<ele>77</ele>
</trkpt>
<trkpt lat="39.752528965473175" lon="2.642382988706231">
<ele>78</ele>
</trkpt>
<trkpt lat="39.752484960481524" lon="2.642476027831435">
<ele>80</ele>
</trkpt>
<trkpt lat="39.752338025718927" lon="2.642622040584683">
<ele>81</ele>
</trkpt>
<trkpt lat="39.752265019342303" lon="2.642722958698869">
<ele>82</ele>
</trkpt>
<trkpt lat="39.75223601795733" lon="2.642795965075493">
<ele>84</ele>
</trkpt>
<trkpt lat="39.752163011580706" lon="2.642882969230413">
<ele>85</ele>
</trkpt>
<trkpt lat="39.752101991325617" lon="2.642952036112547">
<ele>86</ele>
</trkpt>
<trkpt lat="39.752102997153997" lon="2.642854973673821">
<ele>87</ele>
</trkpt>
<trkpt lat="39.752027979120612" lon="2.642849022522569">
<ele>89</ele>
</trkpt>
<trkpt lat="39.75197902880609" lon="2.642811974510551">
<ele>90</ele>
</trkpt>
<trkpt lat="39.751881966367364" lon="2.642832007259131">
<ele>91</ele>
</trkpt>
<trkpt lat="39.751860005781054" lon="2.642837036401033">
<ele>91</ele>
</trkpt>
<trkpt lat="39.75176696665585" lon="2.642890010029078">
<ele>92</ele>
</trkpt>
<trkpt lat="39.751667976379395" lon="2.642951030284166">
<ele>93</ele>
</trkpt>
<trkpt lat="39.751619026064873" lon="2.642991011962295">
<ele>94</ele>
</trkpt>
<trkpt lat="39.751566974446177" lon="2.643030993640423">
<ele>94</ele>
</trkpt>
<trkpt lat="39.75146597251296" lon="2.643052032217383">
<ele>95</ele>
</trkpt>
<trkpt lat="39.751404030248523" lon="2.643000986427069">
<ele>96</ele>
</trkpt>
<trkpt lat="39.751304034143686" lon="2.642912976443768">
<ele>96</ele>
</trkpt>
<trkpt lat="39.751193979755044" lon="2.642797976732254">
<ele>97</ele>
</trkpt>
<trkpt lat="39.751102030277252" lon="2.642754977568984">
<ele>97</ele>
</trkpt>
<trkpt lat="39.751045033335686" lon="2.64268197119236">
<ele>97</ele>
</trkpt>
<trkpt lat="39.750876976177096" lon="2.642641989514232">
<ele>98</ele>
</trkpt>
<trkpt lat="39.75082098506391" lon="2.642640983685851">
<ele>98</ele>
</trkpt>
<trkpt lat="39.750721994787455" lon="2.642626985907555">
<ele>98</ele>
</trkpt>
<trkpt lat="39.750701962038875" lon="2.642627991735935">
<ele>98</ele>
</trkpt>
<trkpt lat="39.750684024766088" lon="2.642624974250794">
<ele>98</ele>
</trkpt>
<trkpt lat="39.750670026987791" lon="2.642609970644116">
<ele>99</ele>
</trkpt>
<trkpt lat="39.750570030882955" lon="2.642597984522581">
<ele>99</ele>
</trkpt>
<trkpt lat="39.750546980649233" lon="2.642592033371329">
<ele>99</ele>
</trkpt>
<trkpt lat="39.750399040058255" lon="2.642539981752634">
<ele>100</ele>
</trkpt>
<trkpt lat="39.750270964577794" lon="2.642467981204391">
<ele>101</ele>
</trkpt>
<trkpt lat="39.750179015100002" lon="2.642407966777682">
<ele>101</ele>
</trkpt>
<trkpt lat="39.750051023438573" lon="2.642344012856484">
<ele>102</ele>
</trkpt>
<trkpt lat="39.749951027333736" lon="2.642248040065169">
<ele>103</ele>
</trkpt>
<trkpt lat="39.749862011522055" lon="2.642234964296222">
<ele>104</ele>
</trkpt>
<trkpt lat="39.749778024852276" lon="2.642204035073519">
<ele>105</ele>
</trkpt>
<trkpt lat="39.749685991555452" lon="2.642160030081868">
<ele>105</ele>
</trkpt>
<trkpt lat="39.749551964923739" lon="2.642194982618094">
<ele>106</ele>
</trkpt>
<trkpt lat="39.749438976868987" lon="2.642247034236789">
<ele>107</ele>
</trkpt>
<trkpt lat="39.749398995190859" lon="2.642280980944634">
<ele>107</ele>
</trkpt>
<trkpt lat="39.749300004914403" lon="2.642325991764665">
<ele>107</ele>
</trkpt>
<trkpt lat="39.749280977994204" lon="2.642349964007735">
<ele>108</ele>
</trkpt>
<trkpt lat="39.749191040173173" lon="2.64244400896132">
<ele>108</ele>
</trkpt>
<trkpt lat="39.749123984947801" lon="2.642590021714568">
<ele>108</ele>
</trkpt>
<trkpt lat="39.749099006876349" lon="2.642620028927922">
<ele>108</ele>
</trkpt>
<trkpt lat="39.749018959701061" lon="2.642691023647785">
<ele>108</ele>
</trkpt>
<trkpt lat="39.748999010771513" lon="2.642737040296197">
<ele>109</ele>
</trkpt>
<trkpt lat="39.748936984688044" lon="2.642825972288847">
<ele>109</ele>
</trkpt>
<trkpt lat="39.748860038816929" lon="2.642952036112547">
<ele>109</ele>
</trkpt>
<trkpt lat="39.748809998854995" lon="2.643048008903861">
<ele>110</ele>
</trkpt>
<trkpt lat="39.748775968328118" lon="2.643082961440086">
<ele>110</ele>
</trkpt>
<trkpt lat="39.748685024678707" lon="2.643203996121883">
<ele>110</ele>
</trkpt>
<trkpt lat="39.748585028573871" lon="2.643243977800012">
<ele>111</ele>
</trkpt>
<trkpt lat="39.748495006933808" lon="2.643264010548592">
<ele>112</ele>
</trkpt>
<trkpt lat="39.74843398667872" lon="2.643301980569959">
<ele>112</ele>
</trkpt>
<trkpt lat="39.748213961720467" lon="2.643287982791662">
<ele>112</ele>
</trkpt>
<trkpt lat="39.7481569647789" lon="2.643309021368623">
<ele>113</ele>
</trkpt>
<trkpt lat="39.7481569647789" lon="2.643309021368623">
<ele>114</ele>
</trkpt>
<trkpt lat="39.748015981167555" lon="2.64349602162838">
<ele>114</ele>
</trkpt>
<trkpt lat="39.747979016974568" lon="2.64354296028614">
<ele>115</ele>
</trkpt>
<trkpt lat="39.74785203114152" lon="2.64369199052453">
<ele>115</ele>
</trkpt>
<trkpt lat="39.747825963422656" lon="2.643717974424362">
<ele>116</ele>
</trkpt>
<trkpt lat="39.747729990631342" lon="2.643831968307495">
<ele>116</ele>
</trkpt>
<trkpt lat="39.74768003448844" lon="2.643887037411332">
<ele>117</ele>
</trkpt>
<trkpt lat="39.747558999806643" lon="2.644039001315832">
<ele>118</ele>
</trkpt>
<trkpt lat="39.747514994814992" lon="2.644082000479102">
<ele>118</ele>
</trkpt>
<trkpt lat="39.747452968731523" lon="2.6441840082407">
<ele>119</ele>
</trkpt>
<trkpt lat="39.74738197401166" lon="2.644298002123833">
<ele>119</ele>
</trkpt>
<trkpt lat="39.747330006211996" lon="2.644439991563559">
<ele>120</ele>
</trkpt>
<trkpt lat="39.747325982898474" lon="2.644468992948532">
<ele>120</ele>
</trkpt>
<trkpt lat="39.747227998450398" lon="2.644606959074736">
<ele>121</ele>
</trkpt>
<trkpt lat="39.747203020378947" lon="2.644665967673063">
<ele>121</ele>
</trkpt>
<trkpt lat="39.747107969596982" lon="2.644856991246343">
<ele>121</ele>
</trkpt>
<trkpt lat="39.747089026495814" lon="2.644923040643334">
<ele>122</ele>
</trkpt>
<trkpt lat="39.747062036767602" lon="2.644966961815953">
<ele>122</ele>
</trkpt>
<trkpt lat="39.746985007077456" lon="2.645133007317781">
<ele>122</ele>
</trkpt>
<trkpt lat="39.746934967115521" lon="2.645228980109096">
<ele>122</ele>
</trkpt>
<trkpt lat="39.746899008750916" lon="2.645293017849326">
<ele>123</ele>
</trkpt>
<trkpt lat="39.746790966019034" lon="2.645429978147149">
<ele>123</ele>
</trkpt>
<trkpt lat="39.746755007654428" lon="2.645500972867012">
<ele>124</ele>
</trkpt>
<trkpt lat="39.746718965470791" lon="2.645536009222269">
<ele>125</ele>
</trkpt>
<trkpt lat="39.746547974646091" lon="2.645613960921764">
<ele>126</ele>
</trkpt>
<trkpt lat="39.746444961056113" lon="2.645683027803898">
<ele>127</ele>
</trkpt>
<trkpt lat="39.746339013800025" lon="2.645703982561827">
<ele>128</ele>
</trkpt>
<trkpt lat="39.746380001306534" lon="2.645797021687031">
<ele>129</ele>
</trkpt>
<trkpt lat="39.746363991871476" lon="2.645825017243624">
<ele>129</ele>
</trkpt>
<trkpt lat="39.746363991871476" lon="2.645832980051637">
<ele>129</ele>
</trkpt>
<trkpt lat="39.746462982147932" lon="2.64603397808969">
<ele>130</ele>
</trkpt>
<trkpt lat="39.746528025716543" lon="2.64613900333643">
<ele>131</ele>
</trkpt>
<trkpt lat="39.746538000181317" lon="2.646227013319731">
<ele>130</ele>
</trkpt>
<trkpt lat="39.746590973809361" lon="2.646361039951444">
<ele>131</ele>
</trkpt>
<trkpt lat="39.746604971587658" lon="2.646387023851275">
<ele>132</ele>
</trkpt>
<trkpt lat="39.746660962700844" lon="2.64656899496913">
<ele>131</ele>
</trkpt>
<trkpt lat="39.746658029034734" lon="2.646745014935732">
<ele>132</ele>
</trkpt>
<trkpt lat="39.746661968529224" lon="2.646806035190821">
<ele>133</ele>
</trkpt>
<trkpt lat="39.746668003499508" lon="2.646829001605511">
<ele>133</ele>
</trkpt>
<trkpt lat="39.746685018762946" lon="2.646941989660263">
<ele>134</ele>
</trkpt>
<trkpt lat="39.746684012934566" lon="2.646954981610179">
<ele>135</ele>
</trkpt>
<trkpt lat="39.746634978801012" lon="2.647009966894984">
<ele>135</ele>
</trkpt>
<trkpt lat="39.746645959094167" lon="2.647165032103658">
<ele>135</ele>
</trkpt>
<trkpt lat="39.746596002951264" lon="2.647298974916339">
<ele>136</ele>
</trkpt>
<trkpt lat="39.746582005172968" lon="2.647438030689955">
<ele>136</ele>
</trkpt>
<trkpt lat="39.746570019051433" lon="2.647511959075928">
<ele>137</ele>
</trkpt>
<trkpt lat="39.746525008231401" lon="2.647713962942362">
<ele>138</ele>
</trkpt>
<trkpt lat="39.746563984081149" lon="2.647797027602792">
<ele>139</ele>
</trkpt>
<trkpt lat="39.74660899490118" lon="2.647883025929332">
<ele>140</ele>
</trkpt>
<trkpt lat="39.746747966855764" lon="2.647877996787429">
<ele>142</ele>
</trkpt>
<trkpt lat="39.746785014867783" lon="2.647861987352371">
<ele>143</ele>
</trkpt>
<trkpt lat="39.746885010972619" lon="2.64781697653234">
<ele>144</ele>
</trkpt>
<trkpt lat="39.746920969337225" lon="2.64777397736907">
<ele>146</ele>
</trkpt>
<trkpt lat="39.746992969885468" lon="2.647628970444202">
<ele>148</ele>
</trkpt>
<trkpt lat="39.747034041211009" lon="2.647517994046211">
<ele>149</ele>
</trkpt>
<trkpt lat="39.747057007625699" lon="2.647485975176096">
<ele>150</ele>
</trkpt>
<trkpt lat="39.747178964316845" lon="2.647565016523004">
<ele>152</ele>
</trkpt>
<trkpt lat="39.747226992622018" lon="2.64760097488761">
<ele>152</ele>
</trkpt>
<trkpt lat="39.747312990948558" lon="2.647670963779092">
<ele>154</ele>
</trkpt>
<trkpt lat="39.747388008981943" lon="2.647713040933013">
<ele>156</ele>
</trkpt>
<trkpt lat="39.747477024793625" lon="2.647717986255884">
<ele>156</ele>
</trkpt>
<trkpt lat="39.747583977878094" lon="2.647738019004464">
<ele>157</ele>
</trkpt>
<trkpt lat="39.747721021994948" lon="2.647827034816146">
<ele>159</ele>
</trkpt>
<trkpt lat="39.747899975627661" lon="2.647897023707628">
<ele>160</ele>
</trkpt>
<trkpt lat="39.747959990054369" lon="2.647968018427491">
<ele>161</ele>
</trkpt>
<trkpt lat="39.74806996062398" lon="2.648037001490593">
<ele>162</ele>
</trkpt>
<trkpt lat="39.748183032497764" lon="2.648159964010119">
<ele>163</ele>
</trkpt>
<trkpt lat="39.748288979753852" lon="2.648288039490581">
<ele>163</ele>
</trkpt>
<trkpt lat="39.748334996402264" lon="2.648303965106607">
<ele>163</ele>
</trkpt>
<trkpt lat="39.748460976406932" lon="2.648368002846837">
<ele>162</ele>
</trkpt>
<trkpt lat="39.748572036623955" lon="2.648414019495249">
<ele>162</ele>
</trkpt>
<trkpt lat="39.748687036335468" lon="2.648526001721621">
<ele>162</ele>
</trkpt>
<trkpt lat="39.748774040490389" lon="2.648572018370032">
<ele>161</ele>
</trkpt>
<trkpt lat="39.748743027448654" lon="2.648809980601072">
<ele>161</ele>
</trkpt>
<trkpt lat="39.748720983043313" lon="2.648847028613091">
<ele>161</ele>
</trkpt>
<trkpt lat="39.748668009415269" lon="2.648935960605741">
<ele>160</ele>
</trkpt>
<trkpt lat="39.748647976666689" lon="2.648958005011082">
<ele>160</ele>
</trkpt>
</trkseg>
</trk>
</gpx>
