<?xml version="1.0" encoding="UTF-8"?>
<gpx version="1.1"
creator="Smartprofil-Office - http://www.rother.de"
xmlns:xsi="http://www.w3.org/2001/XMLSchema-instance"
xmlns="http://www.topografix.com/GPX/1/1"
xsi:schemaLocation="http://www.topografix.com/GPX/1/1 http://www.topografix.com/GPX/1/1/gpx.xsd">
<metadata>

<bounds minlat="39.759422997012734" minlon="2.762794978916645" maxlat="39.789127958938479" maxlon="2.7977180108428"/>
</metadata>
<wpt lat="39.787272959947586" lon="2.796908989548683">
<ele>750</ele>
<name>34_Cúber (1)</name>
<cmt></cmt>
<desc></desc>
<sym>Crossing</sym>
</wpt>

<wpt lat="39.777242001146078" lon="2.794326022267342">
<ele>683</ele>
<name>34_Torrent d’Almadrà (2)</name>
<cmt></cmt>
<desc></desc>
<sym>Crossing</sym>
</wpt>

<wpt lat="39.772959016263485" lon="2.795766033232212">
<ele>799</ele>
<name>34_Coll des Bosc (3)</name>
<cmt></cmt>
<desc></desc>
<sym>Crossing</sym>
</wpt>

<wpt lat="39.774052016437054" lon="2.782942978665233">
<ele>1113</ele>
<name>34_Sa Rateta (4)</name>
<cmt></cmt>
<desc></desc>
<sym>Crossing</sym>
</wpt>

<wpt lat="39.770706966519356" lon="2.778687989339232">
<ele>995</ele>
<name>34_Coll des Gats (5)</name>
<cmt></cmt>
<desc></desc>
<sym>Crossing</sym>
</wpt>

<wpt lat="39.768912987783551" lon="2.775984993204474">
<ele>1067</ele>
<name>34_Na Franquesa (6)</name>
<cmt></cmt>
<desc></desc>
<sym>Crossing</sym>
</wpt>

<wpt lat="39.766057021915913" lon="2.772872038185597">
<ele>963</ele>
<name>34_Coll des Cards (7)</name>
<cmt></cmt>
<desc></desc>
<sym>Crossing</sym>
</wpt>

<wpt lat="39.763419991359115" lon="2.767061032354832">
<ele>1093</ele>
<name>34_Puig de Lofra (8)</name>
<cmt></cmt>
<desc></desc>
<sym>Crossing</sym>
</wpt>

<wpt lat="39.766039000824094" lon="2.763034030795097">
<ele>875</ele>
<name>34_Coll de Lofra (9)</name>
<cmt></cmt>
<desc></desc>
<sym>Crossing</sym>
</wpt>

<trk>
<name>Mal_34_SaRateta_NaFranquesa_PuigdelOfre</name>
<trkseg>
<trkpt lat="39.787272959947586" lon="2.796908989548683">
<ele>750</ele>
</trkpt>
<trkpt lat="39.787287041544914" lon="2.796808993443847">
<ele>749</ele>
</trkpt>
<trkpt lat="39.787287963554263" lon="2.796802958473563">
<ele>748</ele>
</trkpt>
<trkpt lat="39.787287963554263" lon="2.796802958473563">
<ele>748</ele>
</trkpt>
<trkpt lat="39.7872169688344" lon="2.796498024836183">
<ele>747</ele>
</trkpt>
<trkpt lat="39.787189979106188" lon="2.796355029568076">
<ele>746</ele>
</trkpt>
<trkpt lat="39.787161983549595" lon="2.796287974342704">
<ele>745</ele>
</trkpt>
<trkpt lat="39.787082020193338" lon="2.795955967158079">
<ele>744</ele>
</trkpt>
<trkpt lat="39.787046983838081" lon="2.795858988538384">
<ele>744</ele>
</trkpt>
<trkpt lat="39.786994010210037" lon="2.795681040734053">
<ele>743</ele>
</trkpt>
<trkpt lat="39.786922009661794" lon="2.795550031587482">
<ele>742</ele>
</trkpt>
<trkpt lat="39.786854032427073" lon="2.795406030490995">
<ele>741</ele>
</trkpt>
<trkpt lat="39.786782031878829" lon="2.795272003859282">
<ele>740</ele>
</trkpt>
<trkpt lat="39.786693016067147" lon="2.795086009427905">
<ele>739</ele>
</trkpt>
<trkpt lat="39.786596959456801" lon="2.794922981411219">
<ele>738</ele>
</trkpt>
<trkpt lat="39.786510961130261" lon="2.794765988364816">
<ele>737</ele>
</trkpt>
<trkpt lat="39.78644197806716" lon="2.794627016410232">
<ele>736</ele>
</trkpt>
<trkpt lat="39.786356985569" lon="2.794475974515081">
<ele>735</ele>
</trkpt>
<trkpt lat="39.786249026656151" lon="2.794287968426943">
<ele>734</ele>
</trkpt>
<trkpt lat="39.786159005016088" lon="2.794113960117102">
<ele>733</ele>
</trkpt>
<trkpt lat="39.786061020568013" lon="2.793981023132801">
<ele>732</ele>
</trkpt>
<trkpt lat="39.785939985886216" lon="2.79385001398623">
<ele>732</ele>
</trkpt>
<trkpt lat="39.785898998379707" lon="2.793835010379553">
<ele>732</ele>
</trkpt>
<trkpt lat="39.785802019760013" lon="2.793770972639322">
<ele>732</ele>
</trkpt>
<trkpt lat="39.785633040592074" lon="2.793763009831309">
<ele>732</ele>
</trkpt>
<trkpt lat="39.785468000918627" lon="2.793774995952845">
<ele>732</ele>
</trkpt>
<trkpt lat="39.785285023972392" lon="2.793785976245999">
<ele>732</ele>
</trkpt>
<trkpt lat="39.785206988453865" lon="2.793794022873044">
<ele>732</ele>
</trkpt>
<trkpt lat="39.785032980144024" lon="2.793795028701425">
<ele>732</ele>
</trkpt>
<trkpt lat="39.784880010411143" lon="2.793821012601256">
<ele>732</ele>
</trkpt>
<trkpt lat="39.784752018749714" lon="2.793824030086398">
<ele>732</ele>
</trkpt>
<trkpt lat="39.784622015431523" lon="2.793826041743159">
<ele>732</ele>
</trkpt>
<trkpt lat="39.784482037648559" lon="2.793809026479721">
<ele>731</ele>
</trkpt>
<trkpt lat="39.784323032945395" lon="2.793705007061362">
<ele>731</ele>
</trkpt>
<trkpt lat="39.784193029627204" lon="2.793605010956526">
<ele>731</ele>
</trkpt>
<trkpt lat="39.784055985510349" lon="2.793486993759871">
<ele>730</ele>
</trkpt>
<trkpt lat="39.783899998292327" lon="2.793437037616968">
<ele>730</ele>
</trkpt>
<trkpt lat="39.783740993589163" lon="2.793411975726485">
<ele>730</ele>
</trkpt>
<trkpt lat="39.783568996936083" lon="2.793440977111459">
<ele>730</ele>
</trkpt>
<trkpt lat="39.783418038859963" lon="2.793435025960207">
<ele>729</ele>
</trkpt>
<trkpt lat="39.783286023885012" lon="2.793381968513131">
<ele>729</ele>
</trkpt>
<trkpt lat="39.78317404165864" lon="2.793349027633667">
<ele>729</ele>
</trkpt>
<trkpt lat="39.78311100974679" lon="2.793316002935171">
<ele>728</ele>
</trkpt>
<trkpt lat="39.782941024750471" lon="2.793247019872069">
<ele>728</ele>
</trkpt>
<trkpt lat="39.782925015315413" lon="2.793239979073405">
<ele>727</ele>
</trkpt>
<trkpt lat="39.782815966755152" lon="2.793194968253374">
<ele>727</ele>
</trkpt>
<trkpt lat="39.782742960378528" lon="2.793178036808968">
<ele>727</ele>
</trkpt>
<trkpt lat="39.782573981210589" lon="2.793078040704131">
<ele>726</ele>
</trkpt>
<trkpt lat="39.782573981210589" lon="2.793078040704131">
<ele>726</ele>
</trkpt>
<trkpt lat="39.782372983172536" lon="2.793028000742197">
<ele>725</ele>
</trkpt>
<trkpt lat="39.782227976247668" lon="2.792963040992618">
<ele>725</ele>
</trkpt>
<trkpt lat="39.782086992636323" lon="2.792895985767245">
<ele>724</ele>
</trkpt>
<trkpt lat="39.781946009024978" lon="2.792829014360905">
<ele>724</ele>
</trkpt>
<trkpt lat="39.781861016526818" lon="2.792790038511157">
<ele>723</ele>
</trkpt>
<trkpt lat="39.781861016526818" lon="2.792790038511157">
<ele>722</ele>
</trkpt>
<trkpt lat="39.781730007380247" lon="2.79273496940732">
<ele>722</ele>
</trkpt>
<trkpt lat="39.781678039580584" lon="2.792719965800643">
<ele>721</ele>
</trkpt>
<trkpt lat="39.781562034040689" lon="2.792701022699475">
<ele>720</ele>
</trkpt>
<trkpt lat="39.781413003802299" lon="2.792616030201316">
<ele>719</ele>
</trkpt>
<trkpt lat="39.781318958848715" lon="2.792581999674439">
<ele>719</ele>
</trkpt>
<trkpt lat="39.781257016584277" lon="2.792526008561254">
<ele>718</ele>
</trkpt>
<trkpt lat="39.781203037127852" lon="2.792489966377616">
<ele>717</ele>
</trkpt>
<trkpt lat="39.781076973304152" lon="2.792404973879457">
<ele>716</ele>
</trkpt>
<trkpt lat="39.781032968312502" lon="2.792370021343231">
<ele>715</ele>
</trkpt>
<trkpt lat="39.780887961387634" lon="2.792228031903505">
<ele>714</ele>
</trkpt>
<trkpt lat="39.78081101551652" lon="2.792187966406345">
<ele>714</ele>
</trkpt>
<trkpt lat="39.780687969177961" lon="2.792279999703169">
<ele>713</ele>
</trkpt>
<trkpt lat="39.780657961964607" lon="2.792295003309846">
<ele>712</ele>
</trkpt>
<trkpt lat="39.780496023595333" lon="2.792286034673452">
<ele>711</ele>
</trkpt>
<trkpt lat="39.780388986691833" lon="2.792272958904505">
<ele>710</ele>
</trkpt>
<trkpt lat="39.780270969495177" lon="2.792285028845072">
<ele>709</ele>
</trkpt>
<trkpt lat="39.780160998925567" lon="2.792286034673452">
<ele>708</ele>
</trkpt>
<trkpt lat="39.780075000599027" lon="2.792276982218027">
<ele>708</ele>
</trkpt>
<trkpt lat="39.78005999699235" lon="2.792276982218027">
<ele>708</ele>
</trkpt>
<trkpt lat="39.77991197258234" lon="2.792224008589983">
<ele>707</ele>
</trkpt>
<trkpt lat="39.779862016439438" lon="2.792191989719868">
<ele>706</ele>
</trkpt>
<trkpt lat="39.779741987586021" lon="2.792166005820036">
<ele>706</ele>
</trkpt>
<trkpt lat="39.779616007581353" lon="2.792157959192991">
<ele>706</ele>
</trkpt>
<trkpt lat="39.77960703894496" lon="2.792158965021372">
<ele>705</ele>
</trkpt>
<trkpt lat="39.779539983719587" lon="2.792163994163275">
<ele>704</ele>
</trkpt>
<trkpt lat="39.779439987614751" lon="2.792125018313527">
<ele>704</ele>
</trkpt>
<trkpt lat="39.77933001704514" lon="2.792124012485147">
<ele>704</ele>
</trkpt>
<trkpt lat="39.779268996790051" lon="2.792112026363611">
<ele>705</ele>
</trkpt>
<trkpt lat="39.779182998463511" lon="2.792123006656766">
<ele>705</ele>
</trkpt>
<trkpt lat="39.779084008187056" lon="2.792149996384978">
<ele>705</ele>
</trkpt>
<trkpt lat="39.778974037617445" lon="2.792181009426713">
<ele>706</ele>
</trkpt>
<trkpt lat="39.778876975178719" lon="2.792247980833054">
<ele>706</ele>
</trkpt>
<trkpt lat="39.778811009600759" lon="2.792313024401665">
<ele>706</ele>
</trkpt>
<trkpt lat="39.778754012659192" lon="2.792345965281129">
<ele>706</ele>
</trkpt>
<trkpt lat="39.778646975755692" lon="2.792401034384966">
<ele>707</ele>
</trkpt>
<trkpt lat="39.778607999905944" lon="2.792446967214346">
<ele>707</ele>
</trkpt>
<trkpt lat="39.778532981872559" lon="2.792535983026028">
<ele>707</ele>
</trkpt>
<trkpt lat="39.778404990211129" lon="2.792560961097479">
<ele>707</ele>
</trkpt>
<trkpt lat="39.778311029076576" lon="2.792544029653072">
<ele>708</ele>
</trkpt>
<trkpt lat="39.778290996327996" lon="2.792537994682789">
<ele>708</ele>
</trkpt>
<trkpt lat="39.778106007725" lon="2.792603960260749">
<ele>708</ele>
</trkpt>
<trkpt lat="39.778089998289943" lon="2.792616030201316">
<ele>708</ele>
</trkpt>
<trkpt lat="39.77801900357008" lon="2.792730024084449">
<ele>708</ele>
</trkpt>
<trkpt lat="39.777964018285275" lon="2.792767994105816">
<ele>709</ele>
</trkpt>
<trkpt lat="39.777902998030186" lon="2.792896991595626">
<ele>709</ele>
</trkpt>
<trkpt lat="39.777899980545044" lon="2.792917024344206">
<ele>709</ele>
</trkpt>
<trkpt lat="39.777756985276937" lon="2.793034035712481">
<ele>708</ele>
</trkpt>
<trkpt lat="39.777701999992132" lon="2.79305599629879">
<ele>707</ele>
</trkpt>
<trkpt lat="39.777643997222185" lon="2.793130008503795">
<ele>705</ele>
</trkpt>
<trkpt lat="39.777613990008831" lon="2.793314997106791">
<ele>704</ele>
</trkpt>
<trkpt lat="39.777552969753742" lon="2.793365959078074">
<ele>703</ele>
</trkpt>
<trkpt lat="39.777541989460588" lon="2.793453969061375">
<ele>702</ele>
</trkpt>
<trkpt lat="39.77759001776576" lon="2.79354901984334">
<ele>701</ele>
</trkpt>
<trkpt lat="39.77761298418045" lon="2.793612973764539">
<ele>699</ele>
</trkpt>
<trkpt lat="39.777565961703658" lon="2.793694026768208">
<ele>698</ele>
</trkpt>
<trkpt lat="39.777626981958747" lon="2.79387298040092">
<ele>697</ele>
</trkpt>
<trkpt lat="39.777629999443889" lon="2.793965013697743">
<ele>696</ele>
</trkpt>
<trkpt lat="39.777581971138716" lon="2.794153019785881">
<ele>695</ele>
</trkpt>
<trkpt lat="39.777587000280619" lon="2.794205993413925">
<ele>694</ele>
</trkpt>
<trkpt lat="39.777608038857579" lon="2.794245975092053">
<ele>693</ele>
</trkpt>
<trkpt lat="39.777671992778778" lon="2.794356029480696">
<ele>692</ele>
</trkpt>
<trkpt lat="39.777689762413502" lon="2.794580915942788">
<ele>691</ele>
</trkpt>
<trkpt lat="39.777670064941049" lon="2.794686192646623">
<ele>690</ele>
</trkpt>
<trkpt lat="39.777650283649564" lon="2.7947080694139">
<ele>689</ele>
</trkpt>
<trkpt lat="39.77753528393805" lon="2.794545795768499">
<ele>688</ele>
</trkpt>
<trkpt lat="39.777454398572445" lon="2.794416379183531">
<ele>687</ele>
</trkpt>
<trkpt lat="39.777454398572445" lon="2.794414199888706">
<ele>686</ele>
</trkpt>
<trkpt lat="39.777373597025871" lon="2.794291405007243">
<ele>685</ele>
</trkpt>
<trkpt lat="39.777292711660266" lon="2.794308923184872">
<ele>684</ele>
</trkpt>
<trkpt lat="39.777242001146078" lon="2.794326022267342">
<ele>683</ele>
</trkpt>
<trkpt lat="39.777234038338065" lon="2.794328033924103">
<ele>682</ele>
</trkpt>
<trkpt lat="39.77718198671937" lon="2.794340020045638">
<ele>681</ele>
</trkpt>
<trkpt lat="39.77718198671937" lon="2.794340020045638">
<ele>680</ele>
</trkpt>
<trkpt lat="39.777177963405848" lon="2.794564990326762">
<ele>679</ele>
</trkpt>
<trkpt lat="39.777193972840905" lon="2.79468803666532">
<ele>678</ele>
</trkpt>
<trkpt lat="39.777193972840905" lon="2.794788032770157">
<ele>677</ele>
</trkpt>
<trkpt lat="39.777151979506016" lon="2.794978972524405">
<ele>676</ele>
</trkpt>
<trkpt lat="39.777144016698003" lon="2.795025995001197">
<ele>675</ele>
</trkpt>
<trkpt lat="39.777120966464281" lon="2.79516102746129">
<ele>674</ele>
</trkpt>
<trkpt lat="39.777129013091326" lon="2.795192962512374">
<ele>673</ele>
</trkpt>
<trkpt lat="39.7771199606359" lon="2.795301005244255">
<ele>673</ele>
</trkpt>
<trkpt lat="39.777119038626552" lon="2.795309973880649">
<ele>674</ele>
</trkpt>
<trkpt lat="39.777090959250927" lon="2.795457998290658">
<ele>674</ele>
</trkpt>
<trkpt lat="39.777077967301011" lon="2.795520024374127">
<ele>675</ele>
</trkpt>
<trkpt lat="39.777062041684985" lon="2.795724039897323">
<ele>675</ele>
</trkpt>
<trkpt lat="39.777037985622883" lon="2.795788999646902">
<ele>675</ele>
</trkpt>
<trkpt lat="39.777004960924387" lon="2.795903999358416">
<ele>676</ele>
</trkpt>
<trkpt lat="39.776959028095007" lon="2.796017993241549">
<ele>676</ele>
</trkpt>
<trkpt lat="39.776922985911369" lon="2.796152019873262">
<ele>677</ele>
</trkpt>
<trkpt lat="39.776888033375144" lon="2.796261990442872">
<ele>677</ele>
</trkpt>
<trkpt lat="39.776850985363126" lon="2.796410014852881">
<ele>679</ele>
</trkpt>
<trkpt lat="39.77681502699852" lon="2.79655996710062">
<ele>682</ele>
</trkpt>
<trkpt lat="39.776788037270308" lon="2.796784015372396">
<ele>684</ele>
</trkpt>
<trkpt lat="39.77677496150136" lon="2.796886023133993">
<ele>687</ele>
</trkpt>
<trkpt lat="39.776698015630245" lon="2.796992976218462">
<ele>689</ele>
</trkpt>
<trkpt lat="39.776656022295356" lon="2.797064976766706">
<ele>691</ele>
</trkpt>
<trkpt lat="39.776611011475325" lon="2.797163967043161">
<ele>694</ele>
</trkpt>
<trkpt lat="39.776486037299037" lon="2.797234961763024">
<ele>696</ele>
</trkpt>
<trkpt lat="39.776441026479006" lon="2.79728701338172">
<ele>699</ele>
</trkpt>
<trkpt lat="39.776361985132098" lon="2.797361025586724">
<ele>701</ele>
</trkpt>
<trkpt lat="39.776285039260983" lon="2.79750301502645">
<ele>703</ele>
</trkpt>
<trkpt lat="39.776214966550469" lon="2.797617008909583">
<ele>706</ele>
</trkpt>
<trkpt lat="39.776209518313408" lon="2.797498572617769">
<ele>708</ele>
</trkpt>
<trkpt lat="39.776186970993876" lon="2.797443000599742">
<ele>710</ele>
</trkpt>
<trkpt lat="39.776094015687704" lon="2.797507038339973">
<ele>712</ele>
</trkpt>
<trkpt lat="39.776102984324098" lon="2.797628995031118">
<ele>715</ele>
</trkpt>
<trkpt lat="39.776058979332447" lon="2.797711975872517">
<ele>717</ele>
</trkpt>
<trkpt lat="39.775983961299062" lon="2.7977180108428">
<ele>719</ele>
</trkpt>
<trkpt lat="39.775928976014256" lon="2.79758901335299">
<ele>722</ele>
</trkpt>
<trkpt lat="39.775915984064341" lon="2.797575015574694">
<ele>724</ele>
</trkpt>
<trkpt lat="39.775796961039305" lon="2.79750301502645">
<ele>726</ele>
</trkpt>
<trkpt lat="39.775762008503079" lon="2.797462027519941">
<ele>728</ele>
</trkpt>
<trkpt lat="39.775695037096739" lon="2.797472001984716">
<ele>730</ele>
</trkpt>
<trkpt lat="39.775630999356508" lon="2.797440988942981">
<ele>732</ele>
</trkpt>
<trkpt lat="39.775605015456676" lon="2.797410981729627">
<ele>734</ele>
</trkpt>
<trkpt lat="39.775547012686729" lon="2.79735297895968">
<ele>736</ele>
</trkpt>
<trkpt lat="39.775392031297088" lon="2.797375023365021">
<ele>738</ele>
</trkpt>
<trkpt lat="39.775345008820295" lon="2.797368988394737">
<ele>740</ele>
</trkpt>
<trkpt lat="39.775256998836994" lon="2.797332024201751">
<ele>742</ele>
</trkpt>
<trkpt lat="39.77518399246037" lon="2.797297993674874">
<ele>744</ele>
</trkpt>
<trkpt lat="39.775130013003945" lon="2.797291958704591">
<ele>745</ele>
</trkpt>
<trkpt lat="39.775108974426985" lon="2.79720202088356">
<ele>747</ele>
</trkpt>
<trkpt lat="39.775080978870392" lon="2.797196991741657">
<ele>748</ele>
</trkpt>
<trkpt lat="39.775065975263715" lon="2.797165978699923">
<ele>749</ele>
</trkpt>
<trkpt lat="39.775000009685755" lon="2.797177964821458">
<ele>750</ele>
</trkpt>
<trkpt lat="39.774997998028994" lon="2.797176958993077">
<ele>752</ele>
</trkpt>
<trkpt lat="39.77499196305871" lon="2.797174025326967">
<ele>753</ele>
</trkpt>
<trkpt lat="39.774851985275745" lon="2.797120967879891">
<ele>754</ele>
</trkpt>
<trkpt lat="39.77479699999094" lon="2.797081992030144">
<ele>756</ele>
</trkpt>
<trkpt lat="39.774771016091108" lon="2.797039998695254">
<ele>757</ele>
</trkpt>
<trkpt lat="39.774650987237692" lon="2.79705299064517">
<ele>758</ele>
</trkpt>
<trkpt lat="39.774559959769249" lon="2.797093978151679">
<ele>760</ele>
</trkpt>
<trkpt lat="39.774500029161572" lon="2.797129014506936">
<ele>761</ele>
</trkpt>
<trkpt lat="39.774399027228355" lon="2.7971809823066">
<ele>762</ele>
</trkpt>
<trkpt lat="39.77428000420332" lon="2.7971809823066">
<ele>764</ele>
</trkpt>
<trkpt lat="39.774243962019682" lon="2.797148041427136">
<ele>765</ele>
</trkpt>
<trkpt lat="39.774172967299819" lon="2.797103030607104">
<ele>766</ele>
</trkpt>
<trkpt lat="39.774113036692142" lon="2.796979984268546">
<ele>767</ele>
</trkpt>
<trkpt lat="39.774017985910177" lon="2.796932039782405">
<ele>769</ele>
</trkpt>
<trkpt lat="39.773930981755257" lon="2.796892980113626">
<ele>770</ele>
</trkpt>
<trkpt lat="39.773864010348916" lon="2.796864984557033">
<ele>772</ele>
</trkpt>
<trkpt lat="39.773779017850757" lon="2.796757025644183">
<ele>774</ele>
</trkpt>
<trkpt lat="39.773702993988991" lon="2.796653006225824">
<ele>776</ele>
</trkpt>
<trkpt lat="39.773672986775637" lon="2.796613024547696">
<ele>778</ele>
</trkpt>
<trkpt lat="39.77359302341938" lon="2.796500958502293">
<ele>780</ele>
</trkpt>
<trkpt lat="39.773454973474145" lon="2.796506993472576">
<ele>783</ele>
</trkpt>
<trkpt lat="39.773449022322893" lon="2.796395011246204">
<ele>785</ele>
</trkpt>
<trkpt lat="39.773466037586331" lon="2.796367015689611">
<ele>787</ele>
</trkpt>
<trkpt lat="39.773390013724566" lon="2.796250004321337">
<ele>789</ele>
</trkpt>
<trkpt lat="39.773366041481495" lon="2.796213962137699">
<ele>791</ele>
</trkpt>
<trkpt lat="39.773340979591012" lon="2.796155959367752">
<ele>792</ele>
</trkpt>
<trkpt lat="39.773323964327574" lon="2.796081025153399">
<ele>793</ele>
</trkpt>
<trkpt lat="39.773312984034419" lon="2.79593501240015">
<ele>794</ele>
</trkpt>
<trkpt lat="39.773204019293189" lon="2.795925959944725">
<ele>795</ele>
</trkpt>
<trkpt lat="39.773149034008384" lon="2.795868963003159">
<ele>796</ele>
</trkpt>
<trkpt lat="39.773089019581676" lon="2.795781036838889">
<ele>797</ele>
</trkpt>
<trkpt lat="39.773023976013064" lon="2.795753041282296">
<ele>798</ele>
</trkpt>
<trkpt lat="39.772959016263485" lon="2.795766033232212">
<ele>799</ele>
</trkpt>
<trkpt lat="39.773026993498206" lon="2.795703001320362">
<ele>801</ele>
</trkpt>
<trkpt lat="39.773038979619741" lon="2.79563401825726">
<ele>804</ele>
</trkpt>
<trkpt lat="39.773061024025083" lon="2.795575009658933">
<ele>806</ele>
</trkpt>
<trkpt lat="39.773170994594693" lon="2.795533016324043">
<ele>809</ele>
</trkpt>
<trkpt lat="39.773261016234756" lon="2.79550502076745">
<ele>811</ele>
</trkpt>
<trkpt lat="39.773414991796017" lon="2.79537602327764">
<ele>813</ele>
</trkpt>
<trkpt lat="39.77344298735261" lon="2.795266974717379">
<ele>816</ele>
</trkpt>
<trkpt lat="39.773362018167973" lon="2.79511802829802">
<ele>818</ele>
</trkpt>
<trkpt lat="39.773354977369308" lon="2.794955000281334">
<ele>821</ele>
</trkpt>
<trkpt lat="39.77335698902607" lon="2.794836983084679">
<ele>823</ele>
</trkpt>
<trkpt lat="39.773394959047437" lon="2.794836983084679">
<ele>825</ele>
</trkpt>
<trkpt lat="39.773449022322893" lon="2.794855004176498">
<ele>827</ele>
</trkpt>
<trkpt lat="39.773524040356278" lon="2.794941002503038">
<ele>828</ele>
</trkpt>
<trkpt lat="39.773591011762619" lon="2.794990036636591">
<ele>830</ele>
</trkpt>
<trkpt lat="39.773748004809022" lon="2.795035969465971">
<ele>832</ele>
</trkpt>
<trkpt lat="39.773794021457434" lon="2.794963968917728">
<ele>834</ele>
</trkpt>
<trkpt lat="39.7737439814955" lon="2.79490596614778">
<ele>836</ele>
</trkpt>
<trkpt lat="39.773681033402681" lon="2.794815022498369">
<ele>837</ele>
</trkpt>
<trkpt lat="39.773729983717203" lon="2.794770011678338">
<ele>839</ele>
</trkpt>
<trkpt lat="39.773771977052093" lon="2.794793983921409">
<ele>841</ele>
</trkpt>
<trkpt lat="39.773840038105845" lon="2.794809993356466">
<ele>844</ele>
</trkpt>
<trkpt lat="39.773823022842407" lon="2.79473003000021">
<ele>846</ele>
</trkpt>
<trkpt lat="39.773818999528885" lon="2.794703040271998">
<ele>849</ele>
</trkpt>
<trkpt lat="39.773794021457434" lon="2.794543029740453">
<ele>851</ele>
</trkpt>
<trkpt lat="39.773750016465783" lon="2.794426018372178">
<ele>854</ele>
</trkpt>
<trkpt lat="39.773706011474133" lon="2.794313030317426">
<ele>857</ele>
</trkpt>
<trkpt lat="39.773652032017708" lon="2.794167017564178">
<ele>859</ele>
</trkpt>
<trkpt lat="39.773581037297845" lon="2.794060986489058">
<ele>862</ele>
</trkpt>
<trkpt lat="39.773553963750601" lon="2.794014969840646">
<ele>864</ele>
</trkpt>
<trkpt lat="39.773509036749601" lon="2.793924026191235">
<ele>867</ele>
</trkpt>
<trkpt lat="39.773548012599349" lon="2.793837022036314">
<ele>869</ele>
</trkpt>
<trkpt lat="39.773511970415711" lon="2.793713975697756">
<ele>872</ele>
</trkpt>
<trkpt lat="39.773500990122557" lon="2.793710958212614">
<ele>874</ele>
</trkpt>
<trkpt lat="39.773434018716216" lon="2.793525969609618">
<ele>877</ele>
</trkpt>
<trkpt lat="39.773403005674481" lon="2.793426979333162">
<ele>879</ele>
</trkpt>
<trkpt lat="39.77339998818934" lon="2.793365037068725">
<ele>881</ele>
</trkpt>
<trkpt lat="39.77333796210587" lon="2.793223969638348">
<ele>884</ele>
</trkpt>
<trkpt lat="39.773253975436091" lon="2.793074017390609">
<ele>886</ele>
</trkpt>
<trkpt lat="39.773174012079835" lon="2.792960023507476">
<ele>889</ele>
</trkpt>
<trkpt lat="39.773127995431423" lon="2.792824991047382">
<ele>891</ele>
</trkpt>
<trkpt lat="39.773193961009383" lon="2.792839994654059">
<ele>892</ele>
</trkpt>
<trkpt lat="39.773168982937932" lon="2.79279800131917">
<ele>894</ele>
</trkpt>
<trkpt lat="39.7731620259583" lon="2.79277503490448">
<ele>896</ele>
</trkpt>
<trkpt lat="39.773187004029751" lon="2.792733041569591">
<ele>897</ele>
</trkpt>
<trkpt lat="39.773164037615061" lon="2.792678978294134">
<ele>898</ele>
</trkpt>
<trkpt lat="39.773161020129919" lon="2.792675960808992">
<ele>900</ele>
</trkpt>
<trkpt lat="39.773024981841445" lon="2.792478986084461">
<ele>902</ele>
</trkpt>
<trkpt lat="39.772986005991697" lon="2.79241100884974">
<ele>903</ele>
</trkpt>
<trkpt lat="39.77295096963644" lon="2.792330039665103">
<ele>904</ele>
</trkpt>
<trkpt lat="39.772889027372003" lon="2.792126024141908">
<ele>906</ele>
</trkpt>
<trkpt lat="39.772871006280184" lon="2.792081013321877">
<ele>909</ele>
</trkpt>
<trkpt lat="39.772809986025095" lon="2.791921002790332">
<ele>912</ele>
</trkpt>
<trkpt lat="39.772745026275516" lon="2.791804997250438">
<ele>914</ele>
</trkpt>
<trkpt lat="39.772690963000059" lon="2.791683040559292">
<ele>917</ele>
</trkpt>
<trkpt lat="39.77262600325048" lon="2.791576003655791">
<ele>920</ele>
</trkpt>
<trkpt lat="39.772698003798723" lon="2.791544990614057">
<ele>923</ele>
</trkpt>
<trkpt lat="39.772785007953644" lon="2.791640041396022">
<ele>926</ele>
</trkpt>
<trkpt lat="39.772860025987029" lon="2.791740037500858">
<ele>928</ele>
</trkpt>
<trkpt lat="39.77290503680706" lon="2.791693015024066">
<ele>931</ele>
</trkpt>
<trkpt lat="39.772918028756976" lon="2.791581032797694">
<ele>934</ele>
</trkpt>
<trkpt lat="39.77290503680706" lon="2.791502997279167">
<ele>936</ele>
</trkpt>
<trkpt lat="39.772919034585357" lon="2.79142202809453">
<ele>939</ele>
</trkpt>
<trkpt lat="39.772901013493538" lon="2.791294036433101">
<ele>941</ele>
</trkpt>
<trkpt lat="39.772880980744958" lon="2.791226981207728">
<ele>944</ele>
</trkpt>
<trkpt lat="39.7728649713099" lon="2.791192028671503">
<ele>946</ele>
</trkpt>
<trkpt lat="39.772830018773675" lon="2.791046015918255">
<ele>948</ele>
</trkpt>
<trkpt lat="39.772780984640121" lon="2.790990024805069">
<ele>951</ele>
</trkpt>
<trkpt lat="39.772725999355316" lon="2.79088499955833">
<ele>953</ele>
</trkpt>
<trkpt lat="39.772681994363666" lon="2.790761031210423">
<ele>956</ele>
</trkpt>
<trkpt lat="39.772634971886873" lon="2.790633039548993">
<ele>958</ele>
</trkpt>
<trkpt lat="39.772683000192046" lon="2.790609989315271">
<ele>960</ele>
</trkpt>
<trkpt lat="39.772623991593719" lon="2.790508987382054">
<ele>962</ele>
</trkpt>
<trkpt lat="39.772576969116926" lon="2.790462970733643">
<ele>963</ele>
</trkpt>
<trkpt lat="39.772516032680869" lon="2.790342019870877">
<ele>965</ele>
</trkpt>
<trkpt lat="39.772456018254161" lon="2.790243029594421">
<ele>967</ele>
</trkpt>
<trkpt lat="39.772461969405413" lon="2.790187038481236">
<ele>969</ele>
</trkpt>
<trkpt lat="39.772460963577032" lon="2.790101962164044">
<ele>971</ele>
</trkpt>
<trkpt lat="39.772439002990723" lon="2.790044965222478">
<ele>972</ele>
</trkpt>
<trkpt lat="39.772416958585382" lon="2.78993901796639">
<ele>974</ele>
</trkpt>
<trkpt lat="39.772356022149324" lon="2.789781019091606">
<ele>976</ele>
</trkpt>
<trkpt lat="39.772313022986054" lon="2.789699966087937">
<ele>978</ele>
</trkpt>
<trkpt lat="39.772287039086223" lon="2.789520006626844">
<ele>979</ele>
</trkpt>
<trkpt lat="39.772258959710598" lon="2.789415987208486">
<ele>981</ele>
</trkpt>
<trkpt lat="39.772229958325624" lon="2.78931699693203">
<ele>982</ele>
</trkpt>
<trkpt lat="39.772146977484226" lon="2.789228986948729">
<ele>984</ele>
</trkpt>
<trkpt lat="39.772114036604762" lon="2.789164027199149">
<ele>986</ele>
</trkpt>
<trkpt lat="39.772040024399757" lon="2.789037963375449">
<ele>987</ele>
</trkpt>
<trkpt lat="39.772048993036151" lon="2.788991024717689">
<ele>989</ele>
</trkpt>
<trkpt lat="39.772091992199421" lon="2.788869990035892">
<ele>990</ele>
</trkpt>
<trkpt lat="39.77213297970593" lon="2.788696987554431">
<ele>992</ele>
</trkpt>
<trkpt lat="39.772131973877549" lon="2.788559021428227">
<ele>993</ele>
</trkpt>
<trkpt lat="39.77213297970593" lon="2.788518033921719">
<ele>993</ele>
</trkpt>
<trkpt lat="39.772134991362691" lon="2.788513004779816">
<ele>994</ele>
</trkpt>
<trkpt lat="39.772140020504594" lon="2.788332039490342">
<ele>994</ele>
</trkpt>
<trkpt lat="39.772098027169704" lon="2.788206981495023">
<ele>995</ele>
</trkpt>
<trkpt lat="39.772014040499926" lon="2.78809298761189">
<ele>996</ele>
</trkpt>
<trkpt lat="39.771984033286572" lon="2.788031967356801">
<ele>996</ele>
</trkpt>
<trkpt lat="39.771937010809779" lon="2.787953009828925">
<ele>997</ele>
</trkpt>
<trkpt lat="39.77191798388958" lon="2.787860976532102">
<ele>997</ele>
</trkpt>
<trkpt lat="39.771944973617792" lon="2.787763997912407">
<ele>998</ele>
</trkpt>
<trkpt lat="39.771962994709611" lon="2.787699038162828">
<ele>1001</ele>
</trkpt>
<trkpt lat="39.771996019408107" lon="2.78759996406734">
<ele>1004</ele>
</trkpt>
<trkpt lat="39.772081011906266" lon="2.787501979619265">
<ele>1006</ele>
</trkpt>
<trkpt lat="39.772167010232806" lon="2.787430984899402">
<ele>1009</ele>
</trkpt>
<trkpt lat="39.772234987467527" lon="2.787247840315104">
<ele>1012</ele>
</trkpt>
<trkpt lat="39.772290727123618" lon="2.787111885845661">
<ele>1015</ele>
</trkpt>
<trkpt lat="39.772319477051497" lon="2.786973668262363">
<ele>1018</ele>
</trkpt>
<trkpt lat="39.772337414324284" lon="2.786910049617291">
<ele>1020</ele>
</trkpt>
<trkpt lat="39.772398518398404" lon="2.786839893087745">
<ele>1023</ele>
</trkpt>
<trkpt lat="39.772389968857169" lon="2.786724977195263">
<ele>1026</ele>
</trkpt>
<trkpt lat="39.772405978292227" lon="2.786643002182245">
<ele>1028</ele>
</trkpt>
<trkpt lat="39.772413019090891" lon="2.786486009135842">
<ele>1030</ele>
</trkpt>
<trkpt lat="39.772365996614099" lon="2.786401016637683">
<ele>1032</ele>
</trkpt>
<trkpt lat="39.772338001057506" lon="2.786277970299125">
<ele>1034</ele>
</trkpt>
<trkpt lat="39.772381000220776" lon="2.78630998916924">
<ele>1036</ele>
</trkpt>
<trkpt lat="39.772435985505581" lon="2.786272019147873">
<ele>1038</ele>
</trkpt>
<trkpt lat="39.7724349796772" lon="2.786264978349209">
<ele>1040</ele>
</trkpt>
<trkpt lat="39.772336995229125" lon="2.786185014992952">
<ele>1042</ele>
</trkpt>
<trkpt lat="39.772273963317275" lon="2.786091975867748">
<ele>1044</ele>
</trkpt>
<trkpt lat="39.772173967212439" lon="2.785988040268421">
<ele>1046</ele>
</trkpt>
<trkpt lat="39.772146977484226" lon="2.785962978377938">
<ele>1047</ele>
</trkpt>
<trkpt lat="39.772073971107602" lon="2.785904975607991">
<ele>1047</ele>
</trkpt>
<trkpt lat="39.771942961961031" lon="2.785832975059748">
<ele>1048</ele>
</trkpt>
<trkpt lat="39.77191898971796" lon="2.785827023908496">
<ele>1049</ele>
</trkpt>
<trkpt lat="39.771840032190084" lon="2.785725016146898">
<ele>1050</ele>
</trkpt>
<trkpt lat="39.771706005558372" lon="2.785632982850075">
<ele>1050</ele>
</trkpt>
<trkpt lat="39.771631993353367" lon="2.78562099672854">
<ele>1051</ele>
</trkpt>
<trkpt lat="39.771569967269897" lon="2.785609010607004">
<ele>1052</ele>
</trkpt>
<trkpt lat="39.771482041105628" lon="2.785488981753588">
<ele>1052</ele>
</trkpt>
<trkpt lat="39.77148899808526" lon="2.785423016175628">
<ele>1053</ele>
</trkpt>
<trkpt lat="39.771496038883924" lon="2.785427961498499">
<ele>1055</ele>
</trkpt>
<trkpt lat="39.77153199724853" lon="2.785317990928888">
<ele>1057</ele>
</trkpt>
<trkpt lat="39.771481035277247" lon="2.785225035622716">
<ele>1059</ele>
</trkpt>
<trkpt lat="39.771497966721654" lon="2.785237021744251">
<ele>1061</ele>
</trkpt>
<trkpt lat="39.771547000855207" lon="2.785283960402012">
<ele>1063</ele>
</trkpt>
<trkpt lat="39.771578013896942" lon="2.785281026735902">
<ele>1065</ele>
</trkpt>
<trkpt lat="39.771578013896942" lon="2.785281026735902">
<ele>1067</ele>
</trkpt>
<trkpt lat="39.771579019725323" lon="2.785143982619047">
<ele>1069</ele>
</trkpt>
<trkpt lat="39.771562004461884" lon="2.785036023706198">
<ele>1071</ele>
</trkpt>
<trkpt lat="39.77168102748692" lon="2.784995958209038">
<ele>1073</ele>
</trkpt>
<trkpt lat="39.771754033863544" lon="2.784962011501193">
<ele>1076</ele>
</trkpt>
<trkpt lat="39.771924018859863" lon="2.78489101678133">
<ele>1079</ele>
</trkpt>
<trkpt lat="39.772002976387739" lon="2.784835025668144">
<ele>1082</ele>
</trkpt>
<trkpt lat="39.772244039922953" lon="2.784725977107883">
<ele>1085</ele>
</trkpt>
<trkpt lat="39.772312017157674" lon="2.784694964066148">
<ele>1088</ele>
</trkpt>
<trkpt lat="39.772410001605749" lon="2.784711979329586">
<ele>1090</ele>
</trkpt>
<trkpt lat="39.772474961355329" lon="2.784707034006715">
<ele>1093</ele>
</trkpt>
<trkpt lat="39.772517960518599" lon="2.784648025408387">
<ele>1096</ele>
</trkpt>
<trkpt lat="39.772612005472183" lon="2.784577030688524">
<ele>1099</ele>
</trkpt>
<trkpt lat="39.772703032940626" lon="2.78456998988986">
<ele>1102</ele>
</trkpt>
<trkpt lat="39.77277796715498" lon="2.784545011818409">
<ele>1104</ele>
</trkpt>
<trkpt lat="39.772895984351635" lon="2.784493966028094">
<ele>1105</ele>
</trkpt>
<trkpt lat="39.772977959364653" lon="2.784424982964993">
<ele>1106</ele>
</trkpt>
<trkpt lat="39.773046020418406" lon="2.784405034035444">
<ele>1108</ele>
</trkpt>
<trkpt lat="39.773164037615061" lon="2.78446001932025">
<ele>1110</ele>
</trkpt>
<trkpt lat="39.773240983486176" lon="2.784432023763657">
<ele>1111</ele>
</trkpt>
<trkpt lat="39.773321030661464" lon="2.784388018772006">
<ele>1112</ele>
</trkpt>
<trkpt lat="39.77344298735261" lon="2.784404028207064">
<ele>1114</ele>
</trkpt>
<trkpt lat="39.773471988737583" lon="2.784414002671838">
<ele>1116</ele>
</trkpt>
<trkpt lat="39.773552035912871" lon="2.784435041248798">
<ele>1117</ele>
</trkpt>
<trkpt lat="39.77370098233223" lon="2.784434035420418">
<ele>1117</ele>
</trkpt>
<trkpt lat="39.773729983717203" lon="2.784433029592037">
<ele>1118</ele>
</trkpt>
<trkpt lat="39.773809025064111" lon="2.784492038190365">
<ele>1118</ele>
</trkpt>
<trkpt lat="39.773844983428717" lon="2.784489020705223">
<ele>1119</ele>
</trkpt>
<trkpt lat="39.773874990642071" lon="2.784492038190365">
<ele>1119</ele>
</trkpt>
<trkpt lat="39.77391597814858" lon="2.784465970471501">
<ele>1119</ele>
</trkpt>
<trkpt lat="39.773945985361934" lon="2.784507041797042">
<ele>1120</ele>
</trkpt>
<trkpt lat="39.773944979533553" lon="2.784507041797042">
<ele>1120</ele>
</trkpt>
<trkpt lat="39.773944979533553" lon="2.784507041797042">
<ele>1121</ele>
</trkpt>
<trkpt lat="39.773925030604005" lon="2.784468987956643">
<ele>1121</ele>
</trkpt>
<trkpt lat="39.773925030604005" lon="2.784468987956643">
<ele>1121</ele>
</trkpt>
<trkpt lat="39.773904997855425" lon="2.784299002960324">
<ele>1121</ele>
</trkpt>
<trkpt lat="39.773913966491818" lon="2.784200012683868">
<ele>1121</ele>
</trkpt>
<trkpt lat="39.773963000625372" lon="2.78407696634531">
<ele>1121</ele>
</trkpt>
<trkpt lat="39.773961994796991" lon="2.784069003537297">
<ele>1122</ele>
</trkpt>
<trkpt lat="39.773956965655088" lon="2.784017035737634">
<ele>1122</ele>
</trkpt>
<trkpt lat="39.773994013667107" lon="2.783921984955668">
<ele>1122</ele>
</trkpt>
<trkpt lat="39.774009017273784" lon="2.783791981637478">
<ele>1122</ele>
</trkpt>
<trkpt lat="39.774028966203332" lon="2.783687962219119">
<ele>1122</ele>
</trkpt>
<trkpt lat="39.774043969810009" lon="2.783635994419456">
<ele>1122</ele>
</trkpt>
<trkpt lat="39.774070037528872" lon="2.78351697139442">
<ele>1121</ele>
</trkpt>
<trkpt lat="39.77408898063004" lon="2.783423010259867">
<ele>1120</ele>
</trkpt>
<trkpt lat="39.77410901337862" lon="2.783255958929658">
<ele>1119</ele>
</trkpt>
<trkpt lat="39.774069031700492" lon="2.783110029995441">
<ele>1118</ele>
</trkpt>
<trkpt lat="39.774069031700492" lon="2.783012967556715">
<ele>1116</ele>
</trkpt>
<trkpt lat="39.774053022265434" lon="2.782944990321994">
<ele>1115</ele>
</trkpt>
<trkpt lat="39.774053022265434" lon="2.782944990321994">
<ele>1114</ele>
</trkpt>
<trkpt lat="39.774052016437054" lon="2.782942978665233">
<ele>1113</ele>
</trkpt>
<trkpt lat="39.774053022265434" lon="2.782942978665233">
<ele>1112</ele>
</trkpt>
<trkpt lat="39.774051010608673" lon="2.782939961180091">
<ele>1112</ele>
</trkpt>
<trkpt lat="39.774051010608673" lon="2.782939961180091">
<ele>1111</ele>
</trkpt>
<trkpt lat="39.773940034210682" lon="2.782819010317326">
<ele>1111</ele>
</trkpt>
<trkpt lat="39.773861998692155" lon="2.782746003940702">
<ele>1110</ele>
</trkpt>
<trkpt lat="39.773813970386982" lon="2.782645002007484">
<ele>1109</ele>
</trkpt>
<trkpt lat="39.77378798648715" lon="2.78259496204555">
<ele>1109</ele>
</trkpt>
<trkpt lat="39.773687990382314" lon="2.782418020069599">
<ele>1108</ele>
</trkpt>
<trkpt lat="39.773610960692167" lon="2.782316012308002">
<ele>1108</ele>
</trkpt>
<trkpt lat="39.773552035912871" lon="2.782240994274616">
<ele>1107</ele>
</trkpt>
<trkpt lat="39.773433012887836" lon="2.782132029533386">
<ele>1106</ele>
</trkpt>
<trkpt lat="39.773352965712547" lon="2.782052988186479">
<ele>1105</ele>
</trkpt>
<trkpt lat="39.77327099069953" lon="2.781952992081642">
<ele>1104</ele>
</trkpt>
<trkpt lat="39.77318499237299" lon="2.781900018453598">
<ele>1103</ele>
</trkpt>
<trkpt lat="39.77314199320972" lon="2.781848972663283">
<ele>1102</ele>
</trkpt>
<trkpt lat="39.773005032911897" lon="2.781784012913704">
<ele>1102</ele>
</trkpt>
<trkpt lat="39.772943006828427" lon="2.781759034842253">
<ele>1101</ele>
</trkpt>
<trkpt lat="39.772850973531604" lon="2.781702959910035">
<ele>1100</ele>
</trkpt>
<trkpt lat="39.772781990468502" lon="2.781621990725398">
<ele>1099</ele>
</trkpt>
<trkpt lat="39.772757012397051" lon="2.781588966026902">
<ele>1098</ele>
</trkpt>
<trkpt lat="39.772685011848807" lon="2.781415041536093">
<ele>1095</ele>
</trkpt>
<trkpt lat="39.772675959393382" lon="2.781394002959132">
<ele>1093</ele>
</trkpt>
<trkpt lat="39.772564982995391" lon="2.781240027397871">
<ele>1090</ele>
</trkpt>
<trkpt lat="39.77249700576067" lon="2.781142964959145">
<ele>1087</ele>
</trkpt>
<trkpt lat="39.772418970242143" lon="2.781099965795875">
<ele>1084</ele>
</trkpt>
<trkpt lat="39.772392986342311" lon="2.780978009104729">
<ele>1082</ele>
</trkpt>
<trkpt lat="39.772393992170691" lon="2.780816992744803">
<ele>1079</ele>
</trkpt>
<trkpt lat="39.772349987179041" lon="2.780740968883038">
<ele>1076</ele>
</trkpt>
<trkpt lat="39.77230598218739" lon="2.780712973326445">
<ele>1074</ele>
</trkpt>
<trkpt lat="39.772235993295908" lon="2.780611971393228">
<ele>1071</ele>
</trkpt>
<trkpt lat="39.772124011069536" lon="2.780523039400578">
<ele>1069</ele>
</trkpt>
<trkpt lat="39.772059973329306" lon="2.780484985560179">
<ele>1067</ele>
</trkpt>
<trkpt lat="39.772010017186403" lon="2.780434023588896">
<ele>1065</ele>
</trkpt>
<trkpt lat="39.77191798388958" lon="2.780331009998918">
<ele>1063</ele>
</trkpt>
<trkpt lat="39.77187599055469" lon="2.780295973643661">
<ele>1061</ele>
</trkpt>
<trkpt lat="39.771787980571389" lon="2.780282981693745">
<ele>1059</ele>
</trkpt>
<trkpt lat="39.771720003336668" lon="2.780293961986899">
<ele>1057</ele>
</trkpt>
<trkpt lat="39.771623024716973" lon="2.780201006680727">
<ele>1055</ele>
</trkpt>
<trkpt lat="39.771539038047194" lon="2.780162030830979">
<ele>1053</ele>
</trkpt>
<trkpt lat="39.771451028063893" lon="2.780175022780895">
<ele>1051</ele>
</trkpt>
<trkpt lat="39.771430995315313" lon="2.780160019174218">
<ele>1048</ele>
</trkpt>
<trkpt lat="39.771426972001791" lon="2.780160019174218">
<ele>1046</ele>
</trkpt>
<trkpt lat="39.77142202667892" lon="2.780270995572209">
<ele>1043</ele>
</trkpt>
<trkpt lat="39.771349020302296" lon="2.780178962275386">
<ele>1040</ele>
</trkpt>
<trkpt lat="39.771310966461897" lon="2.780133029446006">
<ele>1038</ele>
</trkpt>
<trkpt lat="39.771307026967406" lon="2.780095981433988">
<ele>1035</ele>
</trkpt>
<trkpt lat="39.771286994218826" lon="2.780068991705775">
<ele>1032</ele>
</trkpt>
<trkpt lat="39.77127400226891" lon="2.779880985617638">
<ele>1029</ele>
</trkpt>
<trkpt lat="39.771267967298627" lon="2.779786018654704">
<ele>1027</ele>
</trkpt>
<trkpt lat="39.771222034469247" lon="2.779747964814305">
<ele>1024</ele>
</trkpt>
<trkpt lat="39.771126983687282" lon="2.779551995918155">
<ele>1022</ele>
</trkpt>
<trkpt lat="39.77107903920114" lon="2.779525006189942">
<ele>1019</ele>
</trkpt>
<trkpt lat="39.771021958440542" lon="2.779421992599964">
<ele>1017</ele>
</trkpt>
<trkpt lat="39.771009972319007" lon="2.779377987608314">
<ele>1014</ele>
</trkpt>
<trkpt lat="39.770977031439543" lon="2.779278997331858">
<ele>1012</ele>
</trkpt>
<trkpt lat="39.770923973992467" lon="2.779142037034035">
<ele>1010</ele>
</trkpt>
<trkpt lat="39.770897990092635" lon="2.779087973758578">
<ele>1007</ele>
</trkpt>
<trkpt lat="39.770830012857914" lon="2.778920000419021">
<ele>1005</ele>
</trkpt>
<trkpt lat="39.770766980946064" lon="2.778821010142565">
<ele>1002</ele>
</trkpt>
<trkpt lat="39.770721970126033" lon="2.778757978230715">
<ele>1000</ele>
</trkpt>
<trkpt lat="39.770705960690975" lon="2.778688995167613">
<ele>997</ele>
</trkpt>
<trkpt lat="39.770706966519356" lon="2.778687989339232">
<ele>995</ele>
</trkpt>
<trkpt lat="39.770705960690975" lon="2.778677009046078">
<ele>997</ele>
</trkpt>
<trkpt lat="39.770696992054582" lon="2.778645996004343">
<ele>999</ele>
</trkpt>
<trkpt lat="39.770678970962763" lon="2.77859696187079">
<ele>1000</ele>
</trkpt>
<trkpt lat="39.770547961816192" lon="2.778404010459781">
<ele>1002</ele>
</trkpt>
<trkpt lat="39.770431034266949" lon="2.778391018509865">
<ele>1004</ele>
</trkpt>
<trkpt lat="39.770429022610188" lon="2.778390012681484">
<ele>1006</ele>
</trkpt>
<trkpt lat="39.770301030948758" lon="2.778348019346595">
<ele>1008</ele>
</trkpt>
<trkpt lat="39.770119981840253" lon="2.778289010748267">
<ele>1009</ele>
</trkpt>
<trkpt lat="39.770010011270642" lon="2.778276018798351">
<ele>1011</ele>
</trkpt>
<trkpt lat="39.769873972982168" lon="2.778199994936585">
<ele>1013</ele>
</trkpt>
<trkpt lat="39.769803984090686" lon="2.778184991329908">
<ele>1015</ele>
</trkpt>
<trkpt lat="39.769713040441275" lon="2.778140986338258">
<ele>1016</ele>
</trkpt>
<trkpt lat="39.769580019637942" lon="2.778073009103537">
<ele>1018</ele>
</trkpt>
<trkpt lat="39.769453033804893" lon="2.778008971363306">
<ele>1020</ele>
</trkpt>
<trkpt lat="39.769348008558154" lon="2.777976030483842">
<ele>1022</ele>
</trkpt>
<trkpt lat="39.769282964989543" lon="2.777938982471824">
<ele>1023</ele>
</trkpt>
<trkpt lat="39.769185986369848" lon="2.777959015220404">
<ele>1025</ele>
</trkpt>
<trkpt lat="39.769154973328114" lon="2.77795197442174">
<ele>1027</ele>
</trkpt>
<trkpt lat="39.769086996093392" lon="2.777915010228753">
<ele>1028</ele>
</trkpt>
<trkpt lat="39.768965961411595" lon="2.777856001630426">
<ele>1030</ele>
</trkpt>
<trkpt lat="39.768877029418945" lon="2.77784300968051">
<ele>1033</ele>
</trkpt>
<trkpt lat="39.768723975867033" lon="2.77773798443377">
<ele>1036</ele>
</trkpt>
<trkpt lat="39.768688017502427" lon="2.777699008584023">
<ele>1039</ele>
</trkpt>
<trkpt lat="39.768597995862365" lon="2.777630025520921">
<ele>1042</ele>
</trkpt>
<trkpt lat="39.768585003912449" lon="2.777572022750974">
<ele>1044</ele>
</trkpt>
<trkpt lat="39.768688017502427" lon="2.777487030252814">
<ele>1047</ele>
</trkpt>
<trkpt lat="39.768735039979219" lon="2.777407988905907">
<ele>1050</ele>
</trkpt>
<trkpt lat="39.768822966143489" lon="2.777385022491217">
<ele>1053</ele>
</trkpt>
<trkpt lat="39.768878035247326" lon="2.777216965332627">
<ele>1056</ele>
</trkpt>
<trkpt lat="39.768922962248325" lon="2.777185030281544">
<ele>1059</ele>
</trkpt>
<trkpt lat="39.768988005816936" lon="2.777117975056171">
<ele>1059</ele>
</trkpt>
<trkpt lat="39.769022036343813" lon="2.776956036686897">
<ele>1060</ele>
</trkpt>
<trkpt lat="39.769043996930122" lon="2.776861991733313">
<ele>1060</ele>
</trkpt>
<trkpt lat="39.769111974164844" lon="2.776721008121967">
<ele>1061</ele>
</trkpt>
<trkpt lat="39.769141981378198" lon="2.776600979268551">
<ele>1061</ele>
</trkpt>
<trkpt lat="39.769127983599901" lon="2.77651397511363">
<ele>1061</ele>
</trkpt>
<trkpt lat="39.769024970009923" lon="2.7764050103724">
<ele>1062</ele>
</trkpt>
<trkpt lat="39.768942994996905" lon="2.776256985962391">
<ele>1062</ele>
</trkpt>
<trkpt lat="39.768887003883719" lon="2.776113990694284">
<ele>1063</ele>
</trkpt>
<trkpt lat="39.76891097612679" lon="2.776001002639532">
<ele>1063</ele>
</trkpt>
<trkpt lat="39.768907958641648" lon="2.775980969890952">
<ele>1064</ele>
</trkpt>
<trkpt lat="39.768908964470029" lon="2.775978036224842">
<ele>1065</ele>
</trkpt>
<trkpt lat="39.768916005268693" lon="2.775985999032855">
<ele>1065</ele>
</trkpt>
<trkpt lat="39.768918016925454" lon="2.775981975719333">
<ele>1066</ele>
</trkpt>
<trkpt lat="39.768912987783551" lon="2.775984993204474">
<ele>1067</ele>
</trkpt>
<trkpt lat="39.768912987783551" lon="2.775984993204474">
<ele>1067</ele>
</trkpt>
<trkpt lat="39.768912987783551" lon="2.775983987376094">
<ele>1067</ele>
</trkpt>
<trkpt lat="39.768908964470029" lon="2.775979964062572">
<ele>1066</ele>
</trkpt>
<trkpt lat="39.768872000277042" lon="2.775935959070921">
<ele>1066</ele>
</trkpt>
<trkpt lat="39.768748031929135" lon="2.775892037898302">
<ele>1066</ele>
</trkpt>
<trkpt lat="39.768720958381891" lon="2.77586898766458">
<ele>1066</ele>
</trkpt>
<trkpt lat="39.768671002238989" lon="2.775753987953067">
<ele>1066</ele>
</trkpt>
<trkpt lat="39.768563965335488" lon="2.77567402459681">
<ele>1065</ele>
</trkpt>
<trkpt lat="39.76848098449409" lon="2.775619039312005">
<ele>1065</ele>
</trkpt>
<trkpt lat="39.768406972289085" lon="2.775520971044898">
<ele>1065</ele>
</trkpt>
<trkpt lat="39.768314016982913" lon="2.77537495829165">
<ele>1063</ele>
</trkpt>
<trkpt lat="39.768272023648024" lon="2.775323996320367">
<ele>1061</ele>
</trkpt>
<trkpt lat="39.768171021714807" lon="2.775245038792491">
<ele>1059</ele>
</trkpt>
<trkpt lat="39.768100026994944" lon="2.77516096830368">
<ele>1057</ele>
</trkpt>
<trkpt lat="39.768047975376248" lon="2.775056026875973">
<ele>1054</ele>
</trkpt>
<trkpt lat="39.768038000911474" lon="2.775043034926057">
<ele>1052</ele>
</trkpt>
<trkpt lat="39.767955020070076" lon="2.774947984144092">
<ele>1050</ele>
</trkpt>
<trkpt lat="39.767904980108142" lon="2.774860979989171">
<ele>1048</ele>
</trkpt>
<trkpt lat="39.767797021195292" lon="2.774807000532746">
<ele>1046</ele>
</trkpt>
<trkpt lat="39.767743041738868" lon="2.774795014411211">
<ele>1044</ele>
</trkpt>
<trkpt lat="39.767639022320509" lon="2.774671968072653">
<ele>1041</ele>
</trkpt>
<trkpt lat="39.767539026215672" lon="2.774544982239604">
<ele>1039</ele>
</trkpt>
<trkpt lat="39.767508013173938" lon="2.774510029703379">
<ele>1036</ele>
</trkpt>
<trkpt lat="39.767402987927198" lon="2.774439034983516">
<ele>1034</ele>
</trkpt>
<trkpt lat="39.767364012077451" lon="2.774399975314736">
<ele>1031</ele>
</trkpt>
<trkpt lat="39.767288994044065" lon="2.774297967553139">
<ele>1028</ele>
</trkpt>
<trkpt lat="39.76723400875926" lon="2.774248011410236">
<ele>1026</ele>
</trkpt>
<trkpt lat="39.767199978232384" lon="2.774218004196882">
<ele>1023</ele>
</trkpt>
<trkpt lat="39.767047008499503" lon="2.774221021682024">
<ele>1021</ele>
</trkpt>
<trkpt lat="39.767028987407684" lon="2.774210963398218">
<ele>1018</ele>
</trkpt>
<trkpt lat="39.766873000189662" lon="2.774151032790542">
<ele>1016</ele>
</trkpt>
<trkpt lat="39.766769986599684" lon="2.774124965071678">
<ele>1013</ele>
</trkpt>
<trkpt lat="39.766727993264794" lon="2.774106021970511">
<ele>1010</ele>
</trkpt>
<trkpt lat="39.766627997159958" lon="2.774110967293382">
<ele>1008</ele>
</trkpt>
<trkpt lat="39.766586003825068" lon="2.77410501614213">
<ele>1006</ele>
</trkpt>
<trkpt lat="39.766549961641431" lon="2.773922039195895">
<ele>1003</ele>
</trkpt>
<trkpt lat="39.766558008268476" lon="2.773846015334129">
<ele>1000</ele>
</trkpt>
<trkpt lat="39.766563959419727" lon="2.773822965100408">
<ele>998</ele>
</trkpt>
<trkpt lat="39.766466980800033" lon="2.773764040321112">
<ele>996</ele>
</trkpt>
<trkpt lat="39.76643898524344" lon="2.773769991472364">
<ele>993</ele>
</trkpt>
<trkpt lat="39.766377964988351" lon="2.773778960108757">
<ele>991</ele>
</trkpt>
<trkpt lat="39.76633002050221" lon="2.773655997589231">
<ele>989</ele>
</trkpt>
<trkpt lat="39.766313005238771" lon="2.773620961233974">
<ele>987</ele>
</trkpt>
<trkpt lat="39.766289032995701" lon="2.773616015911102">
<ele>984</ele>
</trkpt>
<trkpt lat="39.766228012740612" lon="2.773491041734815">
<ele>982</ele>
</trkpt>
<trkpt lat="39.766191970556974" lon="2.773384004831314">
<ele>980</ele>
</trkpt>
<trkpt lat="39.766149977222085" lon="2.773361960425973">
<ele>978</ele>
</trkpt>
<trkpt lat="39.766119970008731" lon="2.773263975977898">
<ele>976</ele>
</trkpt>
<trkpt lat="39.766074037179351" lon="2.773050991818309">
<ele>974</ele>
</trkpt>
<trkpt lat="39.766060039401054" lon="2.773005980998278">
<ele>972</ele>
</trkpt>
<trkpt lat="39.766063978895545" lon="2.772872038185597">
<ele>969</ele>
</trkpt>
<trkpt lat="39.766063978895545" lon="2.772872038185597">
<ele>967</ele>
</trkpt>
<trkpt lat="39.766057021915913" lon="2.772873966023326">
<ele>965</ele>
</trkpt>
<trkpt lat="39.766057021915913" lon="2.772872038185597">
<ele>963</ele>
</trkpt>
<trkpt lat="39.766057021915913" lon="2.772872038185597">
<ele>964</ele>
</trkpt>
<trkpt lat="39.766057021915913" lon="2.772872038185597">
<ele>965</ele>
</trkpt>
<trkpt lat="39.766058027744293" lon="2.772870026528835">
<ele>967</ele>
</trkpt>
<trkpt lat="39.765926012769341" lon="2.772684032097459">
<ele>968</ele>
</trkpt>
<trkpt lat="39.765829034149647" lon="2.772647989913821">
<ele>969</ele>
</trkpt>
<trkpt lat="39.765713028609753" lon="2.772681014612317">
<ele>970</ele>
</trkpt>
<trkpt lat="39.765702970325947" lon="2.772663999348879">
<ele>971</ele>
</trkpt>
<trkpt lat="39.765700036659837" lon="2.772585041821003">
<ele>973</ele>
</trkpt>
<trkpt lat="39.765639016404748" lon="2.772457972168922">
<ele>974</ele>
</trkpt>
<trkpt lat="39.765609009191394" lon="2.772398963570595">
<ele>975</ele>
</trkpt>
<trkpt lat="39.765424020588398" lon="2.772421007975936">
<ele>978</ele>
</trkpt>
<trkpt lat="39.765332993119955" lon="2.772402986884117">
<ele>981</ele>
</trkpt>
<trkpt lat="39.765218999236822" lon="2.7723019849509">
<ele>984</ele>
</trkpt>
<trkpt lat="39.765218999236822" lon="2.772198971360922">
<ele>987</ele>
</trkpt>
<trkpt lat="39.765153033658862" lon="2.772089000791311">
<ele>990</ele>
</trkpt>
<trkpt lat="39.765069968998432" lon="2.771969977766275">
<ele>994</ele>
</trkpt>
<trkpt lat="39.76502001285553" lon="2.771836034953594">
<ele>997</ele>
</trkpt>
<trkpt lat="39.764973996207118" lon="2.77167996391654">
<ele>1000</ele>
</trkpt>
<trkpt lat="39.76493502035737" lon="2.771602012217045">
<ele>1003</ele>
</trkpt>
<trkpt lat="39.764885986223817" lon="2.771453987807035">
<ele>1006</ele>
</trkpt>
<trkpt lat="39.764842987060547" lon="2.771330019459128">
<ele>1008</ele>
</trkpt>
<trkpt lat="39.764842987060547" lon="2.771228011697531">
<ele>1010</ele>
</trkpt>
<trkpt lat="39.764832006767392" lon="2.771122986450791">
<ele>1012</ele>
</trkpt>
<trkpt lat="39.764755982905626" lon="2.771004969254136">
<ele>1014</ele>
</trkpt>
<trkpt lat="39.76474198512733" lon="2.770870020613074">
<ele>1016</ele>
</trkpt>
<trkpt lat="39.764747014269233" lon="2.770813023671508">
<ele>1017</ele>
</trkpt>
<trkpt lat="39.764690017327666" lon="2.770672040060163">
<ele>1019</ele>
</trkpt>
<trkpt lat="39.76467995904386" lon="2.770662987604737">
<ele>1021</ele>
</trkpt>
<trkpt lat="39.764636037871242" lon="2.770557040348649">
<ele>1023</ele>
</trkpt>
<trkpt lat="39.764628997072577" lon="2.770439023151994">
<ele>1025</ele>
</trkpt>
<trkpt lat="39.764578035101295" lon="2.770328968763351">
<ele>1027</ele>
</trkpt>
<trkpt lat="39.764564037322998" lon="2.77028102427721">
<ele>1029</ele>
</trkpt>
<trkpt lat="39.764448031783104" lon="2.770097963511944">
<ele>1031</ele>
</trkpt>
<trkpt lat="39.764460017904639" lon="2.770039960741997">
<ele>1033</ele>
</trkpt>
<trkpt lat="39.764448031783104" lon="2.770010959357023">
<ele>1036</ele>
</trkpt>
<trkpt lat="39.764395980164409" lon="2.769889002665877">
<ele>1038</ele>
</trkpt>
<trkpt lat="39.764384999871254" lon="2.769846003502607">
<ele>1040</ele>
</trkpt>
<trkpt lat="39.764322973787785" lon="2.7697669621557">
<ele>1042</ele>
</trkpt>
<trkpt lat="39.76429196074605" lon="2.769698984920979">
<ele>1044</ele>
</trkpt>
<trkpt lat="39.764279974624515" lon="2.769607035443187">
<ele>1046</ele>
</trkpt>
<trkpt lat="39.764240998774767" lon="2.769564036279917">
<ele>1048</ele>
</trkpt>
<trkpt lat="39.764189030975103" lon="2.769451970234513">
<ele>1050</ele>
</trkpt>
<trkpt lat="39.764147037640214" lon="2.769397990778089">
<ele>1052</ele>
</trkpt>
<trkpt lat="39.764081994071603" lon="2.76927100494504">
<ele>1054</ele>
</trkpt>
<trkpt lat="39.76405500434339" lon="2.769171008840203">
<ele>1056</ele>
</trkpt>
<trkpt lat="39.764000019058585" lon="2.76899297721684">
<ele>1058</ele>
</trkpt>
<trkpt lat="39.763922989368439" lon="2.768856016919017">
<ele>1060</ele>
</trkpt>
<trkpt lat="39.763835985213518" lon="2.768763983622193">
<ele>1062</ele>
</trkpt>
<trkpt lat="39.763802960515022" lon="2.768663987517357">
<ele>1064</ele>
</trkpt>
<trkpt lat="39.76373297162354" lon="2.768524009734392">
<ele>1066</ele>
</trkpt>
<trkpt lat="39.763670023530722" lon="2.768380008637905">
<ele>1068</ele>
</trkpt>
<trkpt lat="39.763590982183814" lon="2.76826299726963">
<ele>1069</ele>
</trkpt>
<trkpt lat="39.763571033254266" lon="2.76819602586329">
<ele>1071</ele>
</trkpt>
<trkpt lat="39.763518981635571" lon="2.768079014495015">
<ele>1073</ele>
</trkpt>
<trkpt lat="39.763390989974141" lon="2.767969965934753">
<ele>1074</ele>
</trkpt>
<trkpt lat="39.763384032994509" lon="2.76793903671205">
<ele>1076</ele>
</trkpt>
<trkpt lat="39.763383027166128" lon="2.767834011465311">
<ele>1078</ele>
</trkpt>
<trkpt lat="39.763402976095676" lon="2.767823031172156">
<ele>1080</ele>
</trkpt>
<trkpt lat="39.763503978028893" lon="2.76785303838551">
<ele>1081</ele>
</trkpt>
<trkpt lat="39.763548988848925" lon="2.767839962616563">
<ele>1083</ele>
</trkpt>
<trkpt lat="39.76360397413373" lon="2.767783971503377">
<ele>1084</ele>
</trkpt>
<trkpt lat="39.763614032417536" lon="2.767674000933766">
<ele>1085</ele>
</trkpt>
<trkpt lat="39.763558963313699" lon="2.76759697124362">
<ele>1086</ele>
</trkpt>
<trkpt lat="39.763469025492668" lon="2.767495969310403">
<ele>1087</ele>
</trkpt>
<trkpt lat="39.763457039371133" lon="2.767438972368836">
<ele>1088</ele>
</trkpt>
<trkpt lat="39.763410016894341" lon="2.76731600984931">
<ele>1089</ele>
</trkpt>
<trkpt lat="39.763397024944425" lon="2.767168991267681">
<ele>1090</ele>
</trkpt>
<trkpt lat="39.763402976095676" lon="2.767094979062676">
<ele>1091</ele>
</trkpt>
<trkpt lat="39.763429965823889" lon="2.767062960192561">
<ele>1092</ele>
</trkpt>
<trkpt lat="39.763419991359115" lon="2.767061032354832">
<ele>1093</ele>
</trkpt>
<trkpt lat="39.763389816507697" lon="2.767109228298068">
<ele>1092</ele>
</trkpt>
<trkpt lat="39.763397024944425" lon="2.76716404594481">
<ele>1092</ele>
</trkpt>
<trkpt lat="39.763391576707363" lon="2.767203524708748">
<ele>1091</ele>
</trkpt>
<trkpt lat="39.763411357998848" lon="2.767264880239964">
<ele>1091</ele>
</trkpt>
<trkpt lat="39.763402389362454" lon="2.767286840826273">
<ele>1090</ele>
</trkpt>
<trkpt lat="39.763422170653939" lon="2.767374599352479">
<ele>1089</ele>
</trkpt>
<trkpt lat="39.763458129018545" lon="2.767435954883695">
<ele>1089</ele>
</trkpt>
<trkpt lat="39.76348863914609" lon="2.767554391175509">
<ele>1088</ele>
</trkpt>
<trkpt lat="39.763564076274633" lon="2.767607029527426">
<ele>1088</ele>
</trkpt>
<trkpt lat="39.763639513403177" lon="2.767723286524415">
<ele>1087</ele>
</trkpt>
<trkpt lat="39.763551503419876" lon="2.767839543521404">
<ele>1085</ele>
</trkpt>
<trkpt lat="39.763494003564119" lon="2.767854882404208">
<ele>1084</ele>
</trkpt>
<trkpt lat="39.763425774872303" lon="2.767811045050621">
<ele>1082</ele>
</trkpt>
<trkpt lat="39.763313960283995" lon="2.76781003922224">
<ele>1080</ele>
</trkpt>
<trkpt lat="39.7632169816643" lon="2.767821019515395">
<ele>1078</ele>
</trkpt>
<trkpt lat="39.763155039399862" lon="2.767830993980169">
<ele>1077</ele>
</trkpt>
<trkpt lat="39.763073986396194" lon="2.767801992595196">
<ele>1075</ele>
</trkpt>
<trkpt lat="39.762953035533428" lon="2.767795035615563">
<ele>1073</ele>
</trkpt>
<trkpt lat="39.762883968651295" lon="2.767755975946784">
<ele>1072</ele>
</trkpt>
<trkpt lat="39.762780033051968" lon="2.767715994268656">
<ele>1070</ele>
</trkpt>
<trkpt lat="39.762739967554808" lon="2.767738960683346">
<ele>1067</ele>
</trkpt>
<trkpt lat="39.762663021683693" lon="2.767691016197205">
<ele>1063</ele>
</trkpt>
<trkpt lat="39.762623962014914" lon="2.767669977620244">
<ele>1060</ele>
</trkpt>
<trkpt lat="39.762525977566838" lon="2.767715994268656">
<ele>1056</ele>
</trkpt>
<trkpt lat="39.762516003102064" lon="2.767717000097036">
<ele>1053</ele>
</trkpt>
<trkpt lat="39.762496976181865" lon="2.767750024795532">
<ele>1050</ele>
</trkpt>
<trkpt lat="39.762392034754157" lon="2.767656985670328">
<ele>1046</ele>
</trkpt>
<trkpt lat="39.762331014499068" lon="2.767620021477342">
<ele>1043</ele>
</trkpt>
<trkpt lat="39.762238981202245" lon="2.767597977072001">
<ele>1039</ele>
</trkpt>
<trkpt lat="39.762149965390563" lon="2.767526982352138">
<ele>1036</ele>
</trkpt>
<trkpt lat="39.762114007025957" lon="2.767457999289036">
<ele>1033</ele>
</trkpt>
<trkpt lat="39.762041000649333" lon="2.767389016225934">
<ele>1030</ele>
</trkpt>
<trkpt lat="39.762006970122457" lon="2.767393039539456">
<ele>1026</ele>
</trkpt>
<trkpt lat="39.761990960687399" lon="2.767377030104399">
<ele>1023</ele>
</trkpt>
<trkpt lat="39.761977968737483" lon="2.767377030104399">
<ele>1020</ele>
</trkpt>
<trkpt lat="39.761848971247673" lon="2.767307963222265">
<ele>1017</ele>
</trkpt>
<trkpt lat="39.761770013719797" lon="2.767251972109079">
<ele>1014</ele>
</trkpt>
<trkpt lat="39.761741012334824" lon="2.767231017351151">
<ele>1010</ele>
</trkpt>
<trkpt lat="39.761670017614961" lon="2.767160022631288">
<ele>1007</ele>
</trkpt>
<trkpt lat="39.761632969602942" lon="2.767140995711088">
<ele>1004</ele>
</trkpt>
<trkpt lat="39.761532973498106" lon="2.767085004597902">
<ele>1000</ele>
</trkpt>
<trkpt lat="39.7614970151335" lon="2.76701501570642">
<ele>996</ele>
</trkpt>
<trkpt lat="39.761407999321818" lon="2.767068995162845">
<ele>992</ele>
</trkpt>
<trkpt lat="39.761392995715141" lon="2.767107971012592">
<ele>988</ele>
</trkpt>
<trkpt lat="39.761271961033344" lon="2.767105959355831">
<ele>984</ele>
</trkpt>
<trkpt lat="39.761213036254048" lon="2.767121968790889">
<ele>981</ele>
</trkpt>
<trkpt lat="39.761198032647371" lon="2.767131021246314">
<ele>977</ele>
</trkpt>
<trkpt lat="39.761069035157561" lon="2.767051979899406">
<ele>973</ele>
</trkpt>
<trkpt lat="39.761004997417331" lon="2.767049968242645">
<ele>969</ele>
</trkpt>
<trkpt lat="39.760972978547215" lon="2.767033036798239">
<ele>965</ele>
</trkpt>
<trkpt lat="39.760901983827353" lon="2.767021972686052">
<ele>964</ele>
</trkpt>
<trkpt lat="39.760834006592631" lon="2.767089027911425">
<ele>963</ele>
</trkpt>
<trkpt lat="39.760773992165923" lon="2.767162034288049">
<ele>962</ele>
</trkpt>
<trkpt lat="39.760753037407994" lon="2.767296982929111">
<ele>961</ele>
</trkpt>
<trkpt lat="39.760753959417343" lon="2.76735900901258">
<ele>960</ele>
</trkpt>
<trkpt lat="39.760756976902485" lon="2.767409970983863">
<ele>958</ele>
</trkpt>
<trkpt lat="39.760756976902485" lon="2.767409970983863">
<ele>957</ele>
</trkpt>
<trkpt lat="39.760728981345892" lon="2.767609041184187">
<ele>956</ele>
</trkpt>
<trkpt lat="39.760739039629698" lon="2.76768003590405">
<ele>955</ele>
</trkpt>
<trkpt lat="39.760747002437711" lon="2.767690010368824">
<ele>954</ele>
</trkpt>
<trkpt lat="39.760688999667764" lon="2.767715994268656">
<ele>951</ele>
</trkpt>
<trkpt lat="39.760591015219688" lon="2.767796041443944">
<ele>948</ele>
</trkpt>
<trkpt lat="39.760489007458091" lon="2.767820013687015">
<ele>945</ele>
</trkpt>
<trkpt lat="39.760374007746577" lon="2.767819007858634">
<ele>942</ele>
</trkpt>
<trkpt lat="39.760322961956263" lon="2.767795035615563">
<ele>939</ele>
</trkpt>
<trkpt lat="39.760248027741909" lon="2.767754970118403">
<ele>936</ele>
</trkpt>
<trkpt lat="39.760141996666789" lon="2.767620021477342">
<ele>933</ele>
</trkpt>
<trkpt lat="39.760062033310533" lon="2.767539974302054">
<ele>930</ele>
</trkpt>
<trkpt lat="39.760021967813373" lon="2.767514996230602">
<ele>927</ele>
</trkpt>
<trkpt lat="39.759944016113877" lon="2.767426986247301">
<ele>924</ele>
</trkpt>
<trkpt lat="39.759847037494183" lon="2.767425980418921">
<ele>922</ele>
</trkpt>
<trkpt lat="39.759804960340261" lon="2.767426986247301">
<ele>921</ele>
</trkpt>
<trkpt lat="39.759804960340261" lon="2.767426986247301">
<ele>919</ele>
</trkpt>
<trkpt lat="39.759679986163974" lon="2.767492029815912">
<ele>918</ele>
</trkpt>
<trkpt lat="39.759576972573996" lon="2.767456993460655">
<ele>916</ele>
</trkpt>
<trkpt lat="39.759488962590694" lon="2.767422962933779">
<ele>914</ele>
</trkpt>
<trkpt lat="39.759422997012734" lon="2.767339982092381">
<ele>913</ele>
</trkpt>
<trkpt lat="39.759422997012734" lon="2.767335958778858">
<ele>911</ele>
</trkpt>
<trkpt lat="39.759462978690863" lon="2.767186006531119">
<ele>910</ele>
</trkpt>
<trkpt lat="39.759529028087854" lon="2.767034964635968">
<ele>908</ele>
</trkpt>
<trkpt lat="39.759571021422744" lon="2.766987020149827">
<ele>907</ele>
</trkpt>
<trkpt lat="39.759638998657465" lon="2.766925999894738">
<ele>906</ele>
</trkpt>
<trkpt lat="39.759750980883837" lon="2.766721984371543">
<ele>906</ele>
</trkpt>
<trkpt lat="39.759806971997023" lon="2.766562979668379">
<ele>905</ele>
</trkpt>
<trkpt lat="39.759827004745603" lon="2.766467006877065">
<ele>904</ele>
</trkpt>
<trkpt lat="39.759904034435749" lon="2.766319988295436">
<ele>903</ele>
</trkpt>
<trkpt lat="39.759916020557284" lon="2.766197025775909">
<ele>902</ele>
</trkpt>
<trkpt lat="39.759934963658452" lon="2.766108009964228">
<ele>902</ele>
</trkpt>
<trkpt lat="39.759982991963625" lon="2.765994016081095">
<ele>901</ele>
</trkpt>
<trkpt lat="39.760004030540586" lon="2.765869041904807">
<ele>900</ele>
</trkpt>
<trkpt lat="39.760002018883824" lon="2.765820007771254">
<ele>898</ele>
</trkpt>
<trkpt lat="39.760006964206696" lon="2.765624038875103">
<ele>897</ele>
</trkpt>
<trkpt lat="39.760005958378315" lon="2.765594031661749">
<ele>895</ele>
</trkpt>
<trkpt lat="39.760018028318882" lon="2.765529993921518">
<ele>893</ele>
</trkpt>
<trkpt lat="39.760033031925559" lon="2.765418011695147">
<ele>892</ele>
</trkpt>
<trkpt lat="39.760086005553603" lon="2.765277028083801">
<ele>890</ele>
</trkpt>
<trkpt lat="39.760153982788324" lon="2.765112994238734">
<ele>888</ele>
</trkpt>
<trkpt lat="39.760210979729891" lon="2.764960024505854">
<ele>886</ele>
</trkpt>
<trkpt lat="39.760221960023046" lon="2.764936974272132">
<ele>885</ele>
</trkpt>
<trkpt lat="39.760299995541573" lon="2.764761038124561">
<ele>883</ele>
</trkpt>
<trkpt lat="39.760384988039732" lon="2.764676967635751">
<ele>883</ele>
</trkpt>
<trkpt lat="39.760395968332887" lon="2.76467202231288">
<ele>884</ele>
</trkpt>
<trkpt lat="39.760519014671445" lon="2.764656012877822">
<ele>884</ele>
</trkpt>
<trkpt lat="39.760655974969268" lon="2.764611002057791">
<ele>885</ele>
</trkpt>
<trkpt lat="39.760681036859751" lon="2.764582000672817">
<ele>885</ele>
</trkpt>
<trkpt lat="39.760840041562915" lon="2.764518968760967">
<ele>885</ele>
</trkpt>
<trkpt lat="39.760967027395964" lon="2.764485022053123">
<ele>886</ele>
</trkpt>
<trkpt lat="39.761041961610317" lon="2.764441017061472">
<ele>886</ele>
</trkpt>
<trkpt lat="39.761156961321831" lon="2.764315959066153">
<ele>887</ele>
</trkpt>
<trkpt lat="39.761237008497119" lon="2.764148991554976">
<ele>887</ele>
</trkpt>
<trkpt lat="39.761314960196614" lon="2.76400700211525">
<ele>887</ele>
</trkpt>
<trkpt lat="39.761349996551871" lon="2.763970959931612">
<ele>886</ele>
</trkpt>
<trkpt lat="39.761452004313469" lon="2.763908011838794">
<ele>886</ele>
</trkpt>
<trkpt lat="39.761613020673394" lon="2.763875992968679">
<ele>885</ele>
</trkpt>
<trkpt lat="39.761759033426642" lon="2.763856966048479">
<ele>885</ele>
</trkpt>
<trkpt lat="39.761870009824634" lon="2.763798041269183">
<ele>885</ele>
</trkpt>
<trkpt lat="39.761965982615948" lon="2.763700978830457">
<ele>884</ele>
</trkpt>
<trkpt lat="39.762053992599249" lon="2.763628978282213">
<ele>884</ele>
</trkpt>
<trkpt lat="39.762175027281046" lon="2.763558989390731">
<ele>883</ele>
</trkpt>
<trkpt lat="39.762202017009258" lon="2.763531999662519">
<ele>883</ele>
</trkpt>
<trkpt lat="39.762321962043643" lon="2.763476008549333">
<ele>883</ele>
</trkpt>
<trkpt lat="39.762470992282033" lon="2.763392021879554">
<ele>883</ele>
</trkpt>
<trkpt lat="39.762507034465671" lon="2.763369977474213">
<ele>883</ele>
</trkpt>
<trkpt lat="39.762631002813578" lon="2.763352040201426">
<ele>883</ele>
</trkpt>
<trkpt lat="39.762732004746795" lon="2.763318009674549">
<ele>882</ele>
</trkpt>
<trkpt lat="39.762795036658645" lon="2.763304011896253">
<ele>882</ele>
</trkpt>
<trkpt lat="39.762912970036268" lon="2.763272998854518">
<ele>882</ele>
</trkpt>
<trkpt lat="39.763027969747782" lon="2.763264030218124">
<ele>882</ele>
</trkpt>
<trkpt lat="39.763155961409211" lon="2.763245003297925">
<ele>882</ele>
</trkpt>
<trkpt lat="39.763190997764468" lon="2.763239974156022">
<ele>882</ele>
</trkpt>
<trkpt lat="39.763334998860955" lon="2.763243997469544">
<ele>882</ele>
</trkpt>
<trkpt lat="39.763473970815539" lon="2.76323301717639">
<ele>882</ele>
</trkpt>
<trkpt lat="39.763554017990828" lon="2.763251960277557">
<ele>882</ele>
</trkpt>
<trkpt lat="39.763663988560438" lon="2.763218013569713">
<ele>882</ele>
</trkpt>
<trkpt lat="39.76375300437212" lon="2.763219019398093">
<ele>882</ele>
</trkpt>
<trkpt lat="39.763895999640226" lon="2.76319001801312">
<ele>881</ele>
</trkpt>
<trkpt lat="39.763931035995483" lon="2.763197980821133">
<ele>881</ele>
</trkpt>
<trkpt lat="39.764021979644895" lon="2.763210972771049">
<ele>881</ele>
</trkpt>
<trkpt lat="39.764085011556745" lon="2.763217007741332">
<ele>881</ele>
</trkpt>
<trkpt lat="39.764180984348059" lon="2.763279033824801">
<ele>881</ele>
</trkpt>
<trkpt lat="39.764283997938037" lon="2.76329998858273">
<ele>881</ele>
</trkpt>
<trkpt lat="39.764304030686617" lon="2.763303006067872">
<ele>880</ele>
</trkpt>
<trkpt lat="39.764436967670918" lon="2.763323960825801">
<ele>880</ele>
</trkpt>
<trkpt lat="39.76455096155405" lon="2.763323038816452">
<ele>879</ele>
</trkpt>
<trkpt lat="39.764623967930675" lon="2.763294959440827">
<ele>879</ele>
</trkpt>
<trkpt lat="39.764737039804459" lon="2.763232011348009">
<ele>879</ele>
</trkpt>
<trkpt lat="39.764766041189432" lon="2.763219019398093">
<ele>878</ele>
</trkpt>
<trkpt lat="39.764932002872229" lon="2.763122962787747">
<ele>878</ele>
</trkpt>
<trkpt lat="39.765004003420472" lon="2.763039981946349">
<ele>877</ele>
</trkpt>
<trkpt lat="39.765011966228485" lon="2.763030007481575">
<ele>877</ele>
</trkpt>
<trkpt lat="39.765096958726645" lon="2.762948032468557">
<ele>877</ele>
</trkpt>
<trkpt lat="39.765170970931649" lon="2.762871002778411">
<ele>877</ele>
</trkpt>
<trkpt lat="39.765197960659862" lon="2.762851975858212">
<ele>877</ele>
</trkpt>
<trkpt lat="39.765283958986402" lon="2.762794978916645">
<ele>876</ele>
</trkpt>
<trkpt lat="39.765433995053172" lon="2.762794978916645">
<ele>876</ele>
</trkpt>
<trkpt lat="39.765533991158009" lon="2.76280696503818">
<ele>876</ele>
</trkpt>
<trkpt lat="39.765610015019774" lon="2.76282699778676">
<ele>876</ele>
</trkpt>
<trkpt lat="39.765674974769354" lon="2.762837978079915">
<ele>876</ele>
</trkpt>
<trkpt lat="39.765714034438133" lon="2.76284895837307">
<ele>876</ele>
</trkpt>
<trkpt lat="39.765893993899226" lon="2.762920958921313">
<ele>875</ele>
</trkpt>
<trkpt lat="39.765941016376019" lon="2.762943003326654">
<ele>875</ele>
</trkpt>
<trkpt lat="39.765969011932611" lon="2.762965969741345">
<ele>875</ele>
</trkpt>
<trkpt lat="39.766039000824094" lon="2.763034030795097">
<ele>875</ele>
</trkpt>
<trkpt lat="39.766037994995713" lon="2.763033024966717">
<ele>875</ele>
</trkpt>
<trkpt lat="39.766037994995713" lon="2.763033024966717">
<ele>875</ele>
</trkpt>
<trkpt lat="39.766042018309236" lon="2.763020033016801">
<ele>875</ele>
</trkpt>
<trkpt lat="39.766086023300886" lon="2.763145007193089">
<ele>875</ele>
</trkpt>
<trkpt lat="39.766098009422421" lon="2.763175014406443">
<ele>874</ele>
</trkpt>
<trkpt lat="39.766146959736943" lon="2.763370983302593">
<ele>874</ele>
</trkpt>
<trkpt lat="39.766161041334271" lon="2.763467961922288">
<ele>874</ele>
</trkpt>
<trkpt lat="39.766258019953966" lon="2.763508027419448">
<ele>874</ele>
</trkpt>
<trkpt lat="39.766314011067152" lon="2.763515990227461">
<ele>874</ele>
</trkpt>
<trkpt lat="39.766337983310223" lon="2.763571981340647">
<ele>874</ele>
</trkpt>
<trkpt lat="39.766422975808382" lon="2.763657979667187">
<ele>873</ele>
</trkpt>
<trkpt lat="39.766475027427077" lon="2.763756969943643">
<ele>872</ele>
</trkpt>
<trkpt lat="39.766517020761967" lon="2.763882027938962">
<ele>872</ele>
</trkpt>
<trkpt lat="39.766521966084838" lon="2.76389803737402">
<ele>871</ele>
</trkpt>
<trkpt lat="39.766601007431746" lon="2.763953022658825">
<ele>870</ele>
</trkpt>
<trkpt lat="39.766638977453113" lon="2.763950005173683">
<ele>869</ele>
</trkpt>
<trkpt lat="39.766660016030073" lon="2.763954028487206">
<ele>868</ele>
</trkpt>
<trkpt lat="39.766670996323228" lon="2.763996021822095">
<ele>868</ele>
</trkpt>
<trkpt lat="39.766723969951272" lon="2.764058969914913">
<ele>867</ele>
</trkpt>
<trkpt lat="39.766765963286161" lon="2.764167012646794">
<ele>866</ele>
</trkpt>
<trkpt lat="39.766857996582985" lon="2.764341020956636">
<ele>864</ele>
</trkpt>
<trkpt lat="39.766918011009693" lon="2.764488039538264">
<ele>862</ele>
</trkpt>
<trkpt lat="39.766981964930892" lon="2.764618964865804">
<ele>861</ele>
</trkpt>
<trkpt lat="39.76699898019433" lon="2.764712003991008">
<ele>859</ele>
</trkpt>
<trkpt lat="39.76710501126945" lon="2.764843013137579">
<ele>857</ele>
</trkpt>
<trkpt lat="39.767112974077463" lon="2.764856005087495">
<ele>855</ele>
</trkpt>
<trkpt lat="39.767278013750911" lon="2.764979973435402">
<ele>853</ele>
</trkpt>
<trkpt lat="39.767346996814013" lon="2.765023978427053">
<ele>852</ele>
</trkpt>
<trkpt lat="39.767499966546893" lon="2.765034958720207">
<ele>850</ele>
</trkpt>
<trkpt lat="39.76755796931684" lon="2.765083992853761">
<ele>848</ele>
</trkpt>
<trkpt lat="39.767634999006987" lon="2.765149958431721">
<ele>847</ele>
</trkpt>
<trkpt lat="39.767650002613664" lon="2.765172002837062">
<ele>845</ele>
</trkpt>
<trkpt lat="39.767722003161907" lon="2.765247020870447">
<ele>844</ele>
</trkpt>
<trkpt lat="39.767787968739867" lon="2.76529697701335">
<ele>842</ele>
</trkpt>
<trkpt lat="39.767957031726837" lon="2.765434021130204">
<ele>841</ele>
</trkpt>
<trkpt lat="39.768022997304797" lon="2.765514990314841">
<ele>840</ele>
</trkpt>
<trkpt lat="39.768059039488435" lon="2.765582967549563">
<ele>838</ele>
</trkpt>
<trkpt lat="39.768122993409634" lon="2.765697967261076">
<ele>837</ele>
</trkpt>
<trkpt lat="39.768154006451368" lon="2.765730991959572">
<ele>835</ele>
</trkpt>
<trkpt lat="39.768241010606289" lon="2.765814978629351">
<ele>834</ele>
</trkpt>
<trkpt lat="39.768281998112798" lon="2.765872981399298">
<ele>833</ele>
</trkpt>
<trkpt lat="39.768418958410621" lon="2.76600499637425">
<ele>832</ele>
</trkpt>
<trkpt lat="39.768607970327139" lon="2.766251005232334">
<ele>830</ele>
</trkpt>
<trkpt lat="39.768612999469042" lon="2.766260979697108">
<ele>829</ele>
</trkpt>
<trkpt lat="39.768692040815949" lon="2.766444962471724">
<ele>828</ele>
</trkpt>
<trkpt lat="39.768732022494078" lon="2.766569014638662">
<ele>827</ele>
</trkpt>
<trkpt lat="39.768795976415277" lon="2.766729025170207">
<ele>826</ele>
</trkpt>
<trkpt lat="39.768821960315108" lon="2.766806976869702">
<ele>824</ele>
</trkpt>
<trkpt lat="39.768911981955171" lon="2.766907978802919">
<ele>823</ele>
</trkpt>
<trkpt lat="39.76899697445333" lon="2.766993977129459">
<ele>822</ele>
</trkpt>
<trkpt lat="39.769091019406915" lon="2.767157005146146">
<ele>821</ele>
</trkpt>
<trkpt lat="39.769139969721437" lon="2.767219031229615">
<ele>819</ele>
</trkpt>
<trkpt lat="39.769199984148145" lon="2.767286002635956">
<ele>818</ele>
</trkpt>
<trkpt lat="39.769323030486703" lon="2.767462022602558">
<ele>816</ele>
</trkpt>
<trkpt lat="39.76938103325665" lon="2.767500998452306">
<ele>815</ele>
</trkpt>
<trkpt lat="39.769495027139783" lon="2.767567969858646">
<ele>814</ele>
</trkpt>
<trkpt lat="39.769585970789194" lon="2.767665032297373">
<ele>812</ele>
</trkpt>
<trkpt lat="39.769596029073" lon="2.767676012590528">
<ele>811</ele>
</trkpt>
<trkpt lat="39.769748998805881" lon="2.767828982323408">
<ele>809</ele>
</trkpt>
<trkpt lat="39.769852012395859" lon="2.768023023381829">
<ele>808</ele>
</trkpt>
<trkpt lat="39.769855029881001" lon="2.768071973696351">
<ele>808</ele>
</trkpt>
<trkpt lat="39.769772971048951" lon="2.768167024478316">
<ele>807</ele>
</trkpt>
<trkpt lat="39.769757967442274" lon="2.768200971186161">
<ele>807</ele>
</trkpt>
<trkpt lat="39.769917977973819" lon="2.76839199475944">
<ele>807</ele>
</trkpt>
<trkpt lat="39.769948991015553" lon="2.768417978659272">
<ele>806</ele>
</trkpt>
<trkpt lat="39.770092992112041" lon="2.768632974475622">
<ele>806</ele>
</trkpt>
<trkpt lat="39.770154012367129" lon="2.768732970580459">
<ele>806</ele>
</trkpt>
<trkpt lat="39.770262977108359" lon="2.768849981948733">
<ele>806</ele>
</trkpt>
<trkpt lat="39.77035098709166" lon="2.768880994990468">
<ele>805</ele>
</trkpt>
<trkpt lat="39.770365990698338" lon="2.7689069788903">
<ele>805</ele>
</trkpt>
<trkpt lat="39.770449977368116" lon="2.769029019400477">
<ele>804</ele>
</trkpt>
<trkpt lat="39.77054201066494" lon="2.769148964434862">
<ele>804</ele>
</trkpt>
<trkpt lat="39.7706079762429" lon="2.769217025488615">
<ele>804</ele>
</trkpt>
<trkpt lat="39.770692968741059" lon="2.769266981631517">
<ele>803</ele>
</trkpt>
<trkpt lat="39.770726999267936" lon="2.769287014380097">
<ele>802</ele>
</trkpt>
<trkpt lat="39.770867982879281" lon="2.769373012706637">
<ele>802</ele>
</trkpt>
<trkpt lat="39.77095297537744" lon="2.769419029355049">
<ele>802</ele>
</trkpt>
<trkpt lat="39.770993962883949" lon="2.769483989104629">
<ele>801</ele>
</trkpt>
<trkpt lat="39.771082978695631" lon="2.769585996866226">
<ele>800</ele>
</trkpt>
<trkpt lat="39.771092031151056" lon="2.769609969109297">
<ele>800</ele>
</trkpt>
<trkpt lat="39.771122960373759" lon="2.769680041819811">
<ele>799</ele>
</trkpt>
<trkpt lat="39.771237038075924" lon="2.769800992682576">
<ele>799</ele>
</trkpt>
<trkpt lat="39.771301997825503" lon="2.769911969080567">
<ele>798</ele>
</trkpt>
<trkpt lat="39.771381039172411" lon="2.770015988498926">
<ele>798</ele>
</trkpt>
<trkpt lat="39.771378021687269" lon="2.770043984055519">
<ele>797</ele>
</trkpt>
<trkpt lat="39.771464020013809" lon="2.77013199403882">
<ele>796</ele>
</trkpt>
<trkpt lat="39.771470976993442" lon="2.770150015130639">
<ele>796</ele>
</trkpt>
<trkpt lat="39.77155496366322" lon="2.770300973206759">
<ele>795</ele>
</trkpt>
<trkpt lat="39.771666023880243" lon="2.770454026758671">
<ele>795</ele>
</trkpt>
<trkpt lat="39.771677004173398" lon="2.770467018708587">
<ele>794</ele>
</trkpt>
<trkpt lat="39.771709023043513" lon="2.770576989278197">
<ele>794</ele>
</trkpt>
<trkpt lat="39.771759985014796" lon="2.770615965127945">
<ele>794</ele>
</trkpt>
<trkpt lat="39.771901974454522" lon="2.770715961232781">
<ele>793</ele>
</trkpt>
<trkpt lat="39.771955031901598" lon="2.770728031173348">
<ele>793</ele>
</trkpt>
<trkpt lat="39.772099032998085" lon="2.770787039771676">
<ele>793</ele>
</trkpt>
<trkpt lat="39.77221897803247" lon="2.770850993692875">
<ele>793</ele>
</trkpt>
<trkpt lat="39.772298019379377" lon="2.770917965099216">
<ele>793</ele>
</trkpt>
<trkpt lat="39.772319979965687" lon="2.770928023383021">
<ele>792</ele>
</trkpt>
<trkpt lat="39.772384017705917" lon="2.771040005609393">
<ele>792</ele>
</trkpt>
<trkpt lat="39.772486025467515" lon="2.771204961463809">
<ele>792</ele>
</trkpt>
<trkpt lat="39.772591218352318" lon="2.771363127976656">
<ele>792</ele>
</trkpt>
<trkpt lat="39.772664895281196" lon="2.771499082446098">
<ele>792</ele>
</trkpt>
<trkpt lat="39.77271200157702" lon="2.771594971418381">
<ele>791</ele>
</trkpt>
<trkpt lat="39.772796994075179" lon="2.771707959473133">
<ele>791</ele>
</trkpt>
<trkpt lat="39.772805962711573" lon="2.771722041070461">
<ele>791</ele>
</trkpt>
<trkpt lat="39.772865977138281" lon="2.771875010803342">
<ele>791</ele>
</trkpt>
<trkpt lat="39.772973014041781" lon="2.7720429841429">
<ele>791</ele>
</trkpt>
<trkpt lat="39.773011989891529" lon="2.772157983854413">
<ele>790</ele>
</trkpt>
<trkpt lat="39.773051971569657" lon="2.772233001887798">
<ele>790</ele>
</trkpt>
<trkpt lat="39.773135958239436" lon="2.772345989942551">
<ele>790</ele>
</trkpt>
<trkpt lat="39.773195972666144" lon="2.772460989654064">
<ele>789</ele>
</trkpt>
<trkpt lat="39.773245006799698" lon="2.772560985758901">
<ele>789</ele>
</trkpt>
<trkpt lat="39.773256992921233" lon="2.772583030164242">
<ele>788</ele>
</trkpt>
<trkpt lat="39.773307032883167" lon="2.772689983248711">
<ele>787</ele>
</trkpt>
<trkpt lat="39.773383978754282" lon="2.772746980190277">
<ele>786</ele>
</trkpt>
<trkpt lat="39.773431001231074" lon="2.772778999060392">
<ele>786</ele>
</trkpt>
<trkpt lat="39.773567039519548" lon="2.772873966023326">
<ele>785</ele>
</trkpt>
<trkpt lat="39.773600986227393" lon="2.772920988500118">
<ele>784</ele>
</trkpt>
<trkpt lat="39.773731995373964" lon="2.773145036771894">
<ele>784</ele>
</trkpt>
<trkpt lat="39.773810030892491" lon="2.77324796654284">
<ele>783</ele>
</trkpt>
<trkpt lat="39.773841965943575" lon="2.773332959040999">
<ele>782</ele>
</trkpt>
<trkpt lat="39.773883037269115" lon="2.773437984287739">
<ele>782</ele>
</trkpt>
<trkpt lat="39.773926036432385" lon="2.773486012592912">
<ele>782</ele>
</trkpt>
<trkpt lat="39.774052016437054" lon="2.773582991212606">
<ele>781</ele>
</trkpt>
<trkpt lat="39.774071965366602" lon="2.773602018132806">
<ele>780</ele>
</trkpt>
<trkpt lat="39.774144971743226" lon="2.773691033944488">
<ele>780</ele>
</trkpt>
<trkpt lat="39.774220995604992" lon="2.773751970380545">
<ele>780</ele>
</trkpt>
<trkpt lat="39.774284027516842" lon="2.773829000070691">
<ele>779</ele>
</trkpt>
<trkpt lat="39.77436700835824" lon="2.773907035589218">
<ele>778</ele>
</trkpt>
<trkpt lat="39.774404978379607" lon="2.773922039195895">
<ele>778</ele>
</trkpt>
<trkpt lat="39.774412019178271" lon="2.774032009765506">
<ele>778</ele>
</trkpt>
<trkpt lat="39.774395003914833" lon="2.774128988385201">
<ele>778</ele>
</trkpt>
<trkpt lat="39.7743000369519" lon="2.774276006966829">
<ele>778</ele>
</trkpt>
<trkpt lat="39.774265000596642" lon="2.774429982528091">
<ele>778</ele>
</trkpt>
<trkpt lat="39.774277992546558" lon="2.774511035531759">
<ele>778</ele>
</trkpt>
<trkpt lat="39.774311017245054" lon="2.774635003879666">
<ele>777</ele>
</trkpt>
<trkpt lat="39.774306993931532" lon="2.774738017469645">
<ele>777</ele>
</trkpt>
<trkpt lat="39.774318980053067" lon="2.774777999147773">
<ele>777</ele>
</trkpt>
<trkpt lat="39.774348987266421" lon="2.774828039109707">
<ele>777</ele>
</trkpt>
<trkpt lat="39.77443196810782" lon="2.774910014122725">
<ele>777</ele>
</trkpt>
<trkpt lat="39.774473961442709" lon="2.77496600523591">
<ele>776</ele>
</trkpt>
<trkpt lat="39.774546967819333" lon="2.775041023269296">
<ele>775</ele>
</trkpt>
<trkpt lat="39.774657022207975" lon="2.775126015767455">
<ele>774</ele>
</trkpt>
<trkpt lat="39.774729022756219" lon="2.77524302713573">
<ele>773</ele>
</trkpt>
<trkpt lat="39.77473396807909" lon="2.775256019085646">
<ele>772</ele>
</trkpt>
<trkpt lat="39.774827007204294" lon="2.775263981893659">
<ele>772</ele>
</trkpt>
<trkpt lat="39.774888027459383" lon="2.775344029068947">
<ele>771</ele>
</trkpt>
<trkpt lat="39.77492599748075" lon="2.775460034608841">
<ele>770</ele>
</trkpt>
<trkpt lat="39.774956004694104" lon="2.775466991588473">
<ele>769</ele>
</trkpt>
<trkpt lat="39.775190027430654" lon="2.775491969659925">
<ele>768</ele>
</trkpt>
<trkpt lat="39.775278959423304" lon="2.775516025722027">
<ele>768</ele>
</trkpt>
<trkpt lat="39.775392031297088" lon="2.775590037927032">
<ele>767</ele>
</trkpt>
<trkpt lat="39.775440981611609" lon="2.775621972978115">
<ele>766</ele>
</trkpt>
<trkpt lat="39.775553969666362" lon="2.775719035416842">
<ele>766</ele>
</trkpt>
<trkpt lat="39.775649020448327" lon="2.775798998773098">
<ele>766</ele>
</trkpt>
<trkpt lat="39.775695959106088" lon="2.775860019028187">
<ele>765</ele>
</trkpt>
<trkpt lat="39.775798972696066" lon="2.775985999032855">
<ele>764</ele>
</trkpt>
<trkpt lat="39.775887988507748" lon="2.776094041764736">
<ele>764</ele>
</trkpt>
<trkpt lat="39.775969041511416" lon="2.776171993464232">
<ele>764</ele>
</trkpt>
<trkpt lat="39.776035007089376" lon="2.776215998455882">
<ele>763</ele>
</trkpt>
<trkpt lat="39.776176996529102" lon="2.776373997330666">
<ele>763</ele>
</trkpt>
<trkpt lat="39.776242040097713" lon="2.776455972343683">
<ele>763</ele>
</trkpt>
<trkpt lat="39.776251008734107" lon="2.77646703645587">
<ele>762</ele>
</trkpt>
<trkpt lat="39.776340024545789" lon="2.776609025895596">
<ele>762</ele>
</trkpt>
<trkpt lat="39.776343964040279" lon="2.776635009795427">
<ele>762</ele>
</trkpt>
<trkpt lat="39.776540016755462" lon="2.776798037812114">
<ele>762</ele>
</trkpt>
<trkpt lat="39.776586033403873" lon="2.776810023933649">
<ele>762</ele>
</trkpt>
<trkpt lat="39.776655016466975" lon="2.776882024481893">
<ele>761</ele>
</trkpt>
<trkpt lat="39.776784013956785" lon="2.776989983394742">
<ele>761</ele>
</trkpt>
<trkpt lat="39.776860037818551" lon="2.777044968679547">
<ele>761</ele>
</trkpt>
<trkpt lat="39.776970008388162" lon="2.777141025289893">
<ele>761</ele>
</trkpt>
<trkpt lat="39.777038991451263" lon="2.777196010574698">
<ele>760</ele>
</trkpt>
<trkpt lat="39.777157008647919" lon="2.777253007516265">
<ele>760</ele>
</trkpt>
<trkpt lat="39.77720201946795" lon="2.777271028608084">
<ele>759</ele>
</trkpt>
<trkpt lat="39.777294974774122" lon="2.777301035821438">
<ele>759</ele>
</trkpt>
<trkpt lat="39.777401005849242" lon="2.777433972805738">
<ele>759</ele>
</trkpt>
<trkpt lat="39.777424978092313" lon="2.777465991675854">
<ele>758</ele>
</trkpt>
<trkpt lat="39.777536960318685" lon="2.777547966688871">
<ele>758</ele>
</trkpt>
<trkpt lat="39.77759001776576" lon="2.777622984722257">
<ele>757</ele>
</trkpt>
<trkpt lat="39.777643997222185" lon="2.777678975835443">
<ele>757</ele>
</trkpt>
<trkpt lat="39.77776201441884" lon="2.777888020500541">
<ele>757</ele>
</trkpt>
<trkpt lat="39.777814988046885" lon="2.777983993291855">
<ele>757</ele>
</trkpt>
<trkpt lat="39.777838038280606" lon="2.778110979124904">
<ele>756</ele>
</trkpt>
<trkpt lat="39.777847006917" lon="2.778134029358625">
<ele>756</ele>
</trkpt>
<trkpt lat="39.777919007465243" lon="2.778232013806701">
<ele>756</ele>
</trkpt>
<trkpt lat="39.777986984699965" lon="2.778323041275144">
<ele>756</ele>
</trkpt>
<trkpt lat="39.778052028268576" lon="2.778405016288161">
<ele>756</ele>
</trkpt>
<trkpt lat="39.778056973591447" lon="2.778419014066458">
<ele>755</ele>
</trkpt>
<trkpt lat="39.778164010494947" lon="2.778479028493166">
<ele>755</ele>
</trkpt>
<trkpt lat="39.778174990788102" lon="2.778523033484817">
<ele>755</ele>
</trkpt>
<trkpt lat="39.778221007436514" lon="2.778610959649086">
<ele>755</ele>
</trkpt>
<trkpt lat="39.77829803712666" lon="2.778741968795657">
<ele>754</ele>
</trkpt>
<trkpt lat="39.778425022959709" lon="2.77876996435225">
<ele>754</ele>
</trkpt>
<trkpt lat="39.778441032394767" lon="2.778806006535888">
<ele>754</ele>
</trkpt>
<trkpt lat="39.778483025729656" lon="2.77885596267879">
<ele>754</ele>
</trkpt>
<trkpt lat="39.778583021834493" lon="2.778924023732543">
<ele>753</ele>
</trkpt>
<trkpt lat="39.7786879632622" lon="2.779027037322521">
<ele>753</ele>
</trkpt>
<trkpt lat="39.778786031529307" lon="2.779153017327189">
<ele>753</ele>
</trkpt>
<trkpt lat="39.778837999328971" lon="2.779203979298472">
<ele>752</ele>
</trkpt>
<trkpt lat="39.778961967676878" lon="2.779284026473761">
<ele>752</ele>
</trkpt>
<trkpt lat="39.778983006253839" lon="2.779301963746548">
<ele>752</ele>
</trkpt>
<trkpt lat="39.779002033174038" lon="2.779342029243708">
<ele>752</ele>
</trkpt>
<trkpt lat="39.779127007350326" lon="2.779432972893119">
<ele>751</ele>
</trkpt>
<trkpt lat="39.779196996241808" lon="2.779551995918155">
<ele>751</ele>
</trkpt>
<trkpt lat="39.779263967648149" lon="2.779679987579584">
<ele>751</ele>
</trkpt>
<trkpt lat="39.77928601205349" lon="2.779751988127828">
<ele>751</ele>
</trkpt>
<trkpt lat="39.779310990124941" lon="2.779838992282748">
<ele>751</ele>
</trkpt>
<trkpt lat="39.779353989288211" lon="2.779975030571222">
<ele>750</ele>
</trkpt>
<trkpt lat="39.779420038685203" lon="2.780083995312452">
<ele>750</ele>
</trkpt>
<trkpt lat="39.779468988999724" lon="2.780240988358855">
<ele>750</ele>
</trkpt>
<trkpt lat="39.779510982334614" lon="2.780283987522125">
<ele>750</ele>
</trkpt>
<trkpt lat="39.77954501286149" lon="2.78033503331244">
<ele>749</ele>
</trkpt>
<trkpt lat="39.779598992317915" lon="2.780434023588896">
<ele>749</ele>
</trkpt>
<trkpt lat="39.779708040878177" lon="2.780540976673365">
<ele>748</ele>
</trkpt>
<trkpt lat="39.779757997021079" lon="2.780567966401577">
<ele>748</ele>
</trkpt>
<trkpt lat="39.779875008389354" lon="2.780638039112091">
<ele>748</ele>
</trkpt>
<trkpt lat="39.779891017824411" lon="2.780654970556498">
<ele>747</ele>
</trkpt>
<trkpt lat="39.780008029192686" lon="2.78070199303329">
<ele>747</ele>
</trkpt>
<trkpt lat="39.780082041397691" lon="2.780720014125109">
<ele>746</ele>
</trkpt>
<trkpt lat="39.780104001984" lon="2.780707022175193">
<ele>746</ele>
</trkpt>
<trkpt lat="39.780110958963633" lon="2.780704004690051">
<ele>746</ele>
</trkpt>
<trkpt lat="39.780277004465461" lon="2.780825961381197">
<ele>745</ele>
</trkpt>
<trkpt lat="39.78029795922339" lon="2.780854962766171">
<ele>745</ele>
</trkpt>
<trkpt lat="39.780426034703851" lon="2.781015979126096">
<ele>745</ele>
</trkpt>
<trkpt lat="39.780485965311527" lon="2.781050009652972">
<ele>744</ele>
</trkpt>
<trkpt lat="39.780588978901505" lon="2.781150005757809">
<ele>744</ele>
</trkpt>
<trkpt lat="39.78059995919466" lon="2.781160986050963">
<ele>744</ele>
</trkpt>
<trkpt lat="39.780698027461767" lon="2.781285960227251">
<ele>744</ele>
</trkpt>
<trkpt lat="39.780798023566604" lon="2.781352009624243">
<ele>743</ele>
</trkpt>
<trkpt lat="39.78087798692286" lon="2.781430967152119">
<ele>743</ele>
</trkpt>
<trkpt lat="39.780922997742891" lon="2.781472038477659">
<ele>743</ele>
</trkpt>
<trkpt lat="39.781011007726192" lon="2.781558958813548">
<ele>743</ele>
</trkpt>
<trkpt lat="39.781083008274436" lon="2.781650992110372">
<ele>743</ele>
</trkpt>
<trkpt lat="39.781261961907148" lon="2.781769009307027">
<ele>743</ele>
</trkpt>
<trkpt lat="39.781281994655728" lon="2.781801028177142">
<ele>744</ele>
</trkpt>
<trkpt lat="39.781356006860733" lon="2.781879985705018">
<ele>744</ele>
</trkpt>
<trkpt lat="39.781376961618662" lon="2.781897000968456">
<ele>744</ele>
</trkpt>
<trkpt lat="39.781453991308808" lon="2.782068997621536">
<ele>744</ele>
</trkpt>
<trkpt lat="39.781463965773582" lon="2.782076960429549">
<ele>744</ele>
</trkpt>
<trkpt lat="39.781512999907136" lon="2.782151978462935">
<ele>744</ele>
</trkpt>
<trkpt lat="39.781583994626999" lon="2.78222699649632">
<ele>744</ele>
</trkpt>
<trkpt lat="39.781706035137177" lon="2.782360017299652">
<ele>744</ele>
</trkpt>
<trkpt lat="39.781766971573234" lon="2.782488008961082">
<ele>744</ele>
</trkpt>
<trkpt lat="39.781850036233664" lon="2.782593034207821">
<ele>744</ele>
</trkpt>
<trkpt lat="39.781879037618637" lon="2.78261398896575">
<ele>744</ele>
</trkpt>
<trkpt lat="39.782012980431318" lon="2.782736029475927">
<ele>743</ele>
</trkpt>
<trkpt lat="39.782080035656691" lon="2.782808030024171">
<ele>743</ele>
</trkpt>
<trkpt lat="39.782196963205934" lon="2.782943984493613">
<ele>743</ele>
</trkpt>
<trkpt lat="39.782236022874713" lon="2.782986983656883">
<ele>743</ele>
</trkpt>
<trkpt lat="39.782272987067699" lon="2.783030988648534">
<ele>743</ele>
</trkpt>
<trkpt lat="39.782412964850664" lon="2.783139031380415">
<ele>743</ele>
</trkpt>
<trkpt lat="39.782483959570527" lon="2.783217988908291">
<ele>744</ele>
</trkpt>
<trkpt lat="39.782502986490726" lon="2.783220000565052">
<ele>744</ele>
</trkpt>
<trkpt lat="39.782637013122439" lon="2.783321002498269">
<ele>745</ele>
</trkpt>
<trkpt lat="39.782717982307076" lon="2.783397026360035">
<ele>745</ele>
</trkpt>
<trkpt lat="39.782814960926771" lon="2.78345201164484">
<ele>745</ele>
</trkpt>
<trkpt lat="39.782934989780188" lon="2.783511020243168">
<ele>746</ele>
</trkpt>
<trkpt lat="39.783009001985192" lon="2.783558964729309">
<ele>746</ele>
</trkpt>
<trkpt lat="39.783122995868325" lon="2.783604981377721">
<ele>747</ele>
</trkpt>
<trkpt lat="39.783223997801542" lon="2.783650998026133">
<ele>747</ele>
</trkpt>
<trkpt lat="39.783302033320069" lon="2.78371000662446">
<ele>747</ele>
</trkpt>
<trkpt lat="39.783364981412888" lon="2.78377203270793">
<ele>746</ele>
</trkpt>
<trkpt lat="39.783471012488008" lon="2.783834980800748">
<ele>746</ele>
</trkpt>
<trkpt lat="39.783572014421225" lon="2.783976970240474">
<ele>746</ele>
</trkpt>
<trkpt lat="39.783640997484326" lon="2.78400999493897">
<ele>746</ele>
</trkpt>
<trkpt lat="39.783758008852601" lon="2.784064980223775">
<ele>745</ele>
</trkpt>
<trkpt lat="39.783818023279309" lon="2.784124994650483">
<ele>745</ele>
</trkpt>
<trkpt lat="39.783896980807185" lon="2.784251980483532">
<ele>745</ele>
</trkpt>
<trkpt lat="39.783998988568783" lon="2.784366980195046">
<ele>744</ele>
</trkpt>
<trkpt lat="39.784086998552084" lon="2.784467982128263">
<ele>744</ele>
</trkpt>
<trkpt lat="39.784181965515018" lon="2.78456998988986">
<ele>745</ele>
</trkpt>
<trkpt lat="39.784213984385133" lon="2.78458901681006">
<ele>745</ele>
</trkpt>
<trkpt lat="39.784408025443554" lon="2.784690018743277">
<ele>746</ele>
</trkpt>
<trkpt lat="39.784414982423186" lon="2.784693958237767">
<ele>746</ele>
</trkpt>
<trkpt lat="39.784587984904647" lon="2.784823961555958">
<ele>747</ele>
</trkpt>
<trkpt lat="39.784609023481607" lon="2.784863021224737">
<ele>748</ele>
</trkpt>
<trkpt lat="39.784753024578094" lon="2.785002999007702">
<ele>748</ele>
</trkpt>
<trkpt lat="39.784800969064236" lon="2.785136019811034">
<ele>749</ele>
</trkpt>
<trkpt lat="39.784842040389776" lon="2.785208020359278">
<ele>749</ele>
</trkpt>
<trkpt lat="39.78491404093802" lon="2.78532100841403">
<ele>750</ele>
</trkpt>
<trkpt lat="39.78493801318109" lon="2.785375993698835">
<ele>750</ele>
</trkpt>
<trkpt lat="39.785031974315643" lon="2.785516977310181">
<ele>750</ele>
</trkpt>
<trkpt lat="39.785095006227493" lon="2.785632982850075">
<ele>750</ele>
</trkpt>
<trkpt lat="39.785163989290595" lon="2.785766003653407">
<ele>750</ele>
</trkpt>
<trkpt lat="39.785240013152361" lon="2.785881003364921">
<ele>750</ele>
</trkpt>
<trkpt lat="39.785270020365715" lon="2.785963984206319">
<ele>750</ele>
</trkpt>
<trkpt lat="39.785376973450184" lon="2.786160036921501">
<ele>750</ele>
</trkpt>
<trkpt lat="39.78541100397706" lon="2.786241006106138">
<ele>750</ele>
</trkpt>
<trkpt lat="39.78554000146687" lon="2.786427000537515">
<ele>750</ele>
</trkpt>
<trkpt lat="39.785608984529972" lon="2.786544011905789">
<ele>750</ele>
</trkpt>
<trkpt lat="39.78562499396503" lon="2.786592040210962">
<ele>749</ele>
</trkpt>
<trkpt lat="39.785766983404756" lon="2.786802006885409">
<ele>748</ele>
</trkpt>
<trkpt lat="39.785777041688561" lon="2.786817010492086">
<ele>748</ele>
</trkpt>
<trkpt lat="39.785858010873199" lon="2.786903008818626">
<ele>747</ele>
</trkpt>
<trkpt lat="39.785918025299907" lon="2.787008034065366">
<ele>746</ele>
</trkpt>
<trkpt lat="39.785927999764681" lon="2.78703804127872">
<ele>745</ele>
</trkpt>
<trkpt lat="39.78599295951426" lon="2.787123033776879">
<ele>744</ele>
</trkpt>
<trkpt lat="39.786050962284207" lon="2.787235016003251">
<ele>744</ele>
</trkpt>
<trkpt lat="39.786106031388044" lon="2.787343980744481">
<ele>743</ele>
</trkpt>
<trkpt lat="39.786107959225774" lon="2.787355966866016">
<ele>742</ele>
</trkpt>
<trkpt lat="39.786223964765668" lon="2.787580015137792">
<ele>742</ele>
</trkpt>
<trkpt lat="39.786299988627434" lon="2.787702977657318">
<ele>741</ele>
</trkpt>
<trkpt lat="39.786364026367664" lon="2.787803979590535">
<ele>741</ele>
</trkpt>
<trkpt lat="39.786380035802722" lon="2.787837004289031">
<ele>740</ele>
</trkpt>
<trkpt lat="39.786479026079178" lon="2.788030039519072">
<ele>740</ele>
</trkpt>
<trkpt lat="39.786535017192364" lon="2.788121988996863">
<ele>740</ele>
</trkpt>
<trkpt lat="39.786622021347284" lon="2.788255009800196">
<ele>739</ele>
</trkpt>
<trkpt lat="39.78672000579536" lon="2.788404962047935">
<ele>739</ele>
</trkpt>
<trkpt lat="39.786752024665475" lon="2.788434969261289">
<ele>738</ele>
</trkpt>
<trkpt lat="39.786804998293519" lon="2.78856597840786">
<ele>738</ele>
</trkpt>
<trkpt lat="39.786876998841763" lon="2.788648037239909">
<ele>738</ele>
</trkpt>
<trkpt lat="39.786898959428072" lon="2.788665974512696">
<ele>737</ele>
</trkpt>
<trkpt lat="39.786995016038418" lon="2.788829002529383">
<ele>737</ele>
</trkpt>
<trkpt lat="39.78702200576663" lon="2.788878958672285">
<ele>736</ele>
</trkpt>
<trkpt lat="39.787122001871467" lon="2.78908004052937">
<ele>736</ele>
</trkpt>
<trkpt lat="39.787157960236073" lon="2.789153968915343">
<ele>736</ele>
</trkpt>
<trkpt lat="39.7872169688344" lon="2.789224963635206">
<ele>735</ele>
</trkpt>
<trkpt lat="39.787326017394662" lon="2.789421016350389">
<ele>735</ele>
</trkpt>
<trkpt lat="39.787349989637733" lon="2.789460998028517">
<ele>734</ele>
</trkpt>
<trkpt lat="39.78742802515626" lon="2.789602987468243">
<ele>734</ele>
</trkpt>
<trkpt lat="39.787437999621034" lon="2.789616985246539">
<ele>734</ele>
</trkpt>
<trkpt lat="39.787549981847405" lon="2.7897709608078">
<ele>734</ele>
</trkpt>
<trkpt lat="39.787562973797321" lon="2.789784036576748">
<ele>734</ele>
</trkpt>
<trkpt lat="39.787630029022694" lon="2.789904987439513">
<ele>734</ele>
</trkpt>
<trkpt lat="39.787677973508835" lon="2.790015963837504">
<ele>734</ele>
</trkpt>
<trkpt lat="39.78772901929915" lon="2.790099028497934">
<ele>734</ele>
</trkpt>
<trkpt lat="39.787785010412335" lon="2.790187960490584">
<ele>734</ele>
</trkpt>
<trkpt lat="39.787835972383618" lon="2.790268007665873">
<ele>734</ele>
</trkpt>
<trkpt lat="39.787939991801977" lon="2.790350988507271">
<ele>734</ele>
</trkpt>
<trkpt lat="39.788000006228685" lon="2.790386024862528">
<ele>734</ele>
</trkpt>
<trkpt lat="39.788149958476424" lon="2.790407985448837">
<ele>734</ele>
</trkpt>
<trkpt lat="39.788279039785266" lon="2.79043204151094">
<ele>734</ele>
</trkpt>
<trkpt lat="39.788307035341859" lon="2.790476968511939">
<ele>734</ele>
</trkpt>
<trkpt lat="39.788293959572911" lon="2.790614012628794">
<ele>734</ele>
</trkpt>
<trkpt lat="39.788281973451376" lon="2.790646031498909">
<ele>734</ele>
</trkpt>
<trkpt lat="39.788253977894783" lon="2.790831020101905">
<ele>734</ele>
</trkpt>
<trkpt lat="39.788247020915151" lon="2.790847029536963">
<ele>734</ele>
</trkpt>
<trkpt lat="39.788230005651712" lon="2.791020032018423">
<ele>734</ele>
</trkpt>
<trkpt lat="39.788293037563562" lon="2.791241984814405">
<ele>734</ele>
</trkpt>
<trkpt lat="39.788317009806633" lon="2.791281966492534">
<ele>734</ele>
</trkpt>
<trkpt lat="39.788380041718483" lon="2.79137802310288">
<ele>734</ele>
</trkpt>
<trkpt lat="39.788427986204624" lon="2.791504003107548">
<ele>734</ele>
</trkpt>
<trkpt lat="39.788449024781585" lon="2.791540967300534">
<ele>735</ele>
</trkpt>
<trkpt lat="39.788512978702784" lon="2.791649010032415">
<ele>735</ele>
</trkpt>
<trkpt lat="39.788555977866054" lon="2.791740959510207">
<ele>735</ele>
</trkpt>
<trkpt lat="39.788675000891089" lon="2.791936006397009">
<ele>735</ele>
</trkpt>
<trkpt lat="39.788680030032992" lon="2.791947992518544">
<ele>735</ele>
</trkpt>
<trkpt lat="39.78878203779459" lon="2.79215301387012">
<ele>736</ele>
</trkpt>
<trkpt lat="39.788797041401267" lon="2.792185032740235">
<ele>736</ele>
</trkpt>
<trkpt lat="39.788842974230647" lon="2.792230965569615">
<ele>736</ele>
</trkpt>
<trkpt lat="39.78891396895051" lon="2.792336996644735">
<ele>736</ele>
</trkpt>
<trkpt lat="39.788980018347502" lon="2.792435986921191">
<ele>737</ele>
</trkpt>
<trkpt lat="39.789036009460688" lon="2.792522991076112">
<ele>737</ele>
</trkpt>
<trkpt lat="39.789099041372538" lon="2.79264603741467">
<ele>738</ele>
</trkpt>
<trkpt lat="39.789127958938479" lon="2.792804958298802">
<ele>738</ele>
</trkpt>
<trkpt lat="39.789121001958847" lon="2.792832031846046">
<ele>738</ele>
</trkpt>
<trkpt lat="39.789111027494073" lon="2.792858015745878">
<ele>739</ele>
</trkpt>
<trkpt lat="39.789097029715776" lon="2.792995981872082">
<ele>739</ele>
</trkpt>
<trkpt lat="39.78910599835217" lon="2.793123973533511">
<ele>740</ele>
</trkpt>
<trkpt lat="39.789104992523789" lon="2.793140988796949">
<ele>740</ele>
</trkpt>
<trkpt lat="39.789112033322453" lon="2.793191028758884">
<ele>740</ele>
</trkpt>
<trkpt lat="39.789081020280719" lon="2.793293036520481">
<ele>740</ele>
</trkpt>
<trkpt lat="39.789071967825294" lon="2.793299993500114">
<ele>740</ele>
</trkpt>
<trkpt lat="39.788912041112781" lon="2.793440977111459">
<ele>740</ele>
</trkpt>
<trkpt lat="39.788884967565536" lon="2.793466039001942">
<ele>740</ele>
</trkpt>
<trkpt lat="39.78873903863132" lon="2.793552037328482">
<ele>740</ele>
</trkpt>
<trkpt lat="39.788708025589585" lon="2.793589001521468">
<ele>740</ele>
</trkpt>
<trkpt lat="39.788601994514465" lon="2.793668964877725">
<ele>740</ele>
</trkpt>
<trkpt lat="39.788520019501448" lon="2.793702995404601">
<ele>740</ele>
</trkpt>
<trkpt lat="39.788434021174908" lon="2.793771978467703">
<ele>740</ele>
</trkpt>
<trkpt lat="39.788380963727832" lon="2.793865017592907">
<ele>740</ele>
</trkpt>
<trkpt lat="39.788318015635014" lon="2.794021004810929">
<ele>741</ele>
</trkpt>
<trkpt lat="39.78828901425004" lon="2.794085964560509">
<ele>742</ele>
</trkpt>
<trkpt lat="39.788206033408642" lon="2.794288974255323">
<ele>742</ele>
</trkpt>
<trkpt lat="39.788174014538527" lon="2.794353011995554">
<ele>742</ele>
</trkpt>
<trkpt lat="39.788093967363238" lon="2.794562978670001">
<ele>743</ele>
</trkpt>
<trkpt lat="39.788082987070084" lon="2.794678984209895">
<ele>744</ele>
</trkpt>
<trkpt lat="39.788072006776929" lon="2.794789960607886">
<ele>744</ele>
</trkpt>
<trkpt lat="39.788092961534858" lon="2.794980984181166">
<ele>744</ele>
</trkpt>
<trkpt lat="39.788090027868748" lon="2.795022977516055">
<ele>745</ele>
</trkpt>
<trkpt lat="39.788092039525509" lon="2.795114004984498">
<ele>745</ele>
</trkpt>
<trkpt lat="39.788107965141535" lon="2.795235039666295">
<ele>745</ele>
</trkpt>
<trkpt lat="39.788108970969915" lon="2.795266974717379">
<ele>746</ele>
</trkpt>
<trkpt lat="39.788063038140535" lon="2.79548398219049">
<ele>746</ele>
</trkpt>
<trkpt lat="39.787982990965247" lon="2.79559101909399">
<ele>746</ele>
</trkpt>
<trkpt lat="39.787951977923512" lon="2.795668970793486">
<ele>746</ele>
</trkpt>
<trkpt lat="39.787930017337203" lon="2.795790005475283">
<ele>746</ele>
</trkpt>
<trkpt lat="39.787884000688791" lon="2.795933000743389">
<ele>747</ele>
</trkpt>
<trkpt lat="39.787867991253734" lon="2.795972982421517">
<ele>747</ele>
</trkpt>
<trkpt lat="39.787755003198981" lon="2.796197030693293">
<ele>747</ele>
</trkpt>
<trkpt lat="39.787732036784291" lon="2.796213962137699">
<ele>747</ele>
</trkpt>
<trkpt lat="39.787592981010675" lon="2.79634497128427">
<ele>748</ele>
</trkpt>
<trkpt lat="39.787577977403998" lon="2.796368021517992">
<ele>748</ele>
</trkpt>
<trkpt lat="39.787497008219361" lon="2.796495007351041">
<ele>748</ele>
</trkpt>
<trkpt lat="39.787483010441065" lon="2.796532977372408">
<ele>748</ele>
</trkpt>
<trkpt lat="39.787402041256428" lon="2.796740010380745">
<ele>749</ele>
</trkpt>
<trkpt lat="39.787389971315861" lon="2.796776974573731">
<ele>749</ele>
</trkpt>
<trkpt lat="39.787307996302843" lon="2.796826008707285">
<ele>749</ele>
</trkpt>
<trkpt lat="39.787269020453095" lon="2.796885017305613">
<ele>750</ele>
</trkpt>
<trkpt lat="39.787272959947586" lon="2.796908989548683">
<ele>750</ele>
</trkpt>
</trkseg>
</trk>
</gpx>
