<?xml version="1.0" encoding="UTF-8"?>
<gpx version="1.1"
creator="Smartprofil-Office - http://www.rother.de"
xmlns:xsi="http://www.w3.org/2001/XMLSchema-instance"
xmlns="http://www.topografix.com/GPX/1/1"
xsi:schemaLocation="http://www.topografix.com/GPX/1/1 http://www.topografix.com/GPX/1/1/gpx.xsd">
<metadata>

<bounds minlat="39.735709000378847" minlon="3.33469801582396" maxlat="39.770980970934033" maxlon="3.388060983270407"/>
</metadata>
<wpt lat="39.736552974209189" lon="3.334745038300753">
<ele>220</ele>
<name>63_s’Alqueria Vella (1)</name>
<cmt></cmt>
<desc></desc>
<sym>Crossing</sym>
</wpt>

<wpt lat="39.746102979406714" lon="3.347423002123833">
<ele>380</ele>
<name>63_Campament dels Soldats (2)</name>
<cmt></cmt>
<desc></desc>
<sym>Crossing</sym>
</wpt>

<wpt lat="39.76594696752727" lon="3.342856960371137">
<ele>441</ele>
<name>63_Puig de sa Tudossa (3)</name>
<cmt></cmt>
<desc></desc>
<sym>Crossing</sym>
</wpt>

<wpt lat="39.767906991764903" lon="3.349966993555427">
<ele>324</ele>
<name>63_Camí d’en Mondoi (4)</name>
<cmt></cmt>
<desc></desc>
<sym>Crossing</sym>
</wpt>

<wpt lat="39.769380027428269" lon="3.355060005560517">
<ele>241</ele>
<name>63_Pla sa Romana (5)</name>
<cmt></cmt>
<desc></desc>
<sym>Crossing</sym>
</wpt>

<wpt lat="39.764856984838843" lon="3.37833596393466">
<ele>26</ele>
<name>63_Refugi de s’Arenalet des Verger (6)</name>
<cmt></cmt>
<desc></desc>
<sym>Crossing</sym>
</wpt>

<wpt lat="39.763854006305337" lon="3.384336987510324">
<ele>0</ele>
<name>63_Platja de sa Fontsalada (7)</name>
<cmt></cmt>
<desc></desc>
<sym>Crossing</sym>
</wpt>

<wpt lat="39.751083003357053" lon="3.385031009092927">
<ele>117</ele>
<name>63_Mirador de sa Senyora (8)</name>
<cmt></cmt>
<desc></desc>
<sym>Crossing</sym>
</wpt>

<wpt lat="39.748400961980224" lon="3.383494019508362">
<ele>116</ele>
<name>63_Albarca (9)</name>
<cmt></cmt>
<desc></desc>
<sym>Crossing</sym>
</wpt>

<wpt lat="39.740531025454402" lon="3.350444007664919">
<ele>304</ele>
<name>63_Coll des Verger (10)</name>
<cmt></cmt>
<desc></desc>
<sym>Crossing</sym>
</wpt>

<wpt lat="39.736552974209189" lon="3.334745038300753">
<ele>220</ele>
<name>63_s’Alqueria Vella (1)</name>
<cmt></cmt>
<desc></desc>
<sym>Crossing</sym>
</wpt>

<trk>
<name>Mal_63_SAlqueriaVella</name>
<trkseg>
<trkpt lat="39.736552974209189" lon="3.334745038300753">
<ele>220</ele>
</trkpt>
<trkpt lat="39.736564038321376" lon="3.334732968360186">
<ele>221</ele>
</trkpt>
<trkpt lat="39.736578036099672" lon="3.334723999723792">
<ele>221</ele>
</trkpt>
<trkpt lat="39.736578036099672" lon="3.334723999723792">
<ele>222</ele>
</trkpt>
<trkpt lat="39.736581975594163" lon="3.33471997641027">
<ele>224</ele>
</trkpt>
<trkpt lat="39.736707033589482" lon="3.334918962791562">
<ele>225</ele>
</trkpt>
<trkpt lat="39.736772999167442" lon="3.334994986653328">
<ele>226</ele>
</trkpt>
<trkpt lat="39.736920017749071" lon="3.33512800745666">
<ele>228</ele>
</trkpt>
<trkpt lat="39.737025965005159" lon="3.3352140057832">
<ele>227</ele>
</trkpt>
<trkpt lat="39.73715596832335" lon="3.335283994674683">
<ele>228</ele>
</trkpt>
<trkpt lat="39.73724196664989" lon="3.335364041849971">
<ele>230</ele>
</trkpt>
<trkpt lat="39.737364007160068" lon="3.335462026298046">
<ele>230</ele>
</trkpt>
<trkpt lat="39.73741203546524" lon="3.335510976612568">
<ele>231</ele>
</trkpt>
<trkpt lat="39.737525023519993" lon="3.335604015737772">
<ele>232</ele>
</trkpt>
<trkpt lat="39.737525023519993" lon="3.335604015737772">
<ele>231</ele>
</trkpt>
<trkpt lat="39.73769199103117" lon="3.335680961608887">
<ele>232</ele>
</trkpt>
<trkpt lat="39.737743958830833" lon="3.335719015449286">
<ele>232</ele>
</trkpt>
<trkpt lat="39.737899024039507" lon="3.335851030424237">
<ele>233</ele>
</trkpt>
<trkpt lat="39.737989967688918" lon="3.335982039570808">
<ele>234</ele>
</trkpt>
<trkpt lat="39.738091975450516" lon="3.336131991818547">
<ele>235</ele>
</trkpt>
<trkpt lat="39.738117959350348" lon="3.336183037608862">
<ele>235</ele>
</trkpt>
<trkpt lat="39.738206975162029" lon="3.336306000128388">
<ele>236</ele>
</trkpt>
<trkpt lat="39.738253997638822" lon="3.336371965706348">
<ele>238</ele>
</trkpt>
<trkpt lat="39.738419037312269" lon="3.336580004543066">
<ele>238</ele>
</trkpt>
<trkpt lat="39.738427000120282" lon="3.336591990664601">
<ele>240</ele>
</trkpt>
<trkpt lat="39.738525990396738" lon="3.336701039224863">
<ele>241</ele>
</trkpt>
<trkpt lat="39.738664962351322" lon="3.336855014786124">
<ele>242</ele>
</trkpt>
<trkpt lat="39.738768981769681" lon="3.33697403781116">
<ele>243</ele>
</trkpt>
<trkpt lat="39.738892028108239" lon="3.337089959532023">
<ele>244</ele>
</trkpt>
<trkpt lat="39.738931003957987" lon="3.337121978402138">
<ele>245</ele>
</trkpt>
<trkpt lat="39.739076010882854" lon="3.337282994762063">
<ele>246</ele>
</trkpt>
<trkpt lat="39.73919696174562" lon="3.337417021393776">
<ele>247</ele>
</trkpt>
<trkpt lat="39.739210959523916" lon="3.337430013343692">
<ele>248</ele>
</trkpt>
<trkpt lat="39.739295030012727" lon="3.337535038590431">
<ele>249</ele>
</trkpt>
<trkpt lat="39.739319002255797" lon="3.337581977248192">
<ele>251</ele>
</trkpt>
<trkpt lat="39.739384967833757" lon="3.337668981403112">
<ele>250</ele>
</trkpt>
<trkpt lat="39.739469038322568" lon="3.337822034955025">
<ele>252</ele>
</trkpt>
<trkpt lat="39.739558976143599" lon="3.338010041043162">
<ele>253</ele>
</trkpt>
<trkpt lat="39.739631982520223" lon="3.33824397996068">
<ele>253</ele>
</trkpt>
<trkpt lat="39.739734996110201" lon="3.338433997705579">
<ele>255</ele>
</trkpt>
<trkpt lat="39.739858964458108" lon="3.338551009073854">
<ele>256</ele>
</trkpt>
<trkpt lat="39.740019980818033" lon="3.338644970208406">
<ele>256</ele>
</trkpt>
<trkpt lat="39.740032972767949" lon="3.338647987693548">
<ele>257</ele>
</trkpt>
<trkpt lat="39.740159036591649" lon="3.338702972978354">
<ele>258</ele>
</trkpt>
<trkpt lat="39.74018300883472" lon="3.338717976585031">
<ele>258</ele>
</trkpt>
<trkpt lat="39.740348970517516" lon="3.33890900015831">
<ele>260</ele>
</trkpt>
<trkpt lat="39.740404961630702" lon="3.339003967121244">
<ele>261</ele>
</trkpt>
<trkpt lat="39.740427006036043" lon="3.339059036225081">
<ele>261</ele>
</trkpt>
<trkpt lat="39.740559021010995" lon="3.339188033714891">
<ele>262</ele>
</trkpt>
<trkpt lat="39.740669997408986" lon="3.339318037033081">
<ele>263</ele>
</trkpt>
<trkpt lat="39.740685001015663" lon="3.33933899179101">
<ele>264</ele>
</trkpt>
<trkpt lat="39.740792037919164" lon="3.339462038129568">
<ele>265</ele>
</trkpt>
<trkpt lat="39.740924974903464" lon="3.339643003419042">
<ele>265</ele>
</trkpt>
<trkpt lat="39.741033017635345" lon="3.339774012565613">
<ele>267</ele>
</trkpt>
<trkpt lat="39.74115002900362" lon="3.339902004227042">
<ele>268</ele>
</trkpt>
<trkpt lat="39.74119202233851" lon="3.339947015047073">
<ele>270</ele>
</trkpt>
<trkpt lat="39.741393020376563" lon="3.339937040582299">
<ele>270</ele>
</trkpt>
<trkpt lat="39.741455968469381" lon="3.339896975085139">
<ele>271</ele>
</trkpt>
<trkpt lat="39.741621008142829" lon="3.339835032820702">
<ele>272</ele>
</trkpt>
<trkpt lat="39.741683034226298" lon="3.339846013113856">
<ele>272</ele>
</trkpt>
<trkpt lat="39.741855030879378" lon="3.339931005612016">
<ele>275</ele>
</trkpt>
<trkpt lat="39.742027027532458" lon="3.339895969256759">
<ele>276</ele>
</trkpt>
<trkpt lat="39.742164993658662" lon="3.339784992858768">
<ele>277</ele>
</trkpt>
<trkpt lat="39.742318969219923" lon="3.339692037552595">
<ele>278</ele>
</trkpt>
<trkpt lat="39.742477973923087" lon="3.339738976210356">
<ele>280</ele>
</trkpt>
<trkpt lat="39.742590961977839" lon="3.339864034205675">
<ele>279</ele>
</trkpt>
<trkpt lat="39.742627004161477" lon="3.339907033368945">
<ele>280</ele>
</trkpt>
<trkpt lat="39.742764970287681" lon="3.340009963139892">
<ele>283</ele>
</trkpt>
<trkpt lat="39.742859015241265" lon="3.340143989771605">
<ele>283</ele>
</trkpt>
<trkpt lat="39.742987006902695" lon="3.340271981433034">
<ele>285</ele>
</trkpt>
<trkpt lat="39.743035035207868" lon="3.340337025001645">
<ele>285</ele>
</trkpt>
<trkpt lat="39.743101000785828" lon="3.34045697003603">
<ele>286</ele>
</trkpt>
<trkpt lat="39.743153974413872" lon="3.340568030253053">
<ele>287</ele>
</trkpt>
<trkpt lat="39.743160009384155" lon="3.340573981404305">
<ele>287</ele>
</trkpt>
<trkpt lat="39.743151962757111" lon="3.340568030253053">
<ele>290</ele>
</trkpt>
<trkpt lat="39.743151962757111" lon="3.340568030253053">
<ele>291</ele>
</trkpt>
<trkpt lat="39.743151962757111" lon="3.340568030253053">
<ele>292</ele>
</trkpt>
<trkpt lat="39.743179958313704" lon="3.34062896668911">
<ele>292</ele>
</trkpt>
<trkpt lat="39.743296969681978" lon="3.340809009969235">
<ele>293</ele>
</trkpt>
<trkpt lat="39.743324965238571" lon="3.34084203466773">
<ele>294</ele>
</trkpt>
<trkpt lat="39.743430996313691" lon="3.340909006074071">
<ele>296</ele>
</trkpt>
<trkpt lat="39.743487993255258" lon="3.341000033542514">
<ele>299</ele>
</trkpt>
<trkpt lat="39.743552030995488" lon="3.341177981346846">
<ele>300</ele>
</trkpt>
<trkpt lat="39.743562005460262" lon="3.341332962736487">
<ele>303</ele>
</trkpt>
<trkpt lat="39.743564017117023" lon="3.341474030166864">
<ele>304</ele>
</trkpt>
<trkpt lat="39.743713969364762" lon="3.341585006564856">
<ele>305</ele>
</trkpt>
<trkpt lat="39.743813965469599" lon="3.341691959649324">
<ele>308</ele>
</trkpt>
<trkpt lat="39.743908010423183" lon="3.341763038188219">
<ele>310</ele>
</trkpt>
<trkpt lat="39.743961989879608" lon="3.341891029849649">
<ele>312</ele>
</trkpt>
<trkpt lat="39.744023010134697" lon="3.342018015682697">
<ele>314</ele>
</trkpt>
<trkpt lat="39.744026027619839" lon="3.342027990147471">
<ele>315</ele>
</trkpt>
<trkpt lat="39.744158964604139" lon="3.342223959043622">
<ele>314</ele>
</trkpt>
<trkpt lat="39.744276981800795" lon="3.342334013432264">
<ele>315</ele>
</trkpt>
<trkpt lat="39.744296008720994" lon="3.342376006767154">
<ele>316</ele>
</trkpt>
<trkpt lat="39.744324004277587" lon="3.342468040063977">
<ele>315</ele>
</trkpt>
<trkpt lat="39.744325010105968" lon="3.342540040612221">
<ele>317</ele>
</trkpt>
<trkpt lat="39.744311012327671" lon="3.342721005901694">
<ele>317</ele>
</trkpt>
<trkpt lat="39.744367003440857" lon="3.34283902309835">
<ele>317</ele>
</trkpt>
<trkpt lat="39.744371026754379" lon="3.342907000333071">
<ele>318</ele>
</trkpt>
<trkpt lat="39.744389969855547" lon="3.3430349919945">
<ele>318</ele>
</trkpt>
<trkpt lat="39.744402961805463" lon="3.343127025291324">
<ele>319</ele>
</trkpt>
<trkpt lat="39.744440009817481" lon="3.343319976702333">
<ele>320</ele>
</trkpt>
<trkpt lat="39.744463982060552" lon="3.343432964757085">
<ele>323</ele>
</trkpt>
<trkpt lat="39.744513016194105" lon="3.343599010258913">
<ele>323</ele>
</trkpt>
<trkpt lat="39.744550986215472" lon="3.343733958899975">
<ele>324</ele>
</trkpt>
<trkpt lat="39.74465299397707" lon="3.343818029388785">
<ele>325</ele>
</trkpt>
<trkpt lat="39.744679983705282" lon="3.343875026330352">
<ele>325</ele>
</trkpt>
<trkpt lat="39.744746033102274" lon="3.343988014385104">
<ele>327</ele>
</trkpt>
<trkpt lat="39.744795989245176" lon="3.344093039631844">
<ele>328</ele>
</trkpt>
<trkpt lat="39.744830019772053" lon="3.344127992168069">
<ele>330</ele>
</trkpt>
<trkpt lat="39.744946025311947" lon="3.344339970499277">
<ele>331</ele>
</trkpt>
<trkpt lat="39.744965974241495" lon="3.344434015452862">
<ele>333</ele>
</trkpt>
<trkpt lat="39.745007967576385" lon="3.344570975750685">
<ele>334</ele>
</trkpt>
<trkpt lat="39.745032023638487" lon="3.344683041796088">
<ele>335</ele>
</trkpt>
<trkpt lat="39.745078040286899" lon="3.344797035679221">
<ele>337</ele>
</trkpt>
<trkpt lat="39.745185999199748" lon="3.344991998746991">
<ele>338</ele>
</trkpt>
<trkpt lat="39.745193039998412" lon="3.345091994851828">
<ele>340</ele>
</trkpt>
<trkpt lat="39.745007967576385" lon="3.345352001488209">
<ele>342</ele>
</trkpt>
<trkpt lat="39.744965974241495" lon="3.345487033948302">
<ele>343</ele>
</trkpt>
<trkpt lat="39.744959017261863" lon="3.345565991476178">
<ele>345</ele>
</trkpt>
<trkpt lat="39.745015008375049" lon="3.345704963430762">
<ele>347</ele>
</trkpt>
<trkpt lat="39.745177030563354" lon="3.345810994505882">
<ele>349</ele>
</trkpt>
<trkpt lat="39.74525498226285" lon="3.345873020589352">
<ele>350</ele>
</trkpt>
<trkpt lat="39.74540401250124" lon="3.345942003652453">
<ele>353</ele>
</trkpt>
<trkpt lat="39.745436031371355" lon="3.346063038334251">
<ele>355</ele>
</trkpt>
<trkpt lat="39.745494034141302" lon="3.346143001690507">
<ele>357</ele>
</trkpt>
<trkpt lat="39.745604004710913" lon="3.346194969490171">
<ele>360</ele>
</trkpt>
<trkpt lat="39.745625965297222" lon="3.346230005845428">
<ele>360</ele>
</trkpt>
<trkpt lat="39.745496967807412" lon="3.346409965306521">
<ele>363</ele>
</trkpt>
<trkpt lat="39.745578020811081" lon="3.346517002210021">
<ele>365</ele>
</trkpt>
<trkpt lat="39.745601993054152" lon="3.346635019406676">
<ele>366</ele>
</trkpt>
<trkpt lat="39.745680028572679" lon="3.346780026331544">
<ele>368</ele>
</trkpt>
<trkpt lat="39.74568497389555" lon="3.346839034929872">
<ele>369</ele>
</trkpt>
<trkpt lat="39.745752029120922" lon="3.34692201577127">
<ele>370</ele>
</trkpt>
<trkpt lat="39.745769966393709" lon="3.346961997449398">
<ele>371</ele>
</trkpt>
<trkpt lat="39.745784970000386" lon="3.347088983282447">
<ele>372</ele>
</trkpt>
<trkpt lat="39.745845990255475" lon="3.347213035449386">
<ele>373</ele>
</trkpt>
<trkpt lat="39.745880020782351" lon="3.347292998805642">
<ele>375</ele>
</trkpt>
<trkpt lat="39.745966019108891" lon="3.347388971596956">
<ele>377</ele>
</trkpt>
<trkpt lat="39.746097028255463" lon="3.347425013780594">
<ele>377</ele>
</trkpt>
<trkpt lat="39.746097028255463" lon="3.347425013780594">
<ele>379</ele>
</trkpt>
<trkpt lat="39.746102979406714" lon="3.347423002123833">
<ele>380</ele>
</trkpt>
<trkpt lat="39.746099961921573" lon="3.347426019608975">
<ele>381</ele>
</trkpt>
<trkpt lat="39.746099039912224" lon="3.347430964931846">
<ele>381</ele>
</trkpt>
<trkpt lat="39.746099039912224" lon="3.347430964931846">
<ele>381</ele>
</trkpt>
<trkpt lat="39.746098034083843" lon="3.347436999902129">
<ele>382</ele>
</trkpt>
<trkpt lat="39.746193001046777" lon="3.347699018195272">
<ele>385</ele>
</trkpt>
<trkpt lat="39.746234994381666" lon="3.347758026793599">
<ele>386</ele>
</trkpt>
<trkpt lat="39.746356029063463" lon="3.347806977108121">
<ele>385</ele>
</trkpt>
<trkpt lat="39.746515033766627" lon="3.347765989601612">
<ele>386</ele>
</trkpt>
<trkpt lat="39.74662802182138" lon="3.347663981840015">
<ele>386</ele>
</trkpt>
<trkpt lat="39.746726006269455" lon="3.347519980743527">
<ele>386</ele>
</trkpt>
<trkpt lat="39.74677998572588" lon="3.347444040700793">
<ele>387</ele>
</trkpt>
<trkpt lat="39.746829019859433" lon="3.347389977425337">
<ele>386</ele>
</trkpt>
<trkpt lat="39.746888028457761" lon="3.347300961613655">
<ele>386</ele>
</trkpt>
<trkpt lat="39.746981989592314" lon="3.347215969115496">
<ele>387</ele>
</trkpt>
<trkpt lat="39.74701602011919" lon="3.34715997800231">
<ele>387</ele>
</trkpt>
<trkpt lat="39.747162032872438" lon="3.346964009106159">
<ele>387</ele>
</trkpt>
<trkpt lat="39.747292958199978" lon="3.34685898385942">
<ele>387</ele>
</trkpt>
<trkpt lat="39.74731701426208" lon="3.346828976646066">
<ele>387</ele>
</trkpt>
<trkpt lat="39.747561011463404" lon="3.346611969172955">
<ele>388</ele>
</trkpt>
<trkpt lat="39.747700989246368" lon="3.346495963633061">
<ele>388</ele>
</trkpt>
<trkpt lat="39.747849013656378" lon="3.346374006941915">
<ele>388</ele>
</trkpt>
<trkpt lat="39.74798496812582" lon="3.346263030543923">
<ele>388</ele>
</trkpt>
<trkpt lat="39.748138021677732" lon="3.346135960891843">
<ele>390</ele>
</trkpt>
<trkpt lat="39.748273976147175" lon="3.346028001978993">
<ele>391</ele>
</trkpt>
<trkpt lat="39.748404985293746" lon="3.345908978953958">
<ele>391</ele>
</trkpt>
<trkpt lat="39.748448990285397" lon="3.345867991447449">
<ele>391</ele>
</trkpt>
<trkpt lat="39.748583016917109" lon="3.345803031697869">
<ele>391</ele>
</trkpt>
<trkpt lat="39.748611012473702" lon="3.345769001170993">
<ele>392</ele>
</trkpt>
<trkpt lat="39.748751996085048" lon="3.345679985359311">
<ele>392</ele>
</trkpt>
<trkpt lat="39.748788038268685" lon="3.345633968710899">
<ele>391</ele>
</trkpt>
<trkpt lat="39.748914018273354" lon="3.345510000362992">
<ele>391</ele>
</trkpt>
<trkpt lat="39.749051984399557" lon="3.345402041450143">
<ele>390</ele>
</trkpt>
<trkpt lat="39.749192968010902" lon="3.345274971798062">
<ele>389</ele>
</trkpt>
<trkpt lat="39.749320037662983" lon="3.345155026763678">
<ele>389</ele>
</trkpt>
<trkpt lat="39.749430008232594" lon="3.344973977655172">
<ele>389</ele>
</trkpt>
<trkpt lat="39.749538972973824" lon="3.344830982387066">
<ele>388</ele>
</trkpt>
<trkpt lat="39.749625977128744" lon="3.344683963805437">
<ele>387</ele>
</trkpt>
<trkpt lat="39.749633017927408" lon="3.344656974077225">
<ele>387</ele>
</trkpt>
<trkpt lat="39.749747011810541" lon="3.344481959939003">
<ele>387</ele>
</trkpt>
<trkpt lat="39.74983099848032" lon="3.344374001026154">
<ele>386</ele>
</trkpt>
<trkpt lat="39.749918002635241" lon="3.344220025464892">
<ele>385</ele>
</trkpt>
<trkpt lat="39.749967036768794" lon="3.344167973846197">
<ele>386</ele>
</trkpt>
<trkpt lat="39.750172980129719" lon="3.34408700466156">
<ele>386</ele>
</trkpt>
<trkpt lat="39.750356040894985" lon="3.344157999381423">
<ele>385</ele>
</trkpt>
<trkpt lat="39.750502975657582" lon="3.344269981607795">
<ele>385</ele>
</trkpt>
<trkpt lat="39.750713026151061" lon="3.344353968277574">
<ele>384</ele>
</trkpt>
<trkpt lat="39.75088401697576" lon="3.344242991879582">
<ele>384</ele>
</trkpt>
<trkpt lat="39.751006979495287" lon="3.34410703741014">
<ele>385</ele>
</trkpt>
<trkpt lat="39.751113010570407" lon="3.343961024656892">
<ele>384</ele>
</trkpt>
<trkpt lat="39.7511219792068" lon="3.343953983858228">
<ele>383</ele>
</trkpt>
<trkpt lat="39.751236978918314" lon="3.343838984146714">
<ele>383</ele>
</trkpt>
<trkpt lat="39.75133303552866" lon="3.343803025782108">
<ele>383</ele>
</trkpt>
<trkpt lat="39.75144200026989" lon="3.343855999410152">
<ele>381</ele>
</trkpt>
<trkpt lat="39.751518024131656" lon="3.343926994130015">
<ele>382</ele>
</trkpt>
<trkpt lat="39.751574015244842" lon="3.34408700466156">
<ele>382</ele>
</trkpt>
<trkpt lat="39.75159103050828" lon="3.34415003657341">
<ele>382</ele>
</trkpt>
<trkpt lat="39.751590024679899" lon="3.344458993524313">
<ele>381</ele>
</trkpt>
<trkpt lat="39.751595975831151" lon="3.344683041796088">
<ele>380</ele>
</trkpt>
<trkpt lat="39.75159497000277" lon="3.344759987667203">
<ele>380</ele>
</trkpt>
<trkpt lat="39.751595975831151" lon="3.344907006248832">
<ele>380</ele>
</trkpt>
<trkpt lat="39.751590024679899" lon="3.345109010115266">
<ele>380</ele>
</trkpt>
<trkpt lat="39.751596981659532" lon="3.345216969028115">
<ele>379</ele>
</trkpt>
<trkpt lat="39.751601004973054" lon="3.345448980107904">
<ele>378</ele>
</trkpt>
<trkpt lat="39.751596981659532" lon="3.345638997852802">
<ele>378</ele>
</trkpt>
<trkpt lat="39.751592958346009" lon="3.345822980627418">
<ele>377</ele>
</trkpt>
<trkpt lat="39.751636041328311" lon="3.346034958958626">
<ele>378</ele>
</trkpt>
<trkpt lat="39.751661019399762" lon="3.346116011962295">
<ele>376</ele>
</trkpt>
<trkpt lat="39.751795968040824" lon="3.346262024715543">
<ele>376</ele>
</trkpt>
<trkpt lat="39.751923037692904" lon="3.346440978348255">
<ele>375</ele>
</trkpt>
<trkpt lat="39.752040971070528" lon="3.346569975838065">
<ele>375</ele>
</trkpt>
<trkpt lat="39.752077013254166" lon="3.346606018021703">
<ele>374</ele>
</trkpt>
<trkpt lat="39.752145996317267" lon="3.346681036055088">
<ele>374</ele>
</trkpt>
<trkpt lat="39.752295026555657" lon="3.346854960545898">
<ele>373</ele>
</trkpt>
<trkpt lat="39.7524309810251" lon="3.346978006884456">
<ele>372</ele>
</trkpt>
<trkpt lat="39.752561990171671" lon="3.347064005210996">
<ele>372</ele>
</trkpt>
<trkpt lat="39.752745972946286" lon="3.347173975780606">
<ele>370</ele>
</trkpt>
<trkpt lat="39.752912018448114" lon="3.347244970500469">
<ele>370</ele>
</trkpt>
<trkpt lat="39.753131037577987" lon="3.347228039056063">
<ele>370</ele>
</trkpt>
<trkpt lat="39.753298005089164" lon="3.347093006595969">
<ele>369</ele>
</trkpt>
<trkpt lat="39.753346033394337" lon="3.347043972462416">
<ele>369</ele>
</trkpt>
<trkpt lat="39.753486011177301" lon="3.346900977194309">
<ele>368</ele>
</trkpt>
<trkpt lat="39.753624983131886" lon="3.346802992746234">
<ele>367</ele>
</trkpt>
<trkpt lat="39.753811983391643" lon="3.346777008846402">
<ele>366</ele>
</trkpt>
<trkpt lat="39.753993032500148" lon="3.346768962219358">
<ele>366</ele>
</trkpt>
<trkpt lat="39.754002001136541" lon="3.346768962219358">
<ele>366</ele>
</trkpt>
<trkpt lat="39.754193024709821" lon="3.346762005239725">
<ele>365</ele>
</trkpt>
<trkpt lat="39.754333002492785" lon="3.346753036603332">
<ele>364</ele>
</trkpt>
<trkpt lat="39.754461999982595" lon="3.346768040210009">
<ele>364</ele>
</trkpt>
<trkpt lat="39.754494018852711" lon="3.346763011068106">
<ele>364</ele>
</trkpt>
<trkpt lat="39.754615975543857" lon="3.346759993582964">
<ele>362</ele>
</trkpt>
<trkpt lat="39.75477003492415" lon="3.346776003018022">
<ele>363</ele>
</trkpt>
<trkpt lat="39.75494496524334" lon="3.346787989139557">
<ele>362</ele>
</trkpt>
<trkpt lat="39.75507496856153" lon="3.346806010231376">
<ele>362</ele>
</trkpt>
<trkpt lat="39.755128026008606" lon="3.346807016059756">
<ele>362</ele>
</trkpt>
<trkpt lat="39.755227016285062" lon="3.346798969432712">
<ele>360</ele>
</trkpt>
<trkpt lat="39.755306979641318" lon="3.346800981089473">
<ele>360</ele>
</trkpt>
<trkpt lat="39.755469001829624" lon="3.34675001911819">
<ele>360</ele>
</trkpt>
<trkpt lat="39.755634041503072" lon="3.346648011356592">
<ele>360</ele>
</trkpt>
<trkpt lat="39.755747029557824" lon="3.346524965018034">
<ele>359</ele>
</trkpt>
<trkpt lat="39.755831016227603" lon="3.346389010548592">
<ele>358</ele>
</trkpt>
<trkpt lat="39.755890024825931" lon="3.346178960055113">
<ele>358</ele>
</trkpt>
<trkpt lat="39.755922965705395" lon="3.34602196700871">
<ele>358</ele>
</trkpt>
<trkpt lat="39.755936041474342" lon="3.345967987552285">
<ele>358</ele>
</trkpt>
<trkpt lat="39.755944004282355" lon="3.345770006999373">
<ele>357</ele>
</trkpt>
<trkpt lat="39.755948027595878" lon="3.345757015049458">
<ele>357</ele>
</trkpt>
<trkpt lat="39.756047017872334" lon="3.345611002296209">
<ele>357</ele>
</trkpt>
<trkpt lat="39.756054980680346" lon="3.345601027831435">
<ele>356</ele>
</trkpt>
<trkpt lat="39.756285985931754" lon="3.345604967325926">
<ele>355</ele>
</trkpt>
<trkpt lat="39.756326973438263" lon="3.345627011731267">
<ele>356</ele>
</trkpt>
<trkpt lat="39.75638497620821" lon="3.345716027542949">
<ele>357</ele>
</trkpt>
<trkpt lat="39.75638497620821" lon="3.345716027542949">
<ele>357</ele>
</trkpt>
<trkpt lat="39.75647097453475" lon="3.345969999209046">
<ele>357</ele>
</trkpt>
<trkpt lat="39.756533000618219" lon="3.346163034439087">
<ele>356</ele>
</trkpt>
<trkpt lat="39.756593015044928" lon="3.346383981406689">
<ele>357</ele>
</trkpt>
<trkpt lat="39.756669038906693" lon="3.346635019406676">
<ele>358</ele>
</trkpt>
<trkpt lat="39.756746990606189" lon="3.346872981637716">
<ele>358</ele>
</trkpt>
<trkpt lat="39.756881017237902" lon="3.347047995775938">
<ele>359</ele>
</trkpt>
<trkpt lat="39.757086960598826" lon="3.347200965508819">
<ele>358</ele>
</trkpt>
<trkpt lat="39.757273038849235" lon="3.347305990755558">
<ele>357</ele>
</trkpt>
<trkpt lat="39.757455009967089" lon="3.347394000738859">
<ele>356</ele>
</trkpt>
<trkpt lat="39.757667994126678" lon="3.347471030429006">
<ele>354</ele>
</trkpt>
<trkpt lat="39.757901011034846" lon="3.347444040700793">
<ele>353</ele>
</trkpt>
<trkpt lat="39.7581020090729" lon="3.347413027659059">
<ele>352</ele>
</trkpt>
<trkpt lat="39.758298983797431" lon="3.347382014617324">
<ele>351</ele>
</trkpt>
<trkpt lat="39.75840300321579" lon="3.347369022667408">
<ele>350</ele>
</trkpt>
<trkpt lat="39.758434016257524" lon="3.34735301323235">
<ele>348</ele>
</trkpt>
<trkpt lat="39.758715983480215" lon="3.347413027659059">
<ele>346</ele>
</trkpt>
<trkpt lat="39.758886974304914" lon="3.3474609721452">
<ele>346</ele>
</trkpt>
<trkpt lat="39.759093001484871" lon="3.347429037094116">
<ele>345</ele>
</trkpt>
<trkpt lat="39.759254017844796" lon="3.347285035997629">
<ele>345</ele>
</trkpt>
<trkpt lat="39.759357031434774" lon="3.347081020474434">
<ele>343</ele>
</trkpt>
<trkpt lat="39.759482005611062" lon="3.346896031871438">
<ele>342</ele>
</trkpt>
<trkpt lat="39.759623995050788" lon="3.346650023013353">
<ele>341</ele>
</trkpt>
<trkpt lat="39.759746035560966" lon="3.346458999440074">
<ele>342</ele>
</trkpt>
<trkpt lat="39.75984301418066" lon="3.346324972808361">
<ele>341</ele>
</trkpt>
<trkpt lat="39.760004030540586" lon="3.346187006682158">
<ele>339</ele>
</trkpt>
<trkpt lat="39.76016404107213" lon="3.346068989485502">
<ele>338</ele>
</trkpt>
<trkpt lat="39.760354980826378" lon="3.345946026965976">
<ele>337</ele>
</trkpt>
<trkpt lat="39.760554973036051" lon="3.345922976732254">
<ele>337</ele>
</trkpt>
<trkpt lat="39.760676007717848" lon="3.346059015020728">
<ele>339</ele>
</trkpt>
<trkpt lat="39.760752031579614" lon="3.346331007778645">
<ele>338</ele>
</trkpt>
<trkpt lat="39.760838029906154" lon="3.346586991101503">
<ele>339</ele>
</trkpt>
<trkpt lat="39.760996028780937" lon="3.346739960834384">
<ele>339</ele>
</trkpt>
<trkpt lat="39.76115302182734" lon="3.346828976646066">
<ele>339</ele>
</trkpt>
<trkpt lat="39.76134798489511" lon="3.346871975809336">
<ele>339</ele>
</trkpt>
<trkpt lat="39.76151897571981" lon="3.346799975261092">
<ele>340</ele>
</trkpt>
<trkpt lat="39.761628024280071" lon="3.346650023013353">
<ele>341</ele>
</trkpt>
<trkpt lat="39.761704970151186" lon="3.346508033573628">
<ele>341</ele>
</trkpt>
<trkpt lat="39.761784011498094" lon="3.346379036083818">
<ele>342</ele>
</trkpt>
<trkpt lat="39.761803960427642" lon="3.346333019435406">
<ele>341</ele>
</trkpt>
<trkpt lat="39.76197000592947" lon="3.346268981695175">
<ele>342</ele>
</trkpt>
<trkpt lat="39.762131022289395" lon="3.346354980021715">
<ele>343</ele>
</trkpt>
<trkpt lat="39.762177960947156" lon="3.346423041075468">
<ele>344</ele>
</trkpt>
<trkpt lat="39.762230012565851" lon="3.3466009888798">
<ele>344</ele>
</trkpt>
<trkpt lat="39.762211991474032" lon="3.346796035766602">
<ele>344</ele>
</trkpt>
<trkpt lat="39.762201011180878" lon="3.346868036314845">
<ele>345</ele>
</trkpt>
<trkpt lat="39.762214003130794" lon="3.34709501825273">
<ele>345</ele>
</trkpt>
<trkpt lat="39.76222800090909" lon="3.347112033516169">
<ele>346</ele>
</trkpt>
<trkpt lat="39.762337971478701" lon="3.347340021282435">
<ele>347</ele>
</trkpt>
<trkpt lat="39.76242003031075" lon="3.347486034035683">
<ele>347</ele>
</trkpt>
<trkpt lat="39.762425981462002" lon="3.347500031813979">
<ele>347</ele>
</trkpt>
<trkpt lat="39.762518014758825" lon="3.347684014588594">
<ele>348</ele>
</trkpt>
<trkpt lat="39.762588003650308" lon="3.34782600402832">
<ele>349</ele>
</trkpt>
<trkpt lat="39.762675007805228" lon="3.347993977367878">
<ele>348</ele>
</trkpt>
<trkpt lat="39.762725969776511" lon="3.348178965970874">
<ele>349</ele>
</trkpt>
<trkpt lat="39.762720018625259" lon="3.348385998979211">
<ele>350</ele>
</trkpt>
<trkpt lat="39.762703003361821" lon="3.34861901588738">
<ele>351</ele>
</trkpt>
<trkpt lat="39.762691017240286" lon="3.348746001720429">
<ele>350</ele>
</trkpt>
<trkpt lat="39.762717001140118" lon="3.348954040557146">
<ele>350</ele>
</trkpt>
<trkpt lat="39.76280702278018" lon="3.349127965047956">
<ele>351</ele>
</trkpt>
<trkpt lat="39.762824038043618" lon="3.349144980311394">
<ele>353</ele>
</trkpt>
<trkpt lat="39.763086978346109" lon="3.349183034151793">
<ele>353</ele>
</trkpt>
<trkpt lat="39.763224022462964" lon="3.349127965047956">
<ele>352</ele>
</trkpt>
<trkpt lat="39.763305997475982" lon="3.349099969491363">
<ele>353</ele>
</trkpt>
<trkpt lat="39.763307003304362" lon="3.349103992804885">
<ele>354</ele>
</trkpt>
<trkpt lat="39.763307003304362" lon="3.349103992804885">
<ele>354</ele>
</trkpt>
<trkpt lat="39.763307003304362" lon="3.349103992804885">
<ele>354</ele>
</trkpt>
<trkpt lat="39.763307003304362" lon="3.349103992804885">
<ele>355</ele>
</trkpt>
<trkpt lat="39.76332301273942" lon="3.349070968106389">
<ele>356</ele>
</trkpt>
<trkpt lat="39.763400964438915" lon="3.348968038335443">
<ele>357</ele>
</trkpt>
<trkpt lat="39.763477994129062" lon="3.348879022523761">
<ele>358</ele>
</trkpt>
<trkpt lat="39.763524010777473" lon="3.34883501753211">
<ele>358</ele>
</trkpt>
<trkpt lat="39.763617971912026" lon="3.348759999498725">
<ele>360</ele>
</trkpt>
<trkpt lat="39.763715034350753" lon="3.348739966750145">
<ele>361</ele>
</trkpt>
<trkpt lat="39.763827016577125" lon="3.348802998661995">
<ele>362</ele>
</trkpt>
<trkpt lat="39.763894993811846" lon="3.348923027515411">
<ele>363</ele>
</trkpt>
<trkpt lat="39.76394897326827" lon="3.349016988649964">
<ele>363</ele>
</trkpt>
<trkpt lat="39.763959031552076" lon="3.349036015570164">
<ele>364</ele>
</trkpt>
<trkpt lat="39.764062967151403" lon="3.349147997796536">
<ele>366</ele>
</trkpt>
<trkpt lat="39.764095991849899" lon="3.349172975867987">
<ele>368</ele>
</trkpt>
<trkpt lat="39.764260025694966" lon="3.349254028871656">
<ele>368</ele>
</trkpt>
<trkpt lat="39.764364967122674" lon="3.349276995286346">
<ele>370</ele>
</trkpt>
<trkpt lat="39.764387011528015" lon="3.349279006943107">
<ele>371</ele>
</trkpt>
<trkpt lat="39.764598989859223" lon="3.349213963374496">
<ele>372</ele>
</trkpt>
<trkpt lat="39.764739973470569" lon="3.349139029160142">
<ele>374</ele>
</trkpt>
<trkpt lat="39.764812979847193" lon="3.349095024168491">
<ele>375</ele>
</trkpt>
<trkpt lat="39.764964021742344" lon="3.349025035277009">
<ele>377</ele>
</trkpt>
<trkpt lat="39.765097964555025" lon="3.348997039720416">
<ele>378</ele>
</trkpt>
<trkpt lat="39.765122020617127" lon="3.348997039720416">
<ele>379</ele>
</trkpt>
<trkpt lat="39.76523601450026" lon="3.34900701418519">
<ele>379</ele>
</trkpt>
<trkpt lat="39.765340033918619" lon="3.349031992256641">
<ele>380</ele>
</trkpt>
<trkpt lat="39.765469031408429" lon="3.34906904026866">
<ele>382</ele>
</trkpt>
<trkpt lat="39.765499960631132" lon="3.34907197393477">
<ele>383</ele>
</trkpt>
<trkpt lat="39.765644967556" lon="3.34907197393477">
<ele>385</ele>
</trkpt>
<trkpt lat="39.765721997246146" lon="3.349019000306726">
<ele>385</ele>
</trkpt>
<trkpt lat="39.765806989744306" lon="3.348924033343792">
<ele>386</ele>
</trkpt>
<trkpt lat="39.765821993350983" lon="3.348892014473677">
<ele>387</ele>
</trkpt>
<trkpt lat="39.765888964757323" lon="3.348625972867012">
<ele>389</ele>
</trkpt>
<trkpt lat="39.765872033312917" lon="3.348495969548821">
<ele>389</ele>
</trkpt>
<trkpt lat="39.765811013057828" lon="3.348350040614605">
<ele>390</ele>
</trkpt>
<trkpt lat="39.765741024166346" lon="3.348236968740821">
<ele>391</ele>
</trkpt>
<trkpt lat="39.765640022233129" lon="3.348097996786237">
<ele>392</ele>
</trkpt>
<trkpt lat="39.765548994764686" lon="3.347961958497763">
<ele>393</ele>
</trkpt>
<trkpt lat="39.765448998659849" lon="3.347815023735166">
<ele>394</ele>
</trkpt>
<trkpt lat="39.765441035851836" lon="3.347807982936502">
<ele>395</ele>
</trkpt>
<trkpt lat="39.765345985069871" lon="3.34767596796155">
<ele>396</ele>
</trkpt>
<trkpt lat="39.765330981463194" lon="3.347658030688763">
<ele>397</ele>
</trkpt>
<trkpt lat="39.765249006450176" lon="3.347532972693443">
<ele>398</ele>
</trkpt>
<trkpt lat="39.765162002295256" lon="3.347386037930846">
<ele>397</ele>
</trkpt>
<trkpt lat="39.765087990090251" lon="3.347263997420669">
<ele>399</ele>
</trkpt>
<trkpt lat="39.76502001285553" lon="3.347097029909492">
<ele>400</ele>
</trkpt>
<trkpt lat="39.765009032562375" lon="3.347072973847389">
<ele>400</ele>
</trkpt>
<trkpt lat="39.764953963458538" lon="3.346929978579283">
<ele>399</ele>
</trkpt>
<trkpt lat="39.764909958466887" lon="3.346786983311176">
<ele>400</ele>
</trkpt>
<trkpt lat="39.764875005930662" lon="3.346667038276792">
<ele>401</ele>
</trkpt>
<trkpt lat="39.764864025637507" lon="3.346609035506845">
<ele>402</ele>
</trkpt>
<trkpt lat="39.76482798345387" lon="3.346446007490158">
<ele>402</ele>
</trkpt>
<trkpt lat="39.764804011210799" lon="3.34627996198833">
<ele>402</ele>
</trkpt>
<trkpt lat="39.764793030917645" lon="3.346223970875144">
<ele>403</ele>
</trkpt>
<trkpt lat="39.76476201787591" lon="3.346092039719224">
<ele>404</ele>
</trkpt>
<trkpt lat="39.764748020097613" lon="3.346054991707206">
<ele>405</ele>
</trkpt>
<trkpt lat="39.764694962650537" lon="3.345728013664484">
<ele>406</ele>
</trkpt>
<trkpt lat="39.764694040641189" lon="3.345715021714568">
<ele>407</ele>
</trkpt>
<trkpt lat="39.764713989570737" lon="3.345494996756315">
<ele>407</ele>
</trkpt>
<trkpt lat="39.7647849842906" lon="3.345330040901899">
<ele>408</ele>
</trkpt>
<trkpt lat="39.764861008152366" lon="3.345226021483541">
<ele>409</ele>
</trkpt>
<trkpt lat="39.764958992600441" lon="3.345135999843478">
<ele>409</ele>
</trkpt>
<trkpt lat="39.764987993985415" lon="3.345100041478872">
<ele>410</ele>
</trkpt>
<trkpt lat="39.765101987868547" lon="3.345040027052164">
<ele>412</ele>
</trkpt>
<trkpt lat="39.765245988965034" lon="3.345024017617106">
<ele>413</ele>
</trkpt>
<trkpt lat="39.765295023098588" lon="3.345016976818442">
<ele>415</ele>
</trkpt>
<trkpt lat="39.765418991446495" lon="3.345007002353668">
<ele>415</ele>
</trkpt>
<trkpt lat="39.765533991158009" lon="3.344982024282217">
<ele>416</ele>
</trkpt>
<trkpt lat="39.765561986714602" lon="3.344974983483553">
<ele>417</ele>
</trkpt>
<trkpt lat="39.765734989196062" lon="3.344911029562354">
<ele>419</ele>
</trkpt>
<trkpt lat="39.765863986685872" lon="3.344847997650504">
<ele>420</ele>
</trkpt>
<trkpt lat="39.765918971970677" lon="3.344803992658854">
<ele>421</ele>
</trkpt>
<trkpt lat="39.766014022752643" lon="3.344720005989075">
<ele>422</ele>
</trkpt>
<trkpt lat="39.76609499193728" lon="3.344605006277561">
<ele>423</ele>
</trkpt>
<trkpt lat="39.766157018020749" lon="3.344483971595764">
<ele>424</ele>
</trkpt>
<trkpt lat="39.766164980828762" lon="3.344462011009455">
<ele>426</ele>
</trkpt>
<trkpt lat="39.766246033832431" lon="3.344265958294272">
<ele>427</ele>
</trkpt>
<trkpt lat="39.766274029389024" lon="3.344183983281255">
<ele>428</ele>
</trkpt>
<trkpt lat="39.766321973875165" lon="3.344082981348038">
<ele>429</ele>
</trkpt>
<trkpt lat="39.766325997188687" lon="3.344041993841529">
<ele>429</ele>
</trkpt>
<trkpt lat="39.766401015222073" lon="3.343854993581772">
<ele>431</ele>
</trkpt>
<trkpt lat="39.766411995515227" lon="3.343818029388785">
<ele>433</ele>
</trkpt>
<trkpt lat="39.766476033255458" lon="3.343677967786789">
<ele>434</ele>
</trkpt>
<trkpt lat="39.766515009105206" lon="3.343591969460249">
<ele>435</ele>
</trkpt>
<trkpt lat="39.766540993005037" lon="3.343432964757085">
<ele>434</ele>
</trkpt>
<trkpt lat="39.766509979963303" lon="3.343286029994488">
<ele>435</ele>
</trkpt>
<trkpt lat="39.766397997736931" lon="3.343158038333058">
<ele>435</ele>
</trkpt>
<trkpt lat="39.766299007460475" lon="3.343102969229221">
<ele>437</ele>
</trkpt>
<trkpt lat="39.766164980828762" lon="3.343103975057602">
<ele>437</ele>
</trkpt>
<trkpt lat="39.766156012192369" lon="3.343100035563111">
<ele>437</ele>
</trkpt>
<trkpt lat="39.766111001372337" lon="3.343048989772797">
<ele>438</ele>
</trkpt>
<trkpt lat="39.766026008874178" lon="3.342825025320053">
<ele>438</ele>
</trkpt>
<trkpt lat="39.766013016924262" lon="3.342827958986163">
<ele>439</ele>
</trkpt>
<trkpt lat="39.766013016924262" lon="3.342827958986163">
<ele>439</ele>
</trkpt>
<trkpt lat="39.766013016924262" lon="3.342827958986163">
<ele>440</ele>
</trkpt>
<trkpt lat="39.766005976125598" lon="3.342830976471305">
<ele>440</ele>
</trkpt>
<trkpt lat="39.76594696752727" lon="3.342856960371137">
<ele>441</ele>
</trkpt>
<trkpt lat="39.76594696752727" lon="3.342856960371137">
<ele>445</ele>
</trkpt>
<trkpt lat="39.76594696752727" lon="3.342856960371137">
<ele>448</ele>
</trkpt>
<trkpt lat="39.76594302803278" lon="3.342856038361788">
<ele>452</ele>
</trkpt>
<trkpt lat="39.765941016376019" lon="3.342853020876646">
<ele>456</ele>
</trkpt>
<trkpt lat="39.765941016376019" lon="3.342853020876646">
<ele>459</ele>
</trkpt>
<trkpt lat="39.765940010547638" lon="3.342851009219885">
<ele>462</ele>
</trkpt>
<trkpt lat="39.766057021915913" lon="3.342869030311704">
<ele>466</ele>
</trkpt>
<trkpt lat="39.766086023300886" lon="3.342909011989832">
<ele>469</ele>
</trkpt>
<trkpt lat="39.766132961958647" lon="3.343105986714363">
<ele>473</ele>
</trkpt>
<trkpt lat="39.766218038275838" lon="3.343103975057602">
<ele>477</ele>
</trkpt>
<trkpt lat="39.766379976645112" lon="3.343148985877633">
<ele>474</ele>
</trkpt>
<trkpt lat="39.766476033255458" lon="3.343256022781134">
<ele>473</ele>
</trkpt>
<trkpt lat="39.766483996063471" lon="3.343294998630881">
<ele>471</ele>
</trkpt>
<trkpt lat="39.766519032418728" lon="3.34342097863555">
<ele>470</ele>
</trkpt>
<trkpt lat="39.766490031033754" lon="3.343633962795138">
<ele>467</ele>
</trkpt>
<trkpt lat="39.766415013000369" lon="3.34380897693336">
<ele>465</ele>
</trkpt>
<trkpt lat="39.766343012452126" lon="3.343996983021498">
<ele>464</ele>
</trkpt>
<trkpt lat="39.766304958611727" lon="3.344082981348038">
<ele>461</ele>
</trkpt>
<trkpt lat="39.766241004690528" lon="3.344265958294272">
<ele>460</ele>
</trkpt>
<trkpt lat="39.766189958900213" lon="3.344405014067888">
<ele>458</ele>
</trkpt>
<trkpt lat="39.766105972230434" lon="3.344579022377729">
<ele>456</ele>
</trkpt>
<trkpt lat="39.766019973903894" lon="3.344710031524301">
<ele>455</ele>
</trkpt>
<trkpt lat="39.765960965305567" lon="3.344778008759022">
<ele>453</ele>
</trkpt>
<trkpt lat="39.765887958928943" lon="3.344823019579053">
<ele>451</ele>
</trkpt>
<trkpt lat="39.765762984752655" lon="3.344882028177381">
<ele>450</ele>
</trkpt>
<trkpt lat="39.76564303971827" lon="3.344914969056845">
<ele>449</ele>
</trkpt>
<trkpt lat="39.765600040555" lon="3.344928966835141">
<ele>447</ele>
</trkpt>
<trkpt lat="39.765514964237809" lon="3.344965009018779">
<ele>445</ele>
</trkpt>
<trkpt lat="39.765352020040154" lon="3.344998033717275">
<ele>444</ele>
</trkpt>
<trkpt lat="39.765342967584729" lon="3.345000967383385">
<ele>442</ele>
</trkpt>
<trkpt lat="39.765223022550344" lon="3.345008008182049">
<ele>441</ele>
</trkpt>
<trkpt lat="39.765078015625477" lon="3.345033992081881">
<ele>439</ele>
</trkpt>
<trkpt lat="39.765013977885246" lon="3.345056958496571">
<ele>437</ele>
</trkpt>
<trkpt lat="39.764813985675573" lon="3.345278995111585">
<ele>435</ele>
</trkpt>
<trkpt lat="39.764708038419485" lon="3.345464989542961">
<ele>434</ele>
</trkpt>
<trkpt lat="39.764678031206131" lon="3.345689037814736">
<ele>432</ele>
</trkpt>
<trkpt lat="39.764686999842525" lon="3.345807977020741">
<ele>430</ele>
</trkpt>
<trkpt lat="39.764708960428834" lon="3.345876038074493">
<ele>429</ele>
</trkpt>
<trkpt lat="39.76476302370429" lon="3.346109976992011">
<ele>426</ele>
</trkpt>
<trkpt lat="39.764765035361052" lon="3.346121963113546">
<ele>425</ele>
</trkpt>
<trkpt lat="39.764811974018812" lon="3.34636403247714">
<ele>424</ele>
</trkpt>
<trkpt lat="39.764850027859211" lon="3.346599983051419">
<ele>423</ele>
</trkpt>
<trkpt lat="39.764905013144016" lon="3.346820008009672">
<ele>421</ele>
</trkpt>
<trkpt lat="39.764933008700609" lon="3.346884967759252">
<ele>420</ele>
</trkpt>
<trkpt lat="39.765019007027149" lon="3.347127037122846">
<ele>419</ele>
</trkpt>
<trkpt lat="39.765025964006782" lon="3.347154026851058">
<ele>417</ele>
</trkpt>
<trkpt lat="39.765144987031817" lon="3.347349995747209">
<ele>416</ele>
</trkpt>
<trkpt lat="39.765188992023468" lon="3.347442029044032">
<ele>415</ele>
</trkpt>
<trkpt lat="39.765314972028136" lon="3.347612014040351">
<ele>413</ele>
</trkpt>
<trkpt lat="39.765417985618114" lon="3.347758026793599">
<ele>412</ele>
</trkpt>
<trkpt lat="39.765538014471531" lon="3.347917031496763">
<ele>411</ele>
</trkpt>
<trkpt lat="39.765656031668186" lon="3.348089028149843">
<ele>409</ele>
</trkpt>
<trkpt lat="39.76568503305316" lon="3.348134038969874">
<ele>407</ele>
</trkpt>
<trkpt lat="39.765803972259164" lon="3.348310980945826">
<ele>406</ele>
</trkpt>
<trkpt lat="39.765868009999394" lon="3.348465040326119">
<ele>404</ele>
</trkpt>
<trkpt lat="39.765885025262833" lon="3.348669977858663">
<ele>403</ele>
</trkpt>
<trkpt lat="39.765849988907576" lon="3.348818002268672">
<ele>402</ele>
</trkpt>
<trkpt lat="39.76581797003746" lon="3.348877010867">
<ele>399</ele>
</trkpt>
<trkpt lat="39.765727026388049" lon="3.349005002528429">
<ele>398</ele>
</trkpt>
<trkpt lat="39.765634993091226" lon="3.349054036661983">
<ele>397</ele>
</trkpt>
<trkpt lat="39.765543965622783" lon="3.349054958671331">
<ele>395</ele>
</trkpt>
<trkpt lat="39.765499960631132" lon="3.349056970328093">
<ele>393</ele>
</trkpt>
<trkpt lat="39.765341961756349" lon="3.349023023620248">
<ele>392</ele>
</trkpt>
<trkpt lat="39.76523601450026" lon="3.348987987264991">
<ele>389</ele>
</trkpt>
<trkpt lat="39.7650630120188" lon="3.348971977829933">
<ele>388</ele>
</trkpt>
<trkpt lat="39.764901995658875" lon="3.349026963114739">
<ele>387</ele>
</trkpt>
<trkpt lat="39.764883974567056" lon="3.349036015570164">
<ele>384</ele>
</trkpt>
<trkpt lat="39.764750031754375" lon="3.349123019725084">
<ele>383</ele>
</trkpt>
<trkpt lat="39.764727987349033" lon="3.349132994189858">
<ele>382</ele>
</trkpt>
<trkpt lat="39.764512991532683" lon="3.349209018051624">
<ele>381</ele>
</trkpt>
<trkpt lat="39.764373013749719" lon="3.349228966981173">
<ele>378</ele>
</trkpt>
<trkpt lat="39.764242004603148" lon="3.349217986688018">
<ele>377</ele>
</trkpt>
<trkpt lat="39.764107977971435" lon="3.34915897808969">
<ele>375</ele>
</trkpt>
<trkpt lat="39.764007981866598" lon="3.349082032218576">
<ele>373</ele>
</trkpt>
<trkpt lat="39.763970011845231" lon="3.349015982821584">
<ele>371</ele>
</trkpt>
<trkpt lat="39.763843026012182" lon="3.348832000046969">
<ele>369</ele>
</trkpt>
<trkpt lat="39.763777982443571" lon="3.348751030862331">
<ele>367</ele>
</trkpt>
<trkpt lat="39.763619983568788" lon="3.348755976185203">
<ele>365</ele>
</trkpt>
<trkpt lat="39.763574972748756" lon="3.348773997277021">
<ele>364</ele>
</trkpt>
<trkpt lat="39.763466008007526" lon="3.348902994766831">
<ele>361</ele>
</trkpt>
<trkpt lat="39.763440024107695" lon="3.348923027515411">
<ele>361</ele>
</trkpt>
<trkpt lat="39.763338016346097" lon="3.349052025005221">
<ele>360</ele>
</trkpt>
<trkpt lat="39.76334597915411" lon="3.349107010290027">
<ele>359</ele>
</trkpt>
<trkpt lat="39.76338897831738" lon="3.349147997796536">
<ele>359</ele>
</trkpt>
<trkpt lat="39.763469025492668" lon="3.349228966981173">
<ele>359</ele>
</trkpt>
<trkpt lat="39.763559969142079" lon="3.349401969462633">
<ele>357</ele>
</trkpt>
<trkpt lat="39.763564998283982" lon="3.349412027746439">
<ele>357</ele>
</trkpt>
<trkpt lat="39.763601962476969" lon="3.3495660033077">
<ele>357</ele>
</trkpt>
<trkpt lat="39.763650996610522" lon="3.349630041047931">
<ele>355</ele>
</trkpt>
<trkpt lat="39.763785023242235" lon="3.349730959162116">
<ele>355</ele>
</trkpt>
<trkpt lat="39.763873033225536" lon="3.349763983860612">
<ele>355</ele>
</trkpt>
<trkpt lat="39.763941010460258" lon="3.349782004952431">
<ele>355</ele>
</trkpt>
<trkpt lat="39.76405399851501" lon="3.349826009944081">
<ele>355</ele>
</trkpt>
<trkpt lat="39.764106972143054" lon="3.34984302520752">
<ele>355</ele>
</trkpt>
<trkpt lat="39.764217026531696" lon="3.34988602437079">
<ele>355</ele>
</trkpt>
<trkpt lat="39.764260025694966" lon="3.34988996386528">
<ele>355</ele>
</trkpt>
<trkpt lat="39.764337977394462" lon="3.349894993007183">
<ele>355</ele>
</trkpt>
<trkpt lat="39.764561019837856" lon="3.349875966086984">
<ele>355</ele>
</trkpt>
<trkpt lat="39.764737039804459" lon="3.34984302520752">
<ele>355</ele>
</trkpt>
<trkpt lat="39.764903001487255" lon="3.349879989400506">
<ele>355</ele>
</trkpt>
<trkpt lat="39.765024036169052" lon="3.350010998547077">
<ele>355</ele>
</trkpt>
<trkpt lat="39.765050020068884" lon="3.350056009367108">
<ele>354</ele>
</trkpt>
<trkpt lat="39.765098970383406" lon="3.350177966058254">
<ele>353</ele>
</trkpt>
<trkpt lat="39.765180023387074" lon="3.350361026823521">
<ele>353</ele>
</trkpt>
<trkpt lat="39.765183962881565" lon="3.350373012945056">
<ele>352</ele>
</trkpt>
<trkpt lat="39.765268033370376" lon="3.350545009598136">
<ele>352</ele>
</trkpt>
<trkpt lat="39.765282031148672" lon="3.350569987669587">
<ele>352</ele>
</trkpt>
<trkpt lat="39.765433995053172" lon="3.350820019841194">
<ele>350</ele>
</trkpt>
<trkpt lat="39.765566010028124" lon="3.350918004289269">
<ele>350</ele>
</trkpt>
<trkpt lat="39.765740018337965" lon="3.350911969318986">
<ele>350</ele>
</trkpt>
<trkpt lat="39.765832973644137" lon="3.350906018167734">
<ele>348</ele>
</trkpt>
<trkpt lat="39.765832973644137" lon="3.350906018167734">
<ele>348</ele>
</trkpt>
<trkpt lat="39.765975968912244" lon="3.350699990987778">
<ele>347</ele>
</trkpt>
<trkpt lat="39.766027014702559" lon="3.350571999326348">
<ele>346</ele>
</trkpt>
<trkpt lat="39.766031038016081" lon="3.350516008213162">
<ele>345</ele>
</trkpt>
<trkpt lat="39.766068002209067" lon="3.350395979359746">
<ele>344</ele>
</trkpt>
<trkpt lat="39.766074037179351" lon="3.350384999066591">
<ele>343</ele>
</trkpt>
<trkpt lat="39.766133967787027" lon="3.350199004635215">
<ele>342</ele>
</trkpt>
<trkpt lat="39.766208985820413" lon="3.350060032680631">
<ele>342</ele>
</trkpt>
<trkpt lat="39.766294984146953" lon="3.349927011877298">
<ele>340</ele>
</trkpt>
<trkpt lat="39.76637301966548" lon="3.349816035479307">
<ele>339</ele>
</trkpt>
<trkpt lat="39.766418030485511" lon="3.349739005789161">
<ele>339</ele>
</trkpt>
<trkpt lat="39.766517020761967" lon="3.349613025784493">
<ele>337</ele>
</trkpt>
<trkpt lat="39.766606958582997" lon="3.349486039951444">
<ele>337</ele>
</trkpt>
<trkpt lat="39.766756994649768" lon="3.349368022754788">
<ele>336</ele>
</trkpt>
<trkpt lat="39.766830001026392" lon="3.349348995834589">
<ele>335</ele>
</trkpt>
<trkpt lat="39.766940977424383" lon="3.349362993612886">
<ele>334</ele>
</trkpt>
<trkpt lat="39.767098976299167" lon="3.349369028583169">
<ele>333</ele>
</trkpt>
<trkpt lat="39.767155973240733" lon="3.349363999441266">
<ele>333</ele>
</trkpt>
<trkpt lat="39.767269967123866" lon="3.34937397390604">
<ele>331</ele>
</trkpt>
<trkpt lat="39.767351020127535" lon="3.349428037181497">
<ele>330</ele>
</trkpt>
<trkpt lat="39.76747096516192" lon="3.349567009136081">
<ele>330</ele>
</trkpt>
<trkpt lat="39.767567021772265" lon="3.349668011069298">
<ele>328</ele>
</trkpt>
<trkpt lat="39.767685038968921" lon="3.349771024659276">
<ele>327</ele>
</trkpt>
<trkpt lat="39.767717979848385" lon="3.349788961932063">
<ele>327</ele>
</trkpt>
<trkpt lat="39.767759973183274" lon="3.349807988852263">
<ele>325</ele>
</trkpt>
<trkpt lat="39.767888970673084" lon="3.349942015483975">
<ele>325</ele>
</trkpt>
<trkpt lat="39.767906991764903" lon="3.349966993555427">
<ele>324</ele>
</trkpt>
<trkpt lat="39.767913026735187" lon="3.349945032969117">
<ele>324</ele>
</trkpt>
<trkpt lat="39.767966000363231" lon="3.349990965798497">
<ele>324</ele>
</trkpt>
<trkpt lat="39.768063984811306" lon="3.350061038509011">
<ele>324</ele>
</trkpt>
<trkpt lat="39.768102960661054" lon="3.350114012137055">
<ele>324</ele>
</trkpt>
<trkpt lat="39.768183007836342" lon="3.350229011848569">
<ele>324</ele>
</trkpt>
<trkpt lat="39.768238998949528" lon="3.350278967991471">
<ele>324</ele>
</trkpt>
<trkpt lat="39.768244028091431" lon="3.350320039317012">
<ele>324</ele>
</trkpt>
<trkpt lat="39.768332960084081" lon="3.350450964644551">
<ele>324</ele>
</trkpt>
<trkpt lat="39.768352992832661" lon="3.350491030141711">
<ele>324</ele>
</trkpt>
<trkpt lat="39.768367996439338" lon="3.350521037355065">
<ele>324</ele>
</trkpt>
<trkpt lat="39.768417030572891" lon="3.350578034296632">
<ele>322</ele>
</trkpt>
<trkpt lat="39.768475033342838" lon="3.350680964067578">
<ele>321</ele>
</trkpt>
<trkpt lat="39.768567988649011" lon="3.35072698071599">
<ele>319</ele>
</trkpt>
<trkpt lat="39.768637977540493" lon="3.350882967934012">
<ele>318</ele>
</trkpt>
<trkpt lat="39.768784996122122" lon="3.350834017619491">
<ele>316</ele>
</trkpt>
<trkpt lat="39.768877029418945" lon="3.350788000971079">
<ele>314</ele>
</trkpt>
<trkpt lat="39.768837969750166" lon="3.35094197653234">
<ele>313</ele>
</trkpt>
<trkpt lat="39.768818020820618" lon="3.351043984293938">
<ele>311</ele>
</trkpt>
<trkpt lat="39.768746020272374" lon="3.351171975955367">
<ele>310</ele>
</trkpt>
<trkpt lat="39.768725987523794" lon="3.351189997047186">
<ele>308</ele>
</trkpt>
<trkpt lat="39.768588021397591" lon="3.351212963461876">
<ele>307</ele>
</trkpt>
<trkpt lat="39.768527001142502" lon="3.35119703784585">
<ele>306</ele>
</trkpt>
<trkpt lat="39.768365984782577" lon="3.351212963461876">
<ele>305</ele>
</trkpt>
<trkpt lat="39.768455000594258" lon="3.351282030344009">
<ele>304</ele>
</trkpt>
<trkpt lat="39.768554996699095" lon="3.351341960951686">
<ele>302</ele>
</trkpt>
<trkpt lat="39.768573017790914" lon="3.351353025063872">
<ele>301</ele>
</trkpt>
<trkpt lat="39.768734034150839" lon="3.3514120336622">
<ele>300</ele>
</trkpt>
<trkpt lat="39.768735961988568" lon="3.351466013118625">
<ele>299</ele>
</trkpt>
<trkpt lat="39.768685000017285" lon="3.35147799924016">
<ele>298</ele>
</trkpt>
<trkpt lat="39.768658010289073" lon="3.351559974253178">
<ele>297</ele>
</trkpt>
<trkpt lat="39.768803017213941" lon="3.351608002558351">
<ele>296</ele>
</trkpt>
<trkpt lat="39.768850039690733" lon="3.351559974253178">
<ele>295</ele>
</trkpt>
<trkpt lat="39.768893038854003" lon="3.351567015051842">
<ele>294</ele>
</trkpt>
<trkpt lat="39.768826989457011" lon="3.351668016985059">
<ele>293</ele>
</trkpt>
<trkpt lat="39.768793964758515" lon="3.351686960086227">
<ele>292</ele>
</trkpt>
<trkpt lat="39.768706960603595" lon="3.351728031411767">
<ele>290</ele>
</trkpt>
<trkpt lat="39.768692962825298" lon="3.351732976734638">
<ele>289</ele>
</trkpt>
<trkpt lat="39.768585003912449" lon="3.351874966174364">
<ele>288</ele>
</trkpt>
<trkpt lat="39.76865298114717" lon="3.351982003077865">
<ele>287</ele>
</trkpt>
<trkpt lat="39.768733028322458" lon="3.351986026391387">
<ele>286</ele>
</trkpt>
<trkpt lat="39.768841993063688" lon="3.352001029998064">
<ele>284</ele>
</trkpt>
<trkpt lat="39.76895104162395" lon="3.352102031931281">
<ele>283</ele>
</trkpt>
<trkpt lat="39.768935032188892" lon="3.352181995287538">
<ele>281</ele>
</trkpt>
<trkpt lat="39.768975013867021" lon="3.352233041077852">
<ele>279</ele>
</trkpt>
<trkpt lat="39.769018013030291" lon="3.352237986400724">
<ele>278</ele>
</trkpt>
<trkpt lat="39.769238959997892" lon="3.352218959480524">
<ele>276</ele>
</trkpt>
<trkpt lat="39.76929796859622" lon="3.352172020822763">
<ele>274</ele>
</trkpt>
<trkpt lat="39.769423026591539" lon="3.352064983919263">
<ele>272</ele>
</trkpt>
<trkpt lat="39.769433001056314" lon="3.352184006944299">
<ele>271</ele>
</trkpt>
<trkpt lat="39.769438030198216" lon="3.352259024977684">
<ele>269</ele>
</trkpt>
<trkpt lat="39.769414979964495" lon="3.352411994710565">
<ele>269</ele>
</trkpt>
<trkpt lat="39.769422020763159" lon="3.35248701274395">
<ele>268</ele>
</trkpt>
<trkpt lat="39.769436018541455" lon="3.352549038827419">
<ele>267</ele>
</trkpt>
<trkpt lat="39.769355971366167" lon="3.352617016062141">
<ele>266</ele>
</trkpt>
<trkpt lat="39.769288999959826" lon="3.352696979418397">
<ele>265</ele>
</trkpt>
<trkpt lat="39.769197972491384" lon="3.352754982188344">
<ele>265</ele>
</trkpt>
<trkpt lat="39.769182968884706" lon="3.352773003280163">
<ele>264</ele>
</trkpt>
<trkpt lat="39.769106023013592" lon="3.352869981899858">
<ele>263</ele>
</trkpt>
<trkpt lat="39.769010972231627" lon="3.352962015196681">
<ele>262</ele>
</trkpt>
<trkpt lat="39.768993034958839" lon="3.352970983833075">
<ele>261</ele>
</trkpt>
<trkpt lat="39.7688880097121" lon="3.353061005473137">
<ele>260</ele>
</trkpt>
<trkpt lat="39.768862025812268" lon="3.353076009079814">
<ele>260</ele>
</trkpt>
<trkpt lat="39.768750965595245" lon="3.3531129732728">
<ele>259</ele>
</trkpt>
<trkpt lat="39.768722970038652" lon="3.35313300602138">
<ele>258</ele>
</trkpt>
<trkpt lat="39.768618028610945" lon="3.353153960779309">
<ele>257</ele>
</trkpt>
<trkpt lat="39.768607970327139" lon="3.353345990180969">
<ele>257</ele>
</trkpt>
<trkpt lat="39.768546028062701" lon="3.353383038192987">
<ele>256</ele>
</trkpt>
<trkpt lat="39.768517026677728" lon="3.353426037356257">
<ele>255</ele>
</trkpt>
<trkpt lat="39.768485007807612" lon="3.353538019582629">
<ele>255</ele>
</trkpt>
<trkpt lat="39.768450977280736" lon="3.353651007637382">
<ele>254</ele>
</trkpt>
<trkpt lat="39.768447959795594" lon="3.353728959336877">
<ele>253</ele>
</trkpt>
<trkpt lat="39.768497999757528" lon="3.353849994018674">
<ele>253</ele>
</trkpt>
<trkpt lat="39.768500011414289" lon="3.353916965425015">
<ele>252</ele>
</trkpt>
<trkpt lat="39.768487019464374" lon="3.354008998721838">
<ele>252</ele>
</trkpt>
<trkpt lat="39.768476039171219" lon="3.354042023420334">
<ele>251</ele>
</trkpt>
<trkpt lat="39.768457012251019" lon="3.354127015918493">
<ele>250</ele>
</trkpt>
<trkpt lat="39.768445026129484" lon="3.354273028671742">
<ele>250</ele>
</trkpt>
<trkpt lat="39.768431028351188" lon="3.354413006454706">
<ele>249</ele>
</trkpt>
<trkpt lat="39.768429016694427" lon="3.354423986747861">
<ele>249</ele>
</trkpt>
<trkpt lat="39.768539993092418" lon="3.35461400449276">
<ele>248</ele>
</trkpt>
<trkpt lat="39.768646024167538" lon="3.354650968685746">
<ele>248</ele>
</trkpt>
<trkpt lat="39.768694974482059" lon="3.354677958413959">
<ele>247</ele>
</trkpt>
<trkpt lat="39.768746020272374" lon="3.35472397506237">
<ele>247</ele>
</trkpt>
<trkpt lat="39.768850961700082" lon="3.354749036952853">
<ele>246</ele>
</trkpt>
<trkpt lat="39.768908964470029" lon="3.354867976158857">
<ele>246</ele>
</trkpt>
<trkpt lat="39.768936038017273" lon="3.354885997250676">
<ele>246</ele>
</trkpt>
<trkpt lat="39.769071992486715" lon="3.354887003079057">
<ele>245</ele>
</trkpt>
<trkpt lat="39.769181041046977" lon="3.354810979217291">
<ele>245</ele>
</trkpt>
<trkpt lat="39.769256981089711" lon="3.354877028614283">
<ele>244</ele>
</trkpt>
<trkpt lat="39.769281959161162" lon="3.354930002242327">
<ele>244</ele>
</trkpt>
<trkpt lat="39.769304003566504" lon="3.354968978092074">
<ele>244</ele>
</trkpt>
<trkpt lat="39.769376004114747" lon="3.355063023045659">
<ele>243</ele>
</trkpt>
<trkpt lat="39.769380027428269" lon="3.355061011388898">
<ele>243</ele>
</trkpt>
<trkpt lat="39.769380027428269" lon="3.355061011388898">
<ele>243</ele>
</trkpt>
<trkpt lat="39.769380027428269" lon="3.355061011388898">
<ele>243</ele>
</trkpt>
<trkpt lat="39.769380027428269" lon="3.355061011388898">
<ele>242</ele>
</trkpt>
<trkpt lat="39.769380027428269" lon="3.355061011388898">
<ele>242</ele>
</trkpt>
<trkpt lat="39.769380027428269" lon="3.355061011388898">
<ele>242</ele>
</trkpt>
<trkpt lat="39.769380027428269" lon="3.355061011388898">
<ele>241</ele>
</trkpt>
<trkpt lat="39.769380027428269" lon="3.355060005560517">
<ele>241</ele>
</trkpt>
<trkpt lat="39.769380027428269" lon="3.355060005560517">
<ele>240</ele>
</trkpt>
<trkpt lat="39.769380027428269" lon="3.355060005560517">
<ele>240</ele>
</trkpt>
<trkpt lat="39.76938396692276" lon="3.355048019438982">
<ele>239</ele>
</trkpt>
<trkpt lat="39.769502989947796" lon="3.355123959481716">
<ele>239</ele>
</trkpt>
<trkpt lat="39.769541965797544" lon="3.355213981121779">
<ele>238</ele>
</trkpt>
<trkpt lat="39.769534002989531" lon="3.355263015255332">
<ele>237</ele>
</trkpt>
<trkpt lat="39.769478011876345" lon="3.35545102134347">
<ele>237</ele>
</trkpt>
<trkpt lat="39.769453033804893" lon="3.355558980256319">
<ele>236</ele>
</trkpt>
<trkpt lat="39.769439036026597" lon="3.355617988854647">
<ele>236</ele>
</trkpt>
<trkpt lat="39.769568033516407" lon="3.355664005503058">
<ele>235</ele>
</trkpt>
<trkpt lat="39.769630981609225" lon="3.355669034644961">
<ele>234</ele>
</trkpt>
<trkpt lat="39.769598040729761" lon="3.355780011042953">
<ele>233</ele>
</trkpt>
<trkpt lat="39.769568033516407" lon="3.355918982997537">
<ele>232</ele>
</trkpt>
<trkpt lat="39.769580019637942" lon="3.355927029624581">
<ele>231</ele>
</trkpt>
<trkpt lat="39.769599968567491" lon="3.355923006311059">
<ele>231</ele>
</trkpt>
<trkpt lat="39.769655959680676" lon="3.355891993269324">
<ele>230</ele>
</trkpt>
<trkpt lat="39.769668029621243" lon="3.355929963290691">
<ele>229</ele>
</trkpt>
<trkpt lat="39.769650008529425" lon="3.355971034616232">
<ele>228</ele>
</trkpt>
<trkpt lat="39.769607009366155" lon="3.356135990470648">
<ele>227</ele>
</trkpt>
<trkpt lat="39.769609021022916" lon="3.356234980747104">
<ele>226</ele>
</trkpt>
<trkpt lat="39.769645985215902" lon="3.356365989893675">
<ele>224</ele>
</trkpt>
<trkpt lat="39.769714968279004" lon="3.356436984613538">
<ele>223</ele>
</trkpt>
<trkpt lat="39.769745981320739" lon="3.356574028730393">
<ele>221</ele>
</trkpt>
<trkpt lat="39.769785040989518" lon="3.356691040098667">
<ele>219</ele>
</trkpt>
<trkpt lat="39.769721003249288" lon="3.356810985133052">
<ele>217</ele>
</trkpt>
<trkpt lat="39.769731983542442" lon="3.356907963752747">
<ele>216</ele>
</trkpt>
<trkpt lat="39.769756961613894" lon="3.356960015371442">
<ele>214</ele>
</trkpt>
<trkpt lat="39.769791997969151" lon="3.357081972062588">
<ele>212</ele>
</trkpt>
<trkpt lat="39.769748998805881" lon="3.357165958732367">
<ele>211</ele>
</trkpt>
<trkpt lat="39.769796021282673" lon="3.35730099119246">
<ele>209</ele>
</trkpt>
<trkpt lat="39.769800966605544" lon="3.357325969263911">
<ele>208</ele>
</trkpt>
<trkpt lat="39.769879002124071" lon="3.357398975640535">
<ele>207</ele>
</trkpt>
<trkpt lat="39.769995007663965" lon="3.357525039464235">
<ele>206</ele>
</trkpt>
<trkpt lat="39.770033983513713" lon="3.357592010870576">
<ele>205</ele>
</trkpt>
<trkpt lat="39.770092992112041" lon="3.357628975063562">
<ele>204</ele>
</trkpt>
<trkpt lat="39.770159041509032" lon="3.357592010870576">
<ele>203</ele>
</trkpt>
<trkpt lat="39.7701779846102" lon="3.357580024749041">
<ele>202</ele>
</trkpt>
<trkpt lat="39.770202962681651" lon="3.357554040849209">
<ele>201</ele>
</trkpt>
<trkpt lat="39.770309999585152" lon="3.357516992837191">
<ele>200</ele>
</trkpt>
<trkpt lat="39.770312011241913" lon="3.357511963695288">
<ele>199</ele>
</trkpt>
<trkpt lat="39.770312011241913" lon="3.357511963695288">
<ele>198</ele>
</trkpt>
<trkpt lat="39.770290972664952" lon="3.357799965888262">
<ele>198</ele>
</trkpt>
<trkpt lat="39.770293990150094" lon="3.357899961993098">
<ele>197</ele>
</trkpt>
<trkpt lat="39.770303964614868" lon="3.357975985854864">
<ele>197</ele>
</trkpt>
<trkpt lat="39.770288038998842" lon="3.358076987788081">
<ele>196</ele>
</trkpt>
<trkpt lat="39.770305976271629" lon="3.358150999993086">
<ele>195</ele>
</trkpt>
<trkpt lat="39.770355010405183" lon="3.358293995261192">
<ele>195</ele>
</trkpt>
<trkpt lat="39.770374037325382" lon="3.358443025499582">
<ele>194</ele>
</trkpt>
<trkpt lat="39.770377976819873" lon="3.358474960550666">
<ele>194</ele>
</trkpt>
<trkpt lat="39.770403038710356" lon="3.358641006052494">
<ele>193</ele>
</trkpt>
<trkpt lat="39.77047897875309" lon="3.358766986057162">
<ele>192</ele>
</trkpt>
<trkpt lat="39.770496999844909" lon="3.3588030282408">
<ele>192</ele>
</trkpt>
<trkpt lat="39.770602025091648" lon="3.359004026278853">
<ele>191</ele>
</trkpt>
<trkpt lat="39.77058500982821" lon="3.359123971313238">
<ele>191</ele>
</trkpt>
<trkpt lat="39.770702021196485" lon="3.359266966581345">
<ele>190</ele>
</trkpt>
<trkpt lat="39.770725993439555" lon="3.359306026250124">
<ele>189</ele>
</trkpt>
<trkpt lat="39.770781984552741" lon="3.359397975727916">
<ele>189</ele>
</trkpt>
<trkpt lat="39.770778967067599" lon="3.359511969611049">
<ele>188</ele>
</trkpt>
<trkpt lat="39.770816015079618" lon="3.359753033146262">
<ele>188</ele>
</trkpt>
<trkpt lat="39.77082397788763" lon="3.359773987904191">
<ele>187</ele>
</trkpt>
<trkpt lat="39.770853985100985" lon="3.359840959310532">
<ele>187</ele>
</trkpt>
<trkpt lat="39.770892038941383" lon="3.359973980113864">
<ele>186</ele>
</trkpt>
<trkpt lat="39.770826995372772" lon="3.360129967331886">
<ele>186</ele>
</trkpt>
<trkpt lat="39.770817020907998" lon="3.360175983980298">
<ele>185</ele>
</trkpt>
<trkpt lat="39.770849039778113" lon="3.360346974804997">
<ele>185</ele>
</trkpt>
<trkpt lat="39.77086303755641" lon="3.360439008101821">
<ele>185</ele>
</trkpt>
<trkpt lat="39.770905030891299" lon="3.360660038888454">
<ele>184</ele>
</trkpt>
<trkpt lat="39.770921962335706" lon="3.360749976709485">
<ele>184</ele>
</trkpt>
<trkpt lat="39.77094903588295" lon="3.360860031098127">
<ele>183</ele>
</trkpt>
<trkpt lat="39.770955992862582" lon="3.360956003889442">
<ele>183</ele>
</trkpt>
<trkpt lat="39.770980970934033" lon="3.361203018575907">
<ele>182</ele>
</trkpt>
<trkpt lat="39.77097200229764" lon="3.361247023567557">
<ele>181</ele>
</trkpt>
<trkpt lat="39.77095297537744" lon="3.361293962225318">
<ele>180</ele>
</trkpt>
<trkpt lat="39.770921962335706" lon="3.361486997455359">
<ele>179</ele>
</trkpt>
<trkpt lat="39.770904025062919" lon="3.361561009660363">
<ele>179</ele>
</trkpt>
<trkpt lat="39.770738985389471" lon="3.361722026020289">
<ele>178</ele>
</trkpt>
<trkpt lat="39.770601019263268" lon="3.361739963293076">
<ele>177</ele>
</trkpt>
<trkpt lat="39.7704560123384" lon="3.36174800992012">
<ele>176</ele>
</trkpt>
<trkpt lat="39.770346041768789" lon="3.361761001870036">
<ele>175</ele>
</trkpt>
<trkpt lat="39.770314022898674" lon="3.361970968544483">
<ele>174</ele>
</trkpt>
<trkpt lat="39.770309999585152" lon="3.362097032368183">
<ele>173</ele>
</trkpt>
<trkpt lat="39.770286027342081" lon="3.362149000167847">
<ele>173</ele>
</trkpt>
<trkpt lat="39.770261971279979" lon="3.362254025414586">
<ele>172</ele>
</trkpt>
<trkpt lat="39.770216960459948" lon="3.362486958503723">
<ele>171</ele>
</trkpt>
<trkpt lat="39.770190976560116" lon="3.362567005679011">
<ele>171</ele>
</trkpt>
<trkpt lat="39.770159963518381" lon="3.362814020365477">
<ele>170</ele>
</trkpt>
<trkpt lat="39.770149989053607" lon="3.362840004265308">
<ele>169</ele>
</trkpt>
<trkpt lat="39.769997019320726" lon="3.362989034503698">
<ele>168</ele>
</trkpt>
<trkpt lat="39.769974974915385" lon="3.363119959831238">
<ele>168</ele>
</trkpt>
<trkpt lat="39.769948991015553" lon="3.363304026424885">
<ele>167</ele>
</trkpt>
<trkpt lat="39.769848994910717" lon="3.363504018634558">
<ele>167</ele>
</trkpt>
<trkpt lat="39.769740030169487" lon="3.363666040822864">
<ele>167</ele>
</trkpt>
<trkpt lat="39.769608015194535" lon="3.363836025819182">
<ele>166</ele>
</trkpt>
<trkpt lat="39.769497038796544" lon="3.364001987501979">
<ele>166</ele>
</trkpt>
<trkpt lat="39.769413974136114" lon="3.364173984155059">
<ele>166</ele>
</trkpt>
<trkpt lat="39.769292017444968" lon="3.364371964707971">
<ele>166</ele>
</trkpt>
<trkpt lat="39.7691660374403" lon="3.364602969959378">
<ele>166</ele>
</trkpt>
<trkpt lat="39.769079033285379" lon="3.364806985482574">
<ele>165</ele>
</trkpt>
<trkpt lat="39.76906000636518" lon="3.365043019875884">
<ele>165</ele>
</trkpt>
<trkpt lat="39.769057994708419" lon="3.365079984068871">
<ele>165</ele>
</trkpt>
<trkpt lat="39.769010972231627" lon="3.365345019847155">
<ele>165</ele>
</trkpt>
<trkpt lat="39.768893038854003" lon="3.365541994571686">
<ele>164</ele>
</trkpt>
<trkpt lat="39.768779966980219" lon="3.365751039236784">
<ele>163</ele>
</trkpt>
<trkpt lat="39.768637977540493" lon="3.365950025618076">
<ele>163</ele>
</trkpt>
<trkpt lat="39.768511997535825" lon="3.366079023107886">
<ele>163</ele>
</trkpt>
<trkpt lat="39.768510991707444" lon="3.366099977865815">
<ele>162</ele>
</trkpt>
<trkpt lat="39.76830898784101" lon="3.366352021694183">
<ele>161</ele>
</trkpt>
<trkpt lat="39.76826498284936" lon="3.366532986983657">
<ele>161</ele>
</trkpt>
<trkpt lat="39.768205974251032" lon="3.366748988628388">
<ele>161</ele>
</trkpt>
<trkpt lat="39.768131040036678" lon="3.366899024695158">
<ele>160</ele>
</trkpt>
<trkpt lat="39.768053004518151" lon="3.366979993879795">
<ele>159</ele>
</trkpt>
<trkpt lat="39.76803096011281" lon="3.36707697249949">
<ele>158</ele>
</trkpt>
<trkpt lat="39.768019979819655" lon="3.367257015779614">
<ele>156</ele>
</trkpt>
<trkpt lat="39.767996007576585" lon="3.367400011047721">
<ele>154</ele>
</trkpt>
<trkpt lat="39.767996007576585" lon="3.367408979684115">
<ele>153</ele>
</trkpt>
<trkpt lat="39.767989972606301" lon="3.367469999939203">
<ele>152</ele>
</trkpt>
<trkpt lat="39.767983015626669" lon="3.36761400103569">
<ele>151</ele>
</trkpt>
<trkpt lat="39.767995001748204" lon="3.36763403378427">
<ele>149</ele>
</trkpt>
<trkpt lat="39.76800698786974" lon="3.36771902628243">
<ele>148</ele>
</trkpt>
<trkpt lat="39.767881007865071" lon="3.367853974923492">
<ele>147</ele>
</trkpt>
<trkpt lat="39.767874972894788" lon="3.367859004065394">
<ele>146</ele>
</trkpt>
<trkpt lat="39.767739018425345" lon="3.367923041805625">
<ele>145</ele>
</trkpt>
<trkpt lat="39.767739018425345" lon="3.367923041805625">
<ele>144</ele>
</trkpt>
<trkpt lat="39.76755503565073" lon="3.367854980751872">
<ele>143</ele>
</trkpt>
<trkpt lat="39.767412962391973" lon="3.368035024031997">
<ele>142</ele>
</trkpt>
<trkpt lat="39.76729997433722" lon="3.368121022358537">
<ele>141</ele>
</trkpt>
<trkpt lat="39.76729997433722" lon="3.368121022358537">
<ele>140</ele>
</trkpt>
<trkpt lat="39.767192015424371" lon="3.368226969614625">
<ele>139</ele>
</trkpt>
<trkpt lat="39.767182040959597" lon="3.368411036208272">
<ele>138</ele>
</trkpt>
<trkpt lat="39.767194027081132" lon="3.368431990966201">
<ele>137</ele>
</trkpt>
<trkpt lat="39.767236020416021" lon="3.368459986522794">
<ele>135</ele>
</trkpt>
<trkpt lat="39.767310032621026" lon="3.368584960699081">
<ele>134</ele>
</trkpt>
<trkpt lat="39.767356971278787" lon="3.368629971519113">
<ele>132</ele>
</trkpt>
<trkpt lat="39.767394019290805" lon="3.368857959285379">
<ele>131</ele>
</trkpt>
<trkpt lat="39.767403993755579" lon="3.368872962892056">
<ele>129</ele>
</trkpt>
<trkpt lat="39.767504995688796" lon="3.36900900118053">
<ele>127</ele>
</trkpt>
<trkpt lat="39.76751396432519" lon="3.369084019213915">
<ele>126</ele>
</trkpt>
<trkpt lat="39.767461996525526" lon="3.369348971173167">
<ele>124</ele>
</trkpt>
<trkpt lat="39.767387984320521" lon="3.369519039988518">
<ele>123</ele>
</trkpt>
<trkpt lat="39.767377004027367" lon="3.369543012231588">
<ele>121</ele>
</trkpt>
<trkpt lat="39.767336016520858" lon="3.369769994169474">
<ele>119</ele>
</trkpt>
<trkpt lat="39.767332999035716" lon="3.369850963354111">
<ele>117</ele>
</trkpt>
<trkpt lat="39.767331993207335" lon="3.369999993592501">
<ele>115</ele>
</trkpt>
<trkpt lat="39.767337022349238" lon="3.370045004412532">
<ele>113</ele>
</trkpt>
<trkpt lat="39.767354037612677" lon="3.370267041027546">
<ele>112</ele>
</trkpt>
<trkpt lat="39.767360994592309" lon="3.370295036584139">
<ele>110</ele>
</trkpt>
<trkpt lat="39.767455961555243" lon="3.370506009086967">
<ele>108</ele>
</trkpt>
<trkpt lat="39.767501978203654" lon="3.370660990476608">
<ele>106</ele>
</trkpt>
<trkpt lat="39.767525028437376" lon="3.370726034045219">
<ele>104</ele>
</trkpt>
<trkpt lat="39.767541959881783" lon="3.370918985456228">
<ele>102</ele>
</trkpt>
<trkpt lat="39.76753399707377" lon="3.370945975184441">
<ele>101</ele>
</trkpt>
<trkpt lat="39.767512958496809" lon="3.370994003489614">
<ele>99</ele>
</trkpt>
<trkpt lat="39.767461996525526" lon="3.371216962113977">
<ele>98</ele>
</trkpt>
<trkpt lat="39.767397036775947" lon="3.371420977637172">
<ele>96</ele>
</trkpt>
<trkpt lat="39.767388990148902" lon="3.371642008423805">
<ele>95</ele>
</trkpt>
<trkpt lat="39.767358982935548" lon="3.371708979830146">
<ele>94</ele>
</trkpt>
<trkpt lat="39.767214981839061" lon="3.371805036440492">
<ele>92</ele>
</trkpt>
<trkpt lat="39.767111968249083" lon="3.371892040595412">
<ele>91</ele>
</trkpt>
<trkpt lat="39.766994034871459" lon="3.37210301309824">
<ele>89</ele>
</trkpt>
<trkpt lat="39.766922034323215" lon="3.372225975617766">
<ele>88</ele>
</trkpt>
<trkpt lat="39.766798987984657" lon="3.372409958392382">
<ele>87</ele>
</trkpt>
<trkpt lat="39.766779039055109" lon="3.372435020282865">
<ele>86</ele>
</trkpt>
<trkpt lat="39.766762023791671" lon="3.372556976974011">
<ele>85</ele>
</trkpt>
<trkpt lat="39.766773004084826" lon="3.372599976137281">
<ele>84</ele>
</trkpt>
<trkpt lat="39.766769986599684" lon="3.372655967250466">
<ele>83</ele>
</trkpt>
<trkpt lat="39.766777027398348" lon="3.3728579711169">
<ele>82</ele>
</trkpt>
<trkpt lat="39.766781972721219" lon="3.372909016907215">
<ele>81</ele>
</trkpt>
<trkpt lat="39.766851039603353" lon="3.37309299968183">
<ele>80</ele>
</trkpt>
<trkpt lat="39.766867971047759" lon="3.37313499301672">
<ele>79</ele>
</trkpt>
<trkpt lat="39.76691197603941" lon="3.37326499633491">
<ele>78</ele>
</trkpt>
<trkpt lat="39.766937959939241" lon="3.373368009924889">
<ele>77</ele>
</trkpt>
<trkpt lat="39.766969978809357" lon="3.373498013243079">
<ele>76</ele>
</trkpt>
<trkpt lat="39.766968972980976" lon="3.373502036556602">
<ele>75</ele>
</trkpt>
<trkpt lat="39.766963021829724" lon="3.373529026284814">
<ele>74</ele>
</trkpt>
<trkpt lat="39.766971990466118" lon="3.373726001009345">
<ele>72</ele>
</trkpt>
<trkpt lat="39.76699797436595" lon="3.373949965462089">
<ele>71</ele>
</trkpt>
<trkpt lat="39.767012977972627" lon="3.37414400652051">
<ele>70</ele>
</trkpt>
<trkpt lat="39.767012977972627" lon="3.374346010386944">
<ele>69</ele>
</trkpt>
<trkpt lat="39.767013983801007" lon="3.374404013156891">
<ele>68</ele>
</trkpt>
<trkpt lat="39.766989005729556" lon="3.374624960124493">
<ele>67</ele>
</trkpt>
<trkpt lat="39.766980959102511" lon="3.374664019793272">
<ele>66</ele>
</trkpt>
<trkpt lat="39.766839975491166" lon="3.374820007011294">
<ele>65</ele>
</trkpt>
<trkpt lat="39.766768980771303" lon="3.374902987852693">
<ele>63</ele>
</trkpt>
<trkpt lat="39.766707038506866" lon="3.375039026141167">
<ele>62</ele>
</trkpt>
<trkpt lat="39.766676025465131" lon="3.375123012810946">
<ele>61</ele>
</trkpt>
<trkpt lat="39.766630008816719" lon="3.375228038057685">
<ele>60</ele>
</trkpt>
<trkpt lat="39.766579968854785" lon="3.375345971435309">
<ele>59</ele>
</trkpt>
<trkpt lat="39.766549961641431" lon="3.375418977811933">
<ele>57</ele>
</trkpt>
<trkpt lat="39.766465974971652" lon="3.375632967799902">
<ele>56</ele>
</trkpt>
<trkpt lat="39.766420964151621" lon="3.375770011916757">
<ele>55</ele>
</trkpt>
<trkpt lat="39.766392968595028" lon="3.375816028565168">
<ele>53</ele>
</trkpt>
<trkpt lat="39.766261037439108" lon="3.37594703771174">
<ele>52</ele>
</trkpt>
<trkpt lat="39.766134973615408" lon="3.376088021323085">
<ele>50</ele>
</trkpt>
<trkpt lat="39.766090968623757" lon="3.3761649671942">
<ele>49</ele>
</trkpt>
<trkpt lat="39.766007987782359" lon="3.376239985227585">
<ele>47</ele>
</trkpt>
<trkpt lat="39.765945039689541" lon="3.376320032402873">
<ele>45</ele>
</trkpt>
<trkpt lat="39.765883013606071" lon="3.376439977437258">
<ele>44</ele>
</trkpt>
<trkpt lat="39.765873961150646" lon="3.376489011570811">
<ele>42</ele>
</trkpt>
<trkpt lat="39.765783017501235" lon="3.376648016273975">
<ele>41</ele>
</trkpt>
<trkpt lat="39.76577396504581" lon="3.376738037914038">
<ele>39</ele>
</trkpt>
<trkpt lat="39.765749992802739" lon="3.376923026517034">
<ele>37</ele>
</trkpt>
<trkpt lat="39.765778994187713" lon="3.377070967108011">
<ele>35</ele>
</trkpt>
<trkpt lat="39.765844959765673" lon="3.377164006233215">
<ele>34</ele>
</trkpt>
<trkpt lat="39.765897011384368" lon="3.377325022593141">
<ele>32</ele>
</trkpt>
<trkpt lat="39.765925006940961" lon="3.377406997606158">
<ele>30</ele>
</trkpt>
<trkpt lat="39.765950990840793" lon="3.377507999539375">
<ele>28</ele>
</trkpt>
<trkpt lat="39.765990972518921" lon="3.377679996192455">
<ele>26</ele>
</trkpt>
<trkpt lat="39.766002958640456" lon="3.377716960385442">
<ele>25</ele>
</trkpt>
<trkpt lat="39.766004970297217" lon="3.377915024757385">
<ele>23</ele>
</trkpt>
<trkpt lat="39.765976974740624" lon="3.378002028912306">
<ele>21</ele>
</trkpt>
<trkpt lat="39.765950990840793" lon="3.378123985603452">
<ele>21</ele>
</trkpt>
<trkpt lat="39.76594302803278" lon="3.378142006695271">
<ele>21</ele>
</trkpt>
<trkpt lat="39.765821993350983" lon="3.378371000289917">
<ele>21</ele>
</trkpt>
<trkpt lat="39.765719985589385" lon="3.378449035808444">
<ele>21</ele>
</trkpt>
<trkpt lat="39.765682015568018" lon="3.378469990566373">
<ele>21</ele>
</trkpt>
<trkpt lat="39.765510018914938" lon="3.378525981679559">
<ele>21</ele>
</trkpt>
<trkpt lat="39.765347996726632" lon="3.378602005541325">
<ele>21</ele>
</trkpt>
<trkpt lat="39.765210030600429" lon="3.378638969734311">
<ele>21</ele>
</trkpt>
<trkpt lat="39.765142975375056" lon="3.378638969734311">
<ele>21</ele>
</trkpt>
<trkpt lat="39.765037028118968" lon="3.378630001097918">
<ele>21</ele>
</trkpt>
<trkpt lat="39.764966033399105" lon="3.378560012206435">
<ele>22</ele>
</trkpt>
<trkpt lat="39.764895960688591" lon="3.378461021929979">
<ele>22</ele>
</trkpt>
<trkpt lat="39.764907024800777" lon="3.378392038866878">
<ele>23</ele>
</trkpt>
<trkpt lat="39.764865031465888" lon="3.378349961712956">
<ele>24</ele>
</trkpt>
<trkpt lat="39.764858996495605" lon="3.37833303026855">
<ele>25</ele>
</trkpt>
<trkpt lat="39.764857990667224" lon="3.37833596393466">
<ele>25</ele>
</trkpt>
<trkpt lat="39.764856984838843" lon="3.37833596393466">
<ele>26</ele>
</trkpt>
<trkpt lat="39.764856984838843" lon="3.378334958106279">
<ele>25</ele>
</trkpt>
<trkpt lat="39.764856984838843" lon="3.378334958106279">
<ele>24</ele>
</trkpt>
<trkpt lat="39.764853967353702" lon="3.378336969763041">
<ele>24</ele>
</trkpt>
<trkpt lat="39.764851033687592" lon="3.378332024440169">
<ele>22</ele>
</trkpt>
<trkpt lat="39.764903001487255" lon="3.37841902859509">
<ele>21</ele>
</trkpt>
<trkpt lat="39.764895038679242" lon="3.378452975302935">
<ele>20</ele>
</trkpt>
<trkpt lat="39.764901995658875" lon="3.378477031365037">
<ele>19</ele>
</trkpt>
<trkpt lat="39.764918005093932" lon="3.378507038578391">
<ele>19</ele>
</trkpt>
<trkpt lat="39.764966033399105" lon="3.378635030239821">
<ele>18</ele>
</trkpt>
<trkpt lat="39.764947006478906" lon="3.378648022189736">
<ele>16</ele>
</trkpt>
<trkpt lat="39.764941977337003" lon="3.378858994692564">
<ele>16</ele>
</trkpt>
<trkpt lat="39.764920016750693" lon="3.378923032432795">
<ele>15</ele>
</trkpt>
<trkpt lat="39.764882968738675" lon="3.379148002713919">
<ele>14</ele>
</trkpt>
<trkpt lat="39.764833012595773" lon="3.379330979660153">
<ele>14</ele>
</trkpt>
<trkpt lat="39.764804011210799" lon="3.379524014890194">
<ele>13</ele>
</trkpt>
<trkpt lat="39.764792025089264" lon="3.379561984911561">
<ele>12</ele>
</trkpt>
<trkpt lat="39.764708960428834" lon="3.379744039848447">
<ele>11</ele>
</trkpt>
<trkpt lat="39.764705020934343" lon="3.379845963791013">
<ele>11</ele>
</trkpt>
<trkpt lat="39.764813985675573" lon="3.379983007907867">
<ele>11</ele>
</trkpt>
<trkpt lat="39.764838041737676" lon="3.380003962665796">
<ele>9</ele>
</trkpt>
<trkpt lat="39.764903001487255" lon="3.380090966820717">
<ele>9</ele>
</trkpt>
<trkpt lat="39.764938959851861" lon="3.380114017054439">
<ele>9</ele>
</trkpt>
<trkpt lat="39.765006015077233" lon="3.38028903119266">
<ele>10</ele>
</trkpt>
<trkpt lat="39.765011966228485" lon="3.380306968465447">
<ele>10</ele>
</trkpt>
<trkpt lat="39.764986988157034" lon="3.380533028393984">
<ele>10</ele>
</trkpt>
<trkpt lat="39.764967039227486" lon="3.380765961483121">
<ele>9</ele>
</trkpt>
<trkpt lat="39.764970978721976" lon="3.38078398257494">
<ele>9</ele>
</trkpt>
<trkpt lat="39.764971984550357" lon="3.380843997001648">
<ele>10</ele>
</trkpt>
<trkpt lat="39.765008026733994" lon="3.380952039733529">
<ele>10</ele>
</trkpt>
<trkpt lat="39.765028981491923" lon="3.381205005571246">
<ele>10</ele>
</trkpt>
<trkpt lat="39.764988999813795" lon="3.381396029144526">
<ele>9</ele>
</trkpt>
<trkpt lat="39.764961004257202" lon="3.38151203468442">
<ele>9</ele>
</trkpt>
<trkpt lat="39.764951029792428" lon="3.381554028019309">
<ele>9</ele>
</trkpt>
<trkpt lat="39.764947006478906" lon="3.381741028279066">
<ele>9</ele>
</trkpt>
<trkpt lat="39.764946000650525" lon="3.38181596249342">
<ele>10</ele>
</trkpt>
<trkpt lat="39.76491498760879" lon="3.381950994953513">
<ele>9</ele>
</trkpt>
<trkpt lat="39.76487098261714" lon="3.382119974121451">
<ele>9</ele>
</trkpt>
<trkpt lat="39.764862013980746" lon="3.382198009639978">
<ele>9</ele>
</trkpt>
<trkpt lat="39.764857990667224" lon="3.382334969937801">
<ele>9</ele>
</trkpt>
<trkpt lat="39.76484902203083" lon="3.382366988807917">
<ele>9</ele>
</trkpt>
<trkpt lat="39.764843992888927" lon="3.382495986297727">
<ele>9</ele>
</trkpt>
<trkpt lat="39.764835024252534" lon="3.382701007649303">
<ele>8</ele>
</trkpt>
<trkpt lat="39.764777021482587" lon="3.38290804065764">
<ele>7</ele>
</trkpt>
<trkpt lat="39.764714995399117" lon="3.383041983470321">
<ele>7</ele>
</trkpt>
<trkpt lat="39.764669984579086" lon="3.383180033415556">
<ele>7</ele>
</trkpt>
<trkpt lat="39.764607958495617" lon="3.383351024240255">
<ele>7</ele>
</trkpt>
<trkpt lat="39.76459002122283" lon="3.383422018960118">
<ele>6</ele>
</trkpt>
<trkpt lat="39.764494970440865" lon="3.383581023663282">
<ele>5</ele>
</trkpt>
<trkpt lat="39.764481978490949" lon="3.38364003226161">
<ele>5</ele>
</trkpt>
<trkpt lat="39.764391034841537" lon="3.383786967024207">
<ele>5</ele>
</trkpt>
<trkpt lat="39.764351975172758" lon="3.383857039734721">
<ele>5</ele>
</trkpt>
<trkpt lat="39.76429196074605" lon="3.383967010304332">
<ele>3</ele>
</trkpt>
<trkpt lat="39.764191964641213" lon="3.384108999744058">
<ele>3</ele>
</trkpt>
<trkpt lat="39.764127004891634" lon="3.384150993078947">
<ele>3</ele>
</trkpt>
<trkpt lat="39.764007981866598" lon="3.384139006957412">
<ele>2</ele>
</trkpt>
<trkpt lat="39.763932963833213" lon="3.384185023605824">
<ele>2</ele>
</trkpt>
<trkpt lat="39.763911003246903" lon="3.384223999455571">
<ele>2</ele>
</trkpt>
<trkpt lat="39.763858029618859" lon="3.38432801887393">
<ele>1</ele>
</trkpt>
<trkpt lat="39.763858029618859" lon="3.38432801887393">
<ele>0</ele>
</trkpt>
<trkpt lat="39.763854006305337" lon="3.384336987510324">
<ele>0</ele>
</trkpt>
<trkpt lat="39.763854006305337" lon="3.384336987510324">
<ele>1</ele>
</trkpt>
<trkpt lat="39.763854006305337" lon="3.384336987510324">
<ele>3</ele>
</trkpt>
<trkpt lat="39.763854006305337" lon="3.384336987510324">
<ele>5</ele>
</trkpt>
<trkpt lat="39.763854006305337" lon="3.384336987510324">
<ele>6</ele>
</trkpt>
<trkpt lat="39.763856017962098" lon="3.384336987510324">
<ele>7</ele>
</trkpt>
<trkpt lat="39.763857023790479" lon="3.384338999167085">
<ele>9</ele>
</trkpt>
<trkpt lat="39.763857023790479" lon="3.384338999167085">
<ele>11</ele>
</trkpt>
<trkpt lat="39.763857023790479" lon="3.384338999167085">
<ele>10</ele>
</trkpt>
<trkpt lat="39.763857023790479" lon="3.384338999167085">
<ele>9</ele>
</trkpt>
<trkpt lat="39.763857023790479" lon="3.384338999167085">
<ele>7</ele>
</trkpt>
<trkpt lat="39.763846965506673" lon="3.384333970025182">
<ele>7</ele>
</trkpt>
<trkpt lat="39.763845037668943" lon="3.384333970025182">
<ele>7</ele>
</trkpt>
<trkpt lat="39.763844031840563" lon="3.384334975853562">
<ele>7</ele>
</trkpt>
<trkpt lat="39.763845959678292" lon="3.384333970025182">
<ele>6</ele>
</trkpt>
<trkpt lat="39.763844031840563" lon="3.384333970025182">
<ele>6</ele>
</trkpt>
<trkpt lat="39.763843026012182" lon="3.384331958368421">
<ele>8</ele>
</trkpt>
<trkpt lat="39.76384000852704" lon="3.384331958368421">
<ele>8</ele>
</trkpt>
<trkpt lat="39.76383900269866" lon="3.384338999167085">
<ele>9</ele>
</trkpt>
<trkpt lat="39.763833973556757" lon="3.384337993338704">
<ele>10</ele>
</trkpt>
<trkpt lat="39.763825004920363" lon="3.384329024702311">
<ele>10</ele>
</trkpt>
<trkpt lat="39.763908991590142" lon="3.38422198779881">
<ele>9</ele>
</trkpt>
<trkpt lat="39.763932041823864" lon="3.384181000292301">
<ele>8</ele>
</trkpt>
<trkpt lat="39.763933969661593" lon="3.384143030270934">
<ele>8</ele>
</trkpt>
<trkpt lat="39.763755016028881" lon="3.38404999114573">
<ele>7</ele>
</trkpt>
<trkpt lat="39.763631969690323" lon="3.384031970053911">
<ele>7</ele>
</trkpt>
<trkpt lat="39.763623001053929" lon="3.384029036387801">
<ele>6</ele>
</trkpt>
<trkpt lat="39.763477994129062" lon="3.38398402556777">
<ele>6</ele>
</trkpt>
<trkpt lat="39.763374980539083" lon="3.383967010304332">
<ele>5</ele>
</trkpt>
<trkpt lat="39.763347990810871" lon="3.383964998647571">
<ele>4</ele>
</trkpt>
<trkpt lat="39.763152021914721" lon="3.383939014747739">
<ele>4</ele>
</trkpt>
<trkpt lat="39.763016989454627" lon="3.383943038061261">
<ele>3</ele>
</trkpt>
<trkpt lat="39.762943983078003" lon="3.383956030011177">
<ele>3</ele>
</trkpt>
<trkpt lat="39.762795958667994" lon="3.383952006697655">
<ele>2</ele>
</trkpt>
<trkpt lat="39.762763017788529" lon="3.383951000869274">
<ele>2</ele>
</trkpt>
<trkpt lat="39.762648018077016" lon="3.383962986990809">
<ele>3</ele>
</trkpt>
<trkpt lat="39.762604013085365" lon="3.383966004475951">
<ele>4</ele>
</trkpt>
<trkpt lat="39.762413995340466" lon="3.384007997810841">
<ele>4</ele>
</trkpt>
<trkpt lat="39.762374013662338" lon="3.384016966447234">
<ele>4</ele>
</trkpt>
<trkpt lat="39.762241998687387" lon="3.384018978103995">
<ele>5</ele>
</trkpt>
<trkpt lat="39.762216014787555" lon="3.384013026952744">
<ele>6</ele>
</trkpt>
<trkpt lat="39.762176033109426" lon="3.383988970890641">
<ele>5</ele>
</trkpt>
<trkpt lat="39.762094980105758" lon="3.383890986442566">
<ele>5</ele>
</trkpt>
<trkpt lat="39.762019040063024" lon="3.383756959810853">
<ele>6</ele>
</trkpt>
<trkpt lat="39.761964976787567" lon="3.383546993136406">
<ele>5</ele>
</trkpt>
<trkpt lat="39.761957013979554" lon="3.383453032001853">
<ele>5</ele>
</trkpt>
<trkpt lat="39.761933963745832" lon="3.383353035897017">
<ele>5</ele>
</trkpt>
<trkpt lat="39.761889958754182" lon="3.383089005947113">
<ele>4</ele>
</trkpt>
<trkpt lat="39.761892976239324" lon="3.38306000456214">
<ele>3</ele>
</trkpt>
<trkpt lat="39.761876966804266" lon="3.382964031770825">
<ele>3</ele>
</trkpt>
<trkpt lat="39.761806977912784" lon="3.382797986268997">
<ele>3</ele>
</trkpt>
<trkpt lat="39.761743023991585" lon="3.382636969909072">
<ele>2</ele>
</trkpt>
<trkpt lat="39.761696001514792" lon="3.382519958540797">
<ele>1</ele>
</trkpt>
<trkpt lat="39.761665994301438" lon="3.382409987971187">
<ele>1</ele>
</trkpt>
<trkpt lat="39.761671023443341" lon="3.382376041263342">
<ele>0</ele>
</trkpt>
<trkpt lat="39.761683009564877" lon="3.382318960502744">
<ele>1</ele>
</trkpt>
<trkpt lat="39.761674040928483" lon="3.382142018526793">
<ele>2</ele>
</trkpt>
<trkpt lat="39.761660965159535" lon="3.381989970803261">
<ele>3</ele>
</trkpt>
<trkpt lat="39.761661970987916" lon="3.381955018267036">
<ele>4</ele>
</trkpt>
<trkpt lat="39.761645961552858" lon="3.381867008283734">
<ele>5</ele>
</trkpt>
<trkpt lat="39.761642022058368" lon="3.381826020777226">
<ele>6</ele>
</trkpt>
<trkpt lat="39.761599022895098" lon="3.381698029115796">
<ele>7</ele>
</trkpt>
<trkpt lat="39.761517969891429" lon="3.381551010534167">
<ele>8</ele>
</trkpt>
<trkpt lat="39.761327030137181" lon="3.381484961137176">
<ele>9</ele>
</trkpt>
<trkpt lat="39.761220999062061" lon="3.38151597417891">
<ele>10</ele>
</trkpt>
<trkpt lat="39.76113298907876" lon="3.381646983325481">
<ele>11</ele>
</trkpt>
<trkpt lat="39.761071968823671" lon="3.38181596249342">
<ele>12</ele>
</trkpt>
<trkpt lat="39.761035004630685" lon="3.381958035752177">
<ele>13</ele>
</trkpt>
<trkpt lat="39.760985970497131" lon="3.382131960242987">
<ele>13</ele>
</trkpt>
<trkpt lat="39.760940037667751" lon="3.382285013794899">
<ele>15</ele>
</trkpt>
<trkpt lat="39.760929979383945" lon="3.382338993251324">
<ele>16</ele>
</trkpt>
<trkpt lat="39.76091698743403" lon="3.382509984076023">
<ele>17</ele>
</trkpt>
<trkpt lat="39.760887986049056" lon="3.382628001272678">
<ele>18</ele>
</trkpt>
<trkpt lat="39.760870970785618" lon="3.382701007649303">
<ele>19</ele>
</trkpt>
<trkpt lat="39.760850016027689" lon="3.382794968783855">
<ele>20</ele>
</trkpt>
<trkpt lat="39.760838029906154" lon="3.382937964051962">
<ele>21</ele>
</trkpt>
<trkpt lat="39.760794024914503" lon="3.383094035089016">
<ele>22</ele>
</trkpt>
<trkpt lat="39.760783966630697" lon="3.383187996223569">
<ele>23</ele>
</trkpt>
<trkpt lat="39.760762006044388" lon="3.383358987048268">
<ele>24</ele>
</trkpt>
<trkpt lat="39.760757982730865" lon="3.383414978161454">
<ele>25</ele>
</trkpt>
<trkpt lat="39.760731998831034" lon="3.383580017834902">
<ele>26</ele>
</trkpt>
<trkpt lat="39.760716995224357" lon="3.383722007274628">
<ele>27</ele>
</trkpt>
<trkpt lat="39.760718001052737" lon="3.383733993396163">
<ele>28</ele>
</trkpt>
<trkpt lat="39.760698974132538" lon="3.383887968957424">
<ele>29</ele>
</trkpt>
<trkpt lat="39.760688999667764" lon="3.383948989212513">
<ele>30</ele>
</trkpt>
<trkpt lat="39.760649017989635" lon="3.384087961167097">
<ele>31</ele>
</trkpt>
<trkpt lat="39.760647006332874" lon="3.384151998907328">
<ele>32</ele>
</trkpt>
<trkpt lat="39.76059302687645" lon="3.384337993338704">
<ele>33</ele>
</trkpt>
<trkpt lat="39.760579029098153" lon="3.384471014142036">
<ele>34</ele>
</trkpt>
<trkpt lat="39.76057299412787" lon="3.384504038840532">
<ele>35</ele>
</trkpt>
<trkpt lat="39.76057399995625" lon="3.384622978046536">
<ele>36</ele>
</trkpt>
<trkpt lat="39.760577017441392" lon="3.384643010795116">
<ele>37</ele>
</trkpt>
<trkpt lat="39.760556984692812" lon="3.384912991896272">
<ele>38</ele>
</trkpt>
<trkpt lat="39.760581040754914" lon="3.385079959407449">
<ele>39</ele>
</trkpt>
<trkpt lat="39.760611969977617" lon="3.385177021846175">
<ele>40</ele>
</trkpt>
<trkpt lat="39.760642983019352" lon="3.385286992415786">
<ele>41</ele>
</trkpt>
<trkpt lat="39.760653963312507" lon="3.38533996604383">
<ele>42</ele>
</trkpt>
<trkpt lat="39.76065899245441" lon="3.385544987395406">
<ele>43</ele>
</trkpt>
<trkpt lat="39.760648012161255" lon="3.385583041235805">
<ele>44</ele>
</trkpt>
<trkpt lat="39.760640971362591" lon="3.385615982115269">
<ele>45</ele>
</trkpt>
<trkpt lat="39.760677013546228" lon="3.385881017893553">
<ele>46</ele>
</trkpt>
<trkpt lat="39.760696040466428" lon="3.385938014835119">
<ele>46</ele>
</trkpt>
<trkpt lat="39.760774997994304" lon="3.386101964861155">
<ele>47</ele>
</trkpt>
<trkpt lat="39.760801987722516" lon="3.386140018701553">
<ele>48</ele>
</trkpt>
<trkpt lat="39.760866025462747" lon="3.386368006467819">
<ele>49</ele>
</trkpt>
<trkpt lat="39.76089402101934" lon="3.38643598370254">
<ele>49</ele>
</trkpt>
<trkpt lat="39.760924028232694" lon="3.386517958715558">
<ele>50</ele>
</trkpt>
<trkpt lat="39.760971972718835" lon="3.386618038639426">
<ele>50</ele>
</trkpt>
<trkpt lat="39.761167019605637" lon="3.386819958686829">
<ele>51</ele>
</trkpt>
<trkpt lat="39.761202977970243" lon="3.386846026405692">
<ele>52</ele>
</trkpt>
<trkpt lat="39.761296017095447" lon="3.386889025568962">
<ele>52</ele>
</trkpt>
<trkpt lat="39.761339016258717" lon="3.386904029175639">
<ele>53</ele>
</trkpt>
<trkpt lat="39.761500032618642" lon="3.386987010017037">
<ele>53</ele>
</trkpt>
<trkpt lat="39.761472037062049" lon="3.387026991695166">
<ele>54</ele>
</trkpt>
<trkpt lat="39.761343961581588" lon="3.387019028887153">
<ele>55</ele>
</trkpt>
<trkpt lat="39.761308003216982" lon="3.387026991695166">
<ele>56</ele>
</trkpt>
<trkpt lat="39.761279001832008" lon="3.387031015008688">
<ele>57</ele>
</trkpt>
<trkpt lat="39.761150004342198" lon="3.387039983645082">
<ele>58</ele>
</trkpt>
<trkpt lat="39.761030981317163" lon="3.387049036100507">
<ele>59</ele>
</trkpt>
<trkpt lat="39.760929979383945" lon="3.387068985030055">
<ele>60</ele>
</trkpt>
<trkpt lat="39.760817997157574" lon="3.387011988088489">
<ele>61</ele>
</trkpt>
<trkpt lat="39.760779021307826" lon="3.386990027502179">
<ele>62</ele>
</trkpt>
<trkpt lat="39.760628985241055" lon="3.38694903999567">
<ele>63</ele>
</trkpt>
<trkpt lat="39.760611969977617" lon="3.386940993368626">
<ele>65</ele>
</trkpt>
<trkpt lat="39.760543992742896" lon="3.386910986155272">
<ele>66</ele>
</trkpt>
<trkpt lat="39.760479032993317" lon="3.386879973113537">
<ele>66</ele>
</trkpt>
<trkpt lat="39.760374007746577" lon="3.386834040284157">
<ele>67</ele>
</trkpt>
<trkpt lat="39.76029303856194" lon="3.386728009209037">
<ele>68</ele>
</trkpt>
<trkpt lat="39.760222965851426" lon="3.386549977585673">
<ele>68</ele>
</trkpt>
<trkpt lat="39.760219026356936" lon="3.386531034484506">
<ele>69</ele>
</trkpt>
<trkpt lat="39.760172003880143" lon="3.386379992589355">
<ele>70</ele>
</trkpt>
<trkpt lat="39.760168986395001" lon="3.386373035609722">
<ele>71</ele>
</trkpt>
<trkpt lat="39.760047029703856" lon="3.386265998706222">
<ele>71</ele>
</trkpt>
<trkpt lat="39.760006964206696" lon="3.386253006756306">
<ele>72</ele>
</trkpt>
<trkpt lat="39.759818958118558" lon="3.386248983442783">
<ele>71</ele>
</trkpt>
<trkpt lat="39.759680991992354" lon="3.386269016191363">
<ele>70</ele>
</trkpt>
<trkpt lat="39.759540008381009" lon="3.386310003697872">
<ele>69</ele>
</trkpt>
<trkpt lat="39.759398018941283" lon="3.386404970660806">
<ele>68</ele>
</trkpt>
<trkpt lat="39.759303973987699" lon="3.386529022827745">
<ele>66</ele>
</trkpt>
<trkpt lat="39.759273966774344" lon="3.38658501394093">
<ele>65</ele>
</trkpt>
<trkpt lat="39.75917698815465" lon="3.386632036417723">
<ele>64</ele>
</trkpt>
<trkpt lat="39.759093001484871" lon="3.386639999225736">
<ele>63</ele>
</trkpt>
<trkpt lat="39.758998034521937" lon="3.3866280131042">
<ele>62</ele>
</trkpt>
<trkpt lat="39.758978001773357" lon="3.38662700727582">
<ele>61</ele>
</trkpt>
<trkpt lat="39.758870964869857" lon="3.38665097951889">
<ele>60</ele>
</trkpt>
<trkpt lat="39.758702991530299" lon="3.386655002832413">
<ele>60</ele>
</trkpt>
<trkpt lat="39.758625039830804" lon="3.386682998389006">
<ele>59</ele>
</trkpt>
<trkpt lat="39.758568964898586" lon="3.386939987540245">
<ele>59</ele>
</trkpt>
<trkpt lat="39.758548010140657" lon="3.387121958658099">
<ele>58</ele>
</trkpt>
<trkpt lat="39.758535018190742" lon="3.387194965034723">
<ele>57</ele>
</trkpt>
<trkpt lat="39.758462011814117" lon="3.387540969997644">
<ele>58</ele>
</trkpt>
<trkpt lat="39.758451031520963" lon="3.387595033273101">
<ele>57</ele>
</trkpt>
<trkpt lat="39.758384982123971" lon="3.387754037976265">
<ele>57</ele>
</trkpt>
<trkpt lat="39.758314993232489" lon="3.387912958860397">
<ele>56</ele>
</trkpt>
<trkpt lat="39.758240981027484" lon="3.388029970228672">
<ele>55</ele>
</trkpt>
<trkpt lat="39.758208962157369" lon="3.388053020462394">
<ele>54</ele>
</trkpt>
<trkpt lat="39.758030008524656" lon="3.388060983270407">
<ele>52</ele>
</trkpt>
<trkpt lat="39.757963959127665" lon="3.387987976893783">
<ele>51</ele>
</trkpt>
<trkpt lat="39.757848037406802" lon="3.387853028252721">
<ele>50</ele>
</trkpt>
<trkpt lat="39.757772013545036" lon="3.387785973027349">
<ele>49</ele>
</trkpt>
<trkpt lat="39.757735971361399" lon="3.387746997177601">
<ele>48</ele>
</trkpt>
<trkpt lat="39.75758702494204" lon="3.387624034658074">
<ele>46</ele>
</trkpt>
<trkpt lat="39.757578978314996" lon="3.387611964717507">
<ele>45</ele>
</trkpt>
<trkpt lat="39.757473031058908" lon="3.387490008026362">
<ele>44</ele>
</trkpt>
<trkpt lat="39.757464984431863" lon="3.387479027733207">
<ele>43</ele>
</trkpt>
<trkpt lat="39.757346967235208" lon="3.38733896613121">
<ele>42</ele>
</trkpt>
<trkpt lat="39.75732802413404" lon="3.387317005544901">
<ele>41</ele>
</trkpt>
<trkpt lat="39.757248982787132" lon="3.387150960043073">
<ele>40</ele>
</trkpt>
<trkpt lat="39.757205983623862" lon="3.386952979490161">
<ele>39</ele>
</trkpt>
<trkpt lat="39.757148986682296" lon="3.38675701059401">
<ele>38</ele>
</trkpt>
<trkpt lat="39.757040021941066" lon="3.38660798035562">
<ele>37</ele>
</trkpt>
<trkpt lat="39.756946982815862" lon="3.386513013392687">
<ele>36</ele>
</trkpt>
<trkpt lat="39.756866013631225" lon="3.386449981480837">
<ele>35</ele>
</trkpt>
<trkpt lat="39.756722012534738" lon="3.38637001812458">
<ele>34</ele>
</trkpt>
<trkpt lat="39.756587985903025" lon="3.386340010911226">
<ele>34</ele>
</trkpt>
<trkpt lat="39.756443984806538" lon="3.386341016739607">
<ele>34</ele>
</trkpt>
<trkpt lat="39.756337031722069" lon="3.386320983991027">
<ele>34</ele>
</trkpt>
<trkpt lat="39.756243992596865" lon="3.386292988434434">
<ele>34</ele>
</trkpt>
<trkpt lat="39.756140979006886" lon="3.38630698621273">
<ele>36</ele>
</trkpt>
<trkpt lat="39.755984991788864" lon="3.386359037831426">
<ele>36</ele>
</trkpt>
<trkpt lat="39.755838979035616" lon="3.386417962610722">
<ele>36</ele>
</trkpt>
<trkpt lat="39.755810983479023" lon="3.386431960389018">
<ele>36</ele>
</trkpt>
<trkpt lat="39.755672011524439" lon="3.386458028107882">
<ele>36</ele>
</trkpt>
<trkpt lat="39.755549971014261" lon="3.386436989530921">
<ele>36</ele>
</trkpt>
<trkpt lat="39.755455004051328" lon="3.386384015902877">
<ele>37</ele>
</trkpt>
<trkpt lat="39.755447041243315" lon="3.386379992589355">
<ele>38</ele>
</trkpt>
<trkpt lat="39.755346039310098" lon="3.386267004534602">
<ele>39</ele>
</trkpt>
<trkpt lat="39.755343021824956" lon="3.386191986501217">
<ele>40</ele>
</trkpt>
<trkpt lat="39.755369005724788" lon="3.386014960706234">
<ele>40</ele>
</trkpt>
<trkpt lat="39.755380991846323" lon="3.385995011776686">
<ele>41</ele>
</trkpt>
<trkpt lat="39.755417034029961" lon="3.38585302233696">
<ele>42</ele>
</trkpt>
<trkpt lat="39.755447041243315" lon="3.385735005140305">
<ele>43</ele>
</trkpt>
<trkpt lat="39.755453998222947" lon="3.385706003755331">
<ele>44</ele>
</trkpt>
<trkpt lat="39.755529016256332" lon="3.385508023202419">
<ele>45</ele>
</trkpt>
<trkpt lat="39.75556799210608" lon="3.385398974642158">
<ele>46</ele>
</trkpt>
<trkpt lat="39.755592970177531" lon="3.385229995474219">
<ele>47</ele>
</trkpt>
<trkpt lat="39.755603028461337" lon="3.385199988260865">
<ele>49</ele>
</trkpt>
<trkpt lat="39.755701012909412" lon="3.384962026029825">
<ele>50</ele>
</trkpt>
<trkpt lat="39.755728002637625" lon="3.384855994954705">
<ele>51</ele>
</trkpt>
<trkpt lat="39.755721967667341" lon="3.384607974439859">
<ele>52</ele>
</trkpt>
<trkpt lat="39.755637980997562" lon="3.384458022192121">
<ele>53</ele>
</trkpt>
<trkpt lat="39.755546031519771" lon="3.384336987510324">
<ele>55</ele>
</trkpt>
<trkpt lat="39.755437988787889" lon="3.384225005283952">
<ele>56</ele>
</trkpt>
<trkpt lat="39.755410999059677" lon="3.384205978363752">
<ele>57</ele>
</trkpt>
<trkpt lat="39.755278984084725" lon="3.384116962552071">
<ele>58</ele>
</trkpt>
<trkpt lat="39.755187034606934" lon="3.384059965610504">
<ele>60</ele>
</trkpt>
<trkpt lat="39.755059964954853" lon="3.383952006697655">
<ele>60</ele>
</trkpt>
<trkpt lat="39.755023000761867" lon="3.383928034454584">
<ele>61</ele>
</trkpt>
<trkpt lat="39.75489903241396" lon="3.383853016421199">
<ele>62</ele>
</trkpt>
<trkpt lat="39.754767017439008" lon="3.383824015036225">
<ele>63</ele>
</trkpt>
<trkpt lat="39.754670038819313" lon="3.383823009207845">
<ele>64</ele>
</trkpt>
<trkpt lat="39.754537018015981" lon="3.383822003379464">
<ele>64</ele>
</trkpt>
<trkpt lat="39.754424029961228" lon="3.383798031136394">
<ele>65</ele>
</trkpt>
<trkpt lat="39.754415983334184" lon="3.383794007822871">
<ele>66</ele>
</trkpt>
<trkpt lat="39.754529977217317" lon="3.383585968986154">
<ele>67</ele>
</trkpt>
<trkpt lat="39.754538023844361" lon="3.383580017834902">
<ele>69</ele>
</trkpt>
<trkpt lat="39.75462100468576" lon="3.383454037830234">
<ele>71</ele>
</trkpt>
<trkpt lat="39.754787972196937" lon="3.38338203728199">
<ele>72</ele>
</trkpt>
<trkpt lat="39.754828959703445" lon="3.383363010361791">
<ele>73</ele>
</trkpt>
<trkpt lat="39.754969021305442" lon="3.383273994550109">
<ele>75</ele>
</trkpt>
<trkpt lat="39.755061976611614" lon="3.38320903480053">
<ele>77</ele>
</trkpt>
<trkpt lat="39.755125008523464" lon="3.383121024817228">
<ele>78</ele>
</trkpt>
<trkpt lat="39.755145041272044" lon="3.383068973198533">
<ele>79</ele>
</trkpt>
<trkpt lat="39.755128026008606" lon="3.382892031222582">
<ele>81</ele>
</trkpt>
<trkpt lat="39.755118973553181" lon="3.382852971553803">
<ele>82</ele>
</trkpt>
<trkpt lat="39.755073040723801" lon="3.382721040397883">
<ele>82</ele>
</trkpt>
<trkpt lat="39.754953011870384" lon="3.382618026807904">
<ele>83</ele>
</trkpt>
<trkpt lat="39.75483700633049" lon="3.382581984624267">
<ele>83</ele>
</trkpt>
<trkpt lat="39.754681019112468" lon="3.382571004331112">
<ele>84</ele>
</trkpt>
<trkpt lat="39.754612036049366" lon="3.38258801959455">
<ele>85</ele>
</trkpt>
<trkpt lat="39.754555961117148" lon="3.382606962695718">
<ele>85</ele>
</trkpt>
<trkpt lat="39.754430986940861" lon="3.382720034569502">
<ele>86</ele>
</trkpt>
<trkpt lat="39.75440600886941" lon="3.382749035954475">
<ele>87</ele>
</trkpt>
<trkpt lat="39.754305006936193" lon="3.382879961282015">
<ele>88</ele>
</trkpt>
<trkpt lat="39.754195958375931" lon="3.383011976256967">
<ele>89</ele>
</trkpt>
<trkpt lat="39.754103003069758" lon="3.383129993453622">
<ele>90</ele>
</trkpt>
<trkpt lat="39.753982974216342" lon="3.383256979286671">
<ele>91</ele>
</trkpt>
<trkpt lat="39.753883983939886" lon="3.383396035060287">
<ele>92</ele>
</trkpt>
<trkpt lat="39.753855988383293" lon="3.383432999253273">
<ele>94</ele>
</trkpt>
<trkpt lat="39.75374199450016" lon="3.383563002571464">
<ele>95</ele>
</trkpt>
<trkpt lat="39.753651972860098" lon="3.383656963706017">
<ele>96</ele>
</trkpt>
<trkpt lat="39.7535689920187" lon="3.383744973689318">
<ele>97</ele>
</trkpt>
<trkpt lat="39.753500008955598" lon="3.383842036128044">
<ele>98</ele>
</trkpt>
<trkpt lat="39.753425996750593" lon="3.383891992270947">
<ele>99</ele>
</trkpt>
<trkpt lat="39.75335500203073" lon="3.383944965898991">
<ele>99</ele>
</trkpt>
<trkpt lat="39.753249976783991" lon="3.384009003639221">
<ele>99</ele>
</trkpt>
<trkpt lat="39.753070017322898" lon="3.384066000580788">
<ele>99</ele>
</trkpt>
<trkpt lat="39.753049984574318" lon="3.384075975045562">
<ele>99</ele>
</trkpt>
<trkpt lat="39.752930961549282" lon="3.384086033329368">
<ele>99</ele>
</trkpt>
<trkpt lat="39.752791989594698" lon="3.384128026664257">
<ele>99</ele>
</trkpt>
<trkpt lat="39.75264698266983" lon="3.384150993078947">
<ele>99</ele>
</trkpt>
<trkpt lat="39.752490995451808" lon="3.384149987250567">
<ele>99</ele>
</trkpt>
<trkpt lat="39.752334002405405" lon="3.384092990309">
<ele>99</ele>
</trkpt>
<trkpt lat="39.752311035990715" lon="3.384087961167097">
<ele>99</ele>
</trkpt>
<trkpt lat="39.752219002693892" lon="3.384076980873942">
<ele>100</ele>
</trkpt>
<trkpt lat="39.752069972455502" lon="3.384098019450903">
<ele>101</ele>
</trkpt>
<trkpt lat="39.752051029354334" lon="3.384095001965761">
<ele>102</ele>
</trkpt>
<trkpt lat="39.751947009935975" lon="3.384144958108664">
<ele>103</ele>
</trkpt>
<trkpt lat="39.751904010772705" lon="3.384179994463921">
<ele>104</ele>
</trkpt>
<trkpt lat="39.751726984977722" lon="3.384337993338704">
<ele>104</ele>
</trkpt>
<trkpt lat="39.751667976379395" lon="3.384360037744045">
<ele>106</ele>
</trkpt>
<trkpt lat="39.751479970291257" lon="3.384289965033531">
<ele>107</ele>
</trkpt>
<trkpt lat="39.751346027478576" lon="3.384236991405487">
<ele>108</ele>
</trkpt>
<trkpt lat="39.751221975311637" lon="3.384219976142049">
<ele>109</ele>
</trkpt>
<trkpt lat="39.75105500780046" lon="3.384182006120682">
<ele>110</ele>
</trkpt>
<trkpt lat="39.751047967001796" lon="3.384172031655908">
<ele>110</ele>
</trkpt>
<trkpt lat="39.750880999490619" lon="3.383888974785805">
<ele>111</ele>
</trkpt>
<trkpt lat="39.750872030854225" lon="3.383869025856257">
<ele>112</ele>
</trkpt>
<trkpt lat="39.750728029757738" lon="3.383694011718035">
<ele>113</ele>
</trkpt>
<trkpt lat="39.750693999230862" lon="3.383668027818203">
<ele>113</ele>
</trkpt>
<trkpt lat="39.750586962327361" lon="3.38359896093607">
<ele>114</ele>
</trkpt>
<trkpt lat="39.750549998134375" lon="3.383579012006521">
<ele>115</ele>
</trkpt>
<trkpt lat="39.750329973176122" lon="3.383441967889667">
<ele>115</ele>
</trkpt>
<trkpt lat="39.75019502453506" lon="3.383414978161454">
<ele>116</ele>
</trkpt>
<trkpt lat="39.750171974301338" lon="3.383411038666964">
<ele>117</ele>
</trkpt>
<trkpt lat="39.750056974589825" lon="3.383387988433242">
<ele>117</ele>
</trkpt>
<trkpt lat="39.749913979321718" lon="3.383392011746764">
<ele>118</ele>
</trkpt>
<trkpt lat="39.749838961288333" lon="3.383398968726397">
<ele>118</ele>
</trkpt>
<trkpt lat="39.749657995998859" lon="3.383450014516711">
<ele>119</ele>
</trkpt>
<trkpt lat="39.749610973522067" lon="3.383471975103021">
<ele>120</ele>
</trkpt>
<trkpt lat="39.749513994902372" lon="3.383550010621548">
<ele>120</ele>
</trkpt>
<trkpt lat="39.749519024044275" lon="3.38359703309834">
<ele>121</ele>
</trkpt>
<trkpt lat="39.749594964087009" lon="3.383690994232893">
<ele>121</ele>
</trkpt>
<trkpt lat="39.74965900182724" lon="3.38390096090734">
<ele>122</ele>
</trkpt>
<trkpt lat="39.749782970175147" lon="3.384005986154079">
<ele>122</ele>
</trkpt>
<trkpt lat="39.749936023727059" lon="3.384058959782124">
<ele>122</ele>
</trkpt>
<trkpt lat="39.750069966539741" lon="3.384153004735708">
<ele>122</ele>
</trkpt>
<trkpt lat="39.750140961259604" lon="3.384237997233868">
<ele>123</ele>
</trkpt>
<trkpt lat="39.750293008983135" lon="3.384305974468589">
<ele>124</ele>
</trkpt>
<trkpt lat="39.750313041731715" lon="3.384303040802479">
<ele>124</ele>
</trkpt>
<trkpt lat="39.750387975946069" lon="3.38430798612535">
<ele>124</ele>
</trkpt>
<trkpt lat="39.750503981485963" lon="3.384434971958399">
<ele>124</ele>
</trkpt>
<trkpt lat="39.750602971762419" lon="3.384618032723665">
<ele>124</ele>
</trkpt>
<trkpt lat="39.750629039481282" lon="3.384815007448196">
<ele>124</ele>
</trkpt>
<trkpt lat="39.750633984804153" lon="3.384826993569732">
<ele>123</ele>
</trkpt>
<trkpt lat="39.75075501948595" lon="3.384991027414799">
<ele>122</ele>
</trkpt>
<trkpt lat="39.750848980620503" lon="3.385114995762706">
<ele>121</ele>
</trkpt>
<trkpt lat="39.750878987833858" lon="3.385182972997427">
<ele>120</ele>
</trkpt>
<trkpt lat="39.751049978658557" lon="3.385056992992759">
<ele>120</ele>
</trkpt>
<trkpt lat="39.751069005578756" lon="3.385035032406449">
<ele>119</ele>
</trkpt>
<trkpt lat="39.751081997528672" lon="3.385034026578069">
<ele>118</ele>
</trkpt>
<trkpt lat="39.751083003357053" lon="3.385031009092927">
<ele>117</ele>
</trkpt>
<trkpt lat="39.751083003357053" lon="3.385031009092927">
<ele>118</ele>
</trkpt>
<trkpt lat="39.751083003357053" lon="3.385031009092927">
<ele>118</ele>
</trkpt>
<trkpt lat="39.751083003357053" lon="3.385031009092927">
<ele>119</ele>
</trkpt>
<trkpt lat="39.751083003357053" lon="3.385031009092927">
<ele>120</ele>
</trkpt>
<trkpt lat="39.751083003357053" lon="3.385028997436166">
<ele>120</ele>
</trkpt>
<trkpt lat="39.750940008088946" lon="3.385157994925976">
<ele>121</ele>
</trkpt>
<trkpt lat="39.750900026410818" lon="3.385137040168047">
<ele>122</ele>
</trkpt>
<trkpt lat="39.750818973407149" lon="3.384997984394431">
<ele>123</ele>
</trkpt>
<trkpt lat="39.750802963972092" lon="3.384959008544684">
<ele>123</ele>
</trkpt>
<trkpt lat="39.750678995624185" lon="3.3848010096699">
<ele>124</ele>
</trkpt>
<trkpt lat="39.750646976754069" lon="3.384690033271909">
<ele>124</ele>
</trkpt>
<trkpt lat="39.750629961490631" lon="3.384604034945369">
<ele>124</ele>
</trkpt>
<trkpt lat="39.750556033104658" lon="3.384389039129019">
<ele>123</ele>
</trkpt>
<trkpt lat="39.750541029497981" lon="3.384366994723678">
<ele>123</ele>
</trkpt>
<trkpt lat="39.750436004251242" lon="3.384248977527022">
<ele>123</ele>
</trkpt>
<trkpt lat="39.75030398927629" lon="3.384207990020514">
<ele>123</ele>
</trkpt>
<trkpt lat="39.750245986506343" lon="3.384231962263584">
<ele>123</ele>
</trkpt>
<trkpt lat="39.750181026756763" lon="3.384196003898978">
<ele>122</ele>
</trkpt>
<trkpt lat="39.750154037028551" lon="3.384159039705992">
<ele>122</ele>
</trkpt>
<trkpt lat="39.750089999288321" lon="3.384071029722691">
<ele>122</ele>
</trkpt>
<trkpt lat="39.749981034547091" lon="3.383981008082628">
<ele>122</ele>
</trkpt>
<trkpt lat="39.749885983765125" lon="3.383969021961093">
<ele>121</ele>
</trkpt>
<trkpt lat="39.749843990430236" lon="3.383948989212513">
<ele>121</ele>
</trkpt>
<trkpt lat="39.749670987948775" lon="3.383797025308013">
<ele>120</ele>
</trkpt>
<trkpt lat="39.749607034027576" lon="3.383610025048256">
<ele>120</ele>
</trkpt>
<trkpt lat="39.749501002952456" lon="3.383522015064955">
<ele>120</ele>
</trkpt>
<trkpt lat="39.749360019341111" lon="3.383531989529729">
<ele>119</ele>
</trkpt>
<trkpt lat="39.749236973002553" lon="3.383561996743083">
<ele>119</ele>
</trkpt>
<trkpt lat="39.749116022139788" lon="3.383629973977804">
<ele>118</ele>
</trkpt>
<trkpt lat="39.749084003269672" lon="3.383623016998172">
<ele>118</ele>
</trkpt>
<trkpt lat="39.748900020495057" lon="3.383586974814534">
<ele>118</ele>
</trkpt>
<trkpt lat="39.748831959441304" lon="3.383585968986154">
<ele>118</ele>
</trkpt>
<trkpt lat="39.748659962788224" lon="3.383603990077972">
<ele>117</ele>
</trkpt>
<trkpt lat="39.748616041615605" lon="3.383602984249592">
<ele>117</ele>
</trkpt>
<trkpt lat="39.748573964461684" lon="3.383592003956437">
<ele>117</ele>
</trkpt>
<trkpt lat="39.748517973348498" lon="3.383585968986154">
<ele>117</ele>
</trkpt>
<trkpt lat="39.748405991122127" lon="3.383497959002852">
<ele>116</ele>
</trkpt>
<trkpt lat="39.748401967808604" lon="3.383497036993504">
<ele>116</ele>
</trkpt>
<trkpt lat="39.748400961980224" lon="3.383494019508362">
<ele>116</ele>
</trkpt>
<trkpt lat="39.748400961980224" lon="3.383494019508362">
<ele>116</ele>
</trkpt>
<trkpt lat="39.748400961980224" lon="3.383494019508362">
<ele>116</ele>
</trkpt>
<trkpt lat="39.748400961980224" lon="3.383494019508362">
<ele>116</ele>
</trkpt>
<trkpt lat="39.748401967808604" lon="3.38349100202322">
<ele>116</ele>
</trkpt>
<trkpt lat="39.748361986130476" lon="3.383423024788499">
<ele>116</ele>
</trkpt>
<trkpt lat="39.748284034430981" lon="3.383382959291339">
<ele>115</ele>
</trkpt>
<trkpt lat="39.748150007799268" lon="3.383301990106702">
<ele>116</ele>
</trkpt>
<trkpt lat="39.748040037229657" lon="3.383230995386839">
<ele>116</ele>
</trkpt>
<trkpt lat="39.74787600338459" lon="3.38314700871706">
<ele>116</ele>
</trkpt>
<trkpt lat="39.747805008664727" lon="3.383112978190184">
<ele>115</ele>
</trkpt>
<trkpt lat="39.74766000173986" lon="3.383035026490688">
<ele>114</ele>
</trkpt>
<trkpt lat="39.747623959556222" lon="3.383027985692024">
<ele>114</ele>
</trkpt>
<trkpt lat="39.747582972049713" lon="3.383015999570489">
<ele>113</ele>
</trkpt>
<trkpt lat="39.747535027563572" lon="3.382968977093697">
<ele>112</ele>
</trkpt>
<trkpt lat="39.74742497317493" lon="3.382820030674338">
<ele>110</ele>
</trkpt>
<trkpt lat="39.747286001220345" lon="3.382650967687368">
<ele>110</ele>
</trkpt>
<trkpt lat="39.747263034805655" lon="3.382540997117758">
<ele>109</ele>
</trkpt>
<trkpt lat="39.747310979291797" lon="3.382389033213258">
<ele>108</ele>
</trkpt>
<trkpt lat="39.747337969020009" lon="3.382301023229957">
<ele>107</ele>
</trkpt>
<trkpt lat="39.747374011203647" lon="3.382102958858013">
<ele>106</ele>
</trkpt>
<trkpt lat="39.74737904034555" lon="3.382091978564858">
<ele>104</ele>
</trkpt>
<trkpt lat="39.74744601175189" lon="3.382002040743828">
<ele>103</ele>
</trkpt>
<trkpt lat="39.747523041442037" lon="3.382006986066699">
<ele>102</ele>
</trkpt>
<trkpt lat="39.747655978426337" lon="3.382096001878381">
<ele>100</ele>
</trkpt>
<trkpt lat="39.747755974531174" lon="3.382175965234637">
<ele>99</ele>
</trkpt>
<trkpt lat="39.747773995622993" lon="3.382198009639978">
<ele>96</ele>
</trkpt>
<trkpt lat="39.747940041124821" lon="3.38230898603797">
<ele>95</ele>
</trkpt>
<trkpt lat="39.747999971732497" lon="3.382344022393227">
<ele>94</ele>
</trkpt>
<trkpt lat="39.748171968385577" lon="3.38239498436451">
<ele>93</ele>
</trkpt>
<trkpt lat="39.748329967260361" lon="3.382433960214257">
<ele>92</ele>
</trkpt>
<trkpt lat="39.748389981687069" lon="3.382414011284709">
<ele>92</ele>
</trkpt>
<trkpt lat="39.748451001942158" lon="3.382360031828284">
<ele>91</ele>
</trkpt>
<trkpt lat="39.748496012762189" lon="3.38230999186635">
<ele>90</ele>
</trkpt>
<trkpt lat="39.748581005260348" lon="3.382221981883049">
<ele>89</ele>
</trkpt>
<trkpt lat="39.74864998832345" lon="3.38213799521327">
<ele>88</ele>
</trkpt>
<trkpt lat="39.748689970001578" lon="3.382104970514774">
<ele>87</ele>
</trkpt>
<trkpt lat="39.748823996633291" lon="3.382019978016615">
<ele>86</ele>
</trkpt>
<trkpt lat="39.748903037980199" lon="3.381946971639991">
<ele>85</ele>
</trkpt>
<trkpt lat="39.749020971357822" lon="3.38181302882731">
<ele>85</ele>
</trkpt>
<trkpt lat="39.749066988006234" lon="3.381780004128814">
<ele>85</ele>
</trkpt>
<trkpt lat="39.749240996316075" lon="3.381782015785575">
<ele>84</ele>
</trkpt>
<trkpt lat="39.749253988265991" lon="3.381778998300433">
<ele>82</ele>
</trkpt>
<trkpt lat="39.749397989362478" lon="3.381737004965544">
<ele>83</ele>
</trkpt>
<trkpt lat="39.749475019052625" lon="3.381613036617637">
<ele>83</ele>
</trkpt>
<trkpt lat="39.749464960768819" lon="3.38142997585237">
<ele>82</ele>
</trkpt>
<trkpt lat="39.749415004625916" lon="3.381246998906136">
<ele>81</ele>
</trkpt>
<trkpt lat="39.749407041817904" lon="3.381200982257724">
<ele>81</ele>
</trkpt>
<trkpt lat="39.749429002404213" lon="3.381057986989617">
<ele>81</ele>
</trkpt>
<trkpt lat="39.749459009617567" lon="3.380948016420007">
<ele>81</ele>
</trkpt>
<trkpt lat="39.749465966597199" lon="3.380726985633373">
<ele>82</ele>
</trkpt>
<trkpt lat="39.749465966597199" lon="3.380714999511838">
<ele>82</ele>
</trkpt>
<trkpt lat="39.749460015445948" lon="3.380559012293816">
<ele>82</ele>
</trkpt>
<trkpt lat="39.749477030709386" lon="3.380512995645404">
<ele>82</ele>
</trkpt>
<trkpt lat="39.749482981860638" lon="3.380467984825373">
<ele>83</ele>
</trkpt>
<trkpt lat="39.749488011002541" lon="3.380218958482146">
<ele>84</ele>
</trkpt>
<trkpt lat="39.749522963538766" lon="3.380112005397677">
<ele>84</ele>
</trkpt>
<trkpt lat="39.749577026814222" lon="3.379961969330907">
<ele>84</ele>
</trkpt>
<trkpt lat="39.749649027362466" lon="3.379808999598026">
<ele>83</ele>
</trkpt>
<trkpt lat="39.749700995162129" lon="3.379690982401371">
<ele>84</ele>
</trkpt>
<trkpt lat="39.749682974070311" lon="3.379635997116566">
<ele>84</ele>
</trkpt>
<trkpt lat="39.749625977128744" lon="3.379562990739942">
<ele>84</ele>
</trkpt>
<trkpt lat="39.749460015445948" lon="3.379433993250132">
<ele>85</ele>
</trkpt>
<trkpt lat="39.749345015734434" lon="3.379356041550636">
<ele>85</ele>
</trkpt>
<trkpt lat="39.749244013801217" lon="3.37925897911191">
<ele>85</ele>
</trkpt>
<trkpt lat="39.749195985496044" lon="3.379168035462499">
<ele>85</ele>
</trkpt>
<trkpt lat="39.749201014637947" lon="3.379005007445812">
<ele>87</ele>
</trkpt>
<trkpt lat="39.749204032123089" lon="3.3789780177176">
<ele>87</ele>
</trkpt>
<trkpt lat="39.749255999922752" lon="3.378781965002418">
<ele>87</ele>
</trkpt>
<trkpt lat="39.749259017407894" lon="3.378560012206435">
<ele>88</ele>
</trkpt>
<trkpt lat="39.749209983274341" lon="3.378318026661873">
<ele>88</ele>
</trkpt>
<trkpt lat="39.749160027131438" lon="3.378107976168394">
<ele>88</ele>
</trkpt>
<trkpt lat="39.749151980504394" lon="3.378079980611801">
<ele>88</ele>
</trkpt>
<trkpt lat="39.749106969684362" lon="3.377965986728668">
<ele>89</ele>
</trkpt>
<trkpt lat="39.749021977186203" lon="3.377780998125672">
<ele>89</ele>
</trkpt>
<trkpt lat="39.748951988294721" lon="3.377631967887282">
<ele>88</ele>
</trkpt>
<trkpt lat="39.748912006616592" lon="3.377542030066252">
<ele>89</ele>
</trkpt>
<trkpt lat="39.748773034662008" lon="3.377270959317684">
<ele>89</ele>
</trkpt>
<trkpt lat="39.748678989708424" lon="3.377081025391817">
<ele>90</ele>
</trkpt>
<trkpt lat="39.748621992766857" lon="3.376890001818538">
<ele>91</ele>
</trkpt>
<trkpt lat="39.748560972511768" lon="3.376672994345427">
<ele>91</ele>
</trkpt>
<trkpt lat="39.748528031632304" lon="3.376523964107037">
<ele>91</ele>
</trkpt>
<trkpt lat="39.748472962528467" lon="3.376332018524408">
<ele>92</ele>
</trkpt>
<trkpt lat="39.748461982235312" lon="3.376274015754461">
<ele>92</ele>
</trkpt>
<trkpt lat="39.748427029699087" lon="3.375945026054978">
<ele>92</ele>
</trkpt>
<trkpt lat="39.748409008607268" lon="3.375871013849974">
<ele>92</ele>
</trkpt>
<trkpt lat="39.748228965327144" lon="3.375688958913088">
<ele>93</ele>
</trkpt>
<trkpt lat="39.748137015849352" lon="3.375561973080039">
<ele>93</ele>
</trkpt>
<trkpt lat="39.748108014464378" lon="3.375503970310092">
<ele>94</ele>
</trkpt>
<trkpt lat="39.748095022514462" lon="3.375301966443658">
<ele>96</ele>
</trkpt>
<trkpt lat="39.748107008635998" lon="3.37524002417922">
<ele>98</ele>
</trkpt>
<trkpt lat="39.748173980042338" lon="3.375069033354521">
<ele>98</ele>
</trkpt>
<trkpt lat="39.748172974213958" lon="3.374965013936162">
<ele>100</ele>
</trkpt>
<trkpt lat="39.748174985870719" lon="3.374956967309117">
<ele>101</ele>
</trkpt>
<trkpt lat="39.7481759916991" lon="3.374950010329485">
<ele>102</ele>
</trkpt>
<trkpt lat="39.748184960335493" lon="3.37491899728775">
<ele>103</ele>
</trkpt>
<trkpt lat="39.748204993084073" lon="3.37476703338325">
<ele>105</ele>
</trkpt>
<trkpt lat="39.74821999669075" lon="3.374673994258046">
<ele>106</ele>
</trkpt>
<trkpt lat="39.748222008347511" lon="3.374662008136511">
<ele>106</ele>
</trkpt>
<trkpt lat="39.748232988640666" lon="3.374472996219993">
<ele>106</ele>
</trkpt>
<trkpt lat="39.748237011954188" lon="3.37446503341198">
<ele>106</ele>
</trkpt>
<trkpt lat="39.748241035267711" lon="3.374435026198626">
<ele>107</ele>
</trkpt>
<trkpt lat="39.748236006125808" lon="3.374292030930519">
<ele>107</ele>
</trkpt>
<trkpt lat="39.748236006125808" lon="3.374092960730195">
<ele>106</ele>
</trkpt>
<trkpt lat="39.74826299585402" lon="3.373948037624359">
<ele>106</ele>
</trkpt>
<trkpt lat="39.748266013339162" lon="3.373935967683792">
<ele>106</ele>
</trkpt>
<trkpt lat="39.748266013339162" lon="3.373883999884129">
<ele>106</ele>
</trkpt>
<trkpt lat="39.748268024995923" lon="3.373874025419354">
<ele>105</ele>
</trkpt>
<trkpt lat="39.748265007510781" lon="3.373817028477788">
<ele>105</ele>
</trkpt>
<trkpt lat="39.748265007510781" lon="3.37378098629415">
<ele>105</ele>
</trkpt>
<trkpt lat="39.748231982812285" lon="3.37358602322638">
<ele>105</ele>
</trkpt>
<trkpt lat="39.748230976983905" lon="3.373556016013026">
<ele>105</ele>
</trkpt>
<trkpt lat="39.748188983649015" lon="3.37343699298799">
<ele>104</ele>
</trkpt>
<trkpt lat="39.748030984774232" lon="3.373313024640083">
<ele>105</ele>
</trkpt>
<trkpt lat="39.747878015041351" lon="3.37328402325511">
<ele>105</ele>
</trkpt>
<trkpt lat="39.747791010886431" lon="3.373253010213375">
<ele>105</ele>
</trkpt>
<trkpt lat="39.747643992304802" lon="3.373095011338592">
<ele>105</ele>
</trkpt>
<trkpt lat="39.74750803783536" lon="3.372981017455459">
<ele>105</ele>
</trkpt>
<trkpt lat="39.747428996488452" lon="3.372887978330255">
<ele>106</ele>
</trkpt>
<trkpt lat="39.747332017868757" lon="3.37279099971056">
<ele>107</ele>
</trkpt>
<trkpt lat="39.747308967635036" lon="3.372763004153967">
<ele>108</ele>
</trkpt>
<trkpt lat="39.747283989563584" lon="3.372645992785692">
<ele>109</ele>
</trkpt>
<trkpt lat="39.747289018705487" lon="3.372611962258816">
<ele>110</ele>
</trkpt>
<trkpt lat="39.747306033968925" lon="3.372568963095546">
<ele>110</ele>
</trkpt>
<trkpt lat="39.747410975396633" lon="3.372558988630772">
<ele>111</ele>
</trkpt>
<trkpt lat="39.747521029785275" lon="3.372542979195714">
<ele>113</ele>
</trkpt>
<trkpt lat="39.747566962614655" lon="3.372510960325599">
<ele>114</ele>
</trkpt>
<trkpt lat="39.747600993141532" lon="3.372358996421099">
<ele>115</ele>
</trkpt>
<trkpt lat="39.74757400341332" lon="3.372237961739302">
<ele>117</ele>
</trkpt>
<trkpt lat="39.747546007856727" lon="3.372110975906253">
<ele>119</ele>
</trkpt>
<trkpt lat="39.747583977878094" lon="3.372052973136306">
<ele>120</ele>
</trkpt>
<trkpt lat="39.747651033103466" lon="3.372087003663182">
<ele>122</ele>
</trkpt>
<trkpt lat="39.747663019225001" lon="3.372101001441479">
<ele>124</ele>
</trkpt>
<trkpt lat="39.747777013108134" lon="3.372234022244811">
<ele>126</ele>
</trkpt>
<trkpt lat="39.74778899922967" lon="3.372090021148324">
<ele>128</ele>
</trkpt>
<trkpt lat="39.747799979522824" lon="3.372012991458178">
<ele>129</ele>
</trkpt>
<trkpt lat="39.74796099588275" lon="3.372148023918271">
<ele>131</ele>
</trkpt>
<trkpt lat="39.748045988380909" lon="3.372233016416431">
<ele>134</ele>
</trkpt>
<trkpt lat="39.748127041384578" lon="3.372296970337629">
<ele>135</ele>
</trkpt>
<trkpt lat="39.748217985033989" lon="3.372271992266178">
<ele>137</ele>
</trkpt>
<trkpt lat="39.748223014175892" lon="3.372260006144643">
<ele>137</ele>
</trkpt>
<trkpt lat="39.748157970607281" lon="3.371986001729965">
<ele>138</ele>
</trkpt>
<trkpt lat="39.748121006414294" lon="3.371864967048168">
<ele>139</ele>
</trkpt>
<trkpt lat="39.74808999337256" lon="3.371702022850514">
<ele>141</ele>
</trkpt>
<trkpt lat="39.748087981715798" lon="3.371692970395088">
<ele>142</ele>
</trkpt>
<trkpt lat="39.748073983937502" lon="3.371489038690925">
<ele>143</ele>
</trkpt>
<trkpt lat="39.748102985322475" lon="3.371345959603787">
<ele>145</ele>
</trkpt>
<trkpt lat="39.748128969222307" lon="3.371228026226163">
<ele>146</ele>
</trkpt>
<trkpt lat="39.748170962557197" lon="3.371101962402463">
<ele>146</ele>
</trkpt>
<trkpt lat="39.748215973377228" lon="3.37098503485322">
<ele>146</ele>
</trkpt>
<trkpt lat="39.748222008347511" lon="3.370980005711317">
<ele>145</ele>
</trkpt>
<trkpt lat="39.748222008347511" lon="3.370969025418162">
<ele>144</ele>
</trkpt>
<trkpt lat="39.748371038585901" lon="3.370817983523011">
<ele>143</ele>
</trkpt>
<trkpt lat="39.748398028314114" lon="3.370732991024852">
<ele>143</ele>
</trkpt>
<trkpt lat="39.748373972252011" lon="3.370604999363422">
<ele>142</ele>
</trkpt>
<trkpt lat="39.748314963653684" lon="3.370420010760427">
<ele>142</ele>
</trkpt>
<trkpt lat="39.748285040259361" lon="3.370305011048913">
<ele>140</ele>
</trkpt>
<trkpt lat="39.748258972540498" lon="3.370175007730722">
<ele>139</ele>
</trkpt>
<trkpt lat="39.74821899086237" lon="3.369971998035908">
<ele>138</ele>
</trkpt>
<trkpt lat="39.748202981427312" lon="3.369942996650934">
<ele>137</ele>
</trkpt>
<trkpt lat="39.748115977272391" lon="3.369829002767801">
<ele>137</ele>
</trkpt>
<trkpt lat="39.748073983937502" lon="3.369767982512713">
<ele>136</ele>
</trkpt>
<trkpt lat="39.748224020004272" lon="3.369669998064637">
<ele>136</ele>
</trkpt>
<trkpt lat="39.748396016657352" lon="3.369719032198191">
<ele>135</ele>
</trkpt>
<trkpt lat="39.74843398667872" lon="3.369643008336425">
<ele>134</ele>
</trkpt>
<trkpt lat="39.74841202609241" lon="3.369456008076668">
<ele>133</ele>
</trkpt>
<trkpt lat="39.748374978080392" lon="3.369349977001548">
<ele>132</ele>
</trkpt>
<trkpt lat="39.748351005837321" lon="3.369308989495039">
<ele>132</ele>
</trkpt>
<trkpt lat="39.748224020004272" lon="3.36916096508503">
<ele>131</ele>
</trkpt>
<trkpt lat="39.748108014464378" lon="3.36911897175014">
<ele>130</ele>
</trkpt>
<trkpt lat="39.747978011146188" lon="3.369108997285366">
<ele>130</ele>
</trkpt>
<trkpt lat="39.747829986736178" lon="3.369081001728773">
<ele>130</ele>
</trkpt>
<trkpt lat="39.747719010338187" lon="3.369073960930109">
<ele>129</ele>
</trkpt>
<trkpt lat="39.747664025053382" lon="3.36907303892076">
<ele>128</ele>
</trkpt>
<trkpt lat="39.747523963451385" lon="3.368999026715756">
<ele>128</ele>
</trkpt>
<trkpt lat="39.747523041442037" lon="3.368894001469016">
<ele>128</ele>
</trkpt>
<trkpt lat="39.747533015906811" lon="3.368755029514432">
<ele>127</ele>
</trkpt>
<trkpt lat="39.747523041442037" lon="3.368674982339144">
<ele>128</ele>
</trkpt>
<trkpt lat="39.747520023956895" lon="3.368670037016273">
<ele>129</ele>
</trkpt>
<trkpt lat="39.747525975108147" lon="3.368652015924454">
<ele>129</ele>
</trkpt>
<trkpt lat="39.747522035613656" lon="3.36864497512579">
<ele>130</ele>
</trkpt>
<trkpt lat="39.747518012300134" lon="3.368629971519113">
<ele>131</ele>
</trkpt>
<trkpt lat="39.747470989823341" lon="3.368424028158188">
<ele>132</ele>
</trkpt>
<trkpt lat="39.747423967346549" lon="3.368251025676727">
<ele>133</ele>
</trkpt>
<trkpt lat="39.74737904034555" lon="3.368070982396603">
<ele>134</ele>
</trkpt>
<trkpt lat="39.747341992333531" lon="3.367932010442019">
<ele>135</ele>
</trkpt>
<trkpt lat="39.747332017868757" lon="3.367885993793607">
<ele>136</ele>
</trkpt>
<trkpt lat="39.747270997613668" lon="3.367718020454049">
<ele>138</ele>
</trkpt>
<trkpt lat="39.747268985956907" lon="3.367701005190611">
<ele>139</ele>
</trkpt>
<trkpt lat="39.747202014550567" lon="3.367598997429013">
<ele>140</ele>
</trkpt>
<trkpt lat="39.747114004567266" lon="3.367518028244376">
<ele>142</ele>
</trkpt>
<trkpt lat="39.747021971270442" lon="3.367433035746217">
<ele>144</ele>
</trkpt>
<trkpt lat="39.746941002085805" lon="3.36735500022769">
<ele>146</ele>
</trkpt>
<trkpt lat="39.746889034286141" lon="3.367251986637712">
<ele>148</ele>
</trkpt>
<trkpt lat="39.746875958517194" lon="3.367146961390972">
<ele>149</ele>
</trkpt>
<trkpt lat="39.746798006817698" lon="3.366933977231383">
<ele>151</ele>
</trkpt>
<trkpt lat="39.746754001826048" lon="3.366792993620038">
<ele>154</ele>
</trkpt>
<trkpt lat="39.74671402014792" lon="3.36664698086679">
<ele>155</ele>
</trkpt>
<trkpt lat="39.746656017377973" lon="3.366509014740586">
<ele>157</ele>
</trkpt>
<trkpt lat="39.746623998507857" lon="3.366456963121891">
<ele>158</ele>
</trkpt>
<trkpt lat="39.746575970202684" lon="3.366178013384342">
<ele>160</ele>
</trkpt>
<trkpt lat="39.746617963537574" lon="3.36602202616632">
<ele>161</ele>
</trkpt>
<trkpt lat="39.746641013771296" lon="3.365896968171001">
<ele>162</ele>
</trkpt>
<trkpt lat="39.746622992679477" lon="3.365736035630107">
<ele>164</ele>
</trkpt>
<trkpt lat="39.74654596298933" lon="3.365595974028111">
<ele>164</ele>
</trkpt>
<trkpt lat="39.746477985754609" lon="3.365489020943642">
<ele>166</ele>
</trkpt>
<trkpt lat="39.746398022398353" lon="3.365411991253495">
<ele>167</ele>
</trkpt>
<trkpt lat="39.746326021850109" lon="3.365501007065177">
<ele>169</ele>
</trkpt>
<trkpt lat="39.746319986879826" lon="3.365565966814756">
<ele>170</ele>
</trkpt>
<trkpt lat="39.746258966624737" lon="3.365679038688541">
<ele>172</ele>
</trkpt>
<trkpt lat="39.746239017695189" lon="3.365617012605071">
<ele>173</ele>
</trkpt>
<trkpt lat="39.746223008260131" lon="3.36546303704381">
<ele>174</ele>
</trkpt>
<trkpt lat="39.746212027966976" lon="3.365433029830456">
<ele>175</ele>
</trkpt>
<trkpt lat="39.746146984398365" lon="3.36529104039073">
<ele>176</ele>
</trkpt>
<trkpt lat="39.746086969971657" lon="3.365177968516946">
<ele>178</ele>
</trkpt>
<trkpt lat="39.746027961373329" lon="3.365024998784065">
<ele>179</ele>
</trkpt>
<trkpt lat="39.745980016887188" lon="3.364865994080901">
<ele>180</ele>
</trkpt>
<trkpt lat="39.745913967490196" lon="3.364697014912963">
<ele>181</ele>
</trkpt>
<trkpt lat="39.745860993862152" lon="3.364531975239515">
<ele>182</ele>
</trkpt>
<trkpt lat="39.745794022455812" lon="3.364377999678254">
<ele>183</ele>
</trkpt>
<trkpt lat="39.745786981657147" lon="3.36436802521348">
<ele>184</ele>
</trkpt>
<trkpt lat="39.745679022744298" lon="3.364164009690285">
<ele>184</ele>
</trkpt>
<trkpt lat="39.745656978338957" lon="3.364099971950054">
<ele>185</ele>
</trkpt>
<trkpt lat="39.745575003325939" lon="3.363910960033536">
<ele>186</ele>
</trkpt>
<trkpt lat="39.745515994727612" lon="3.363749021664262">
<ele>186</ele>
</trkpt>
<trkpt lat="39.745496967807412" lon="3.363655982539058">
<ele>187</ele>
</trkpt>
<trkpt lat="39.745458997786045" lon="3.363566966727376">
<ele>188</ele>
</trkpt>
<trkpt lat="39.745410969480872" lon="3.363377032801509">
<ele>188</ele>
</trkpt>
<trkpt lat="39.745399989187717" lon="3.363353982567787">
<ele>188</ele>
</trkpt>
<trkpt lat="39.745337041094899" lon="3.36318701505661">
<ele>188</ele>
</trkpt>
<trkpt lat="39.74527602083981" lon="3.363056005910039">
<ele>188</ele>
</trkpt>
<trkpt lat="39.745221035555005" lon="3.362932037562132">
<ele>189</ele>
</trkpt>
<trkpt lat="39.745216006413102" lon="3.362883003428578">
<ele>189</ele>
</trkpt>
<trkpt lat="39.745170995593071" lon="3.362763980403543">
<ele>189</ele>
</trkpt>
<trkpt lat="39.745089020580053" lon="3.362562982365489">
<ele>189</ele>
</trkpt>
<trkpt lat="39.745026994496584" lon="3.362400038167834">
<ele>189</ele>
</trkpt>
<trkpt lat="39.745000004768372" lon="3.362323008477688">
<ele>189</ele>
</trkpt>
<trkpt lat="39.744928004220128" lon="3.362161992117763">
<ele>189</ele>
</trkpt>
<trkpt lat="39.744863966479897" lon="3.361996030434966">
<ele>189</ele>
</trkpt>
<trkpt lat="39.744847035035491" lon="3.361948002129793">
<ele>189</ele>
</trkpt>
<trkpt lat="39.744815016165376" lon="3.361817998811603">
<ele>190</ele>
</trkpt>
<trkpt lat="39.744767993688583" lon="3.361675003543496">
<ele>191</ele>
</trkpt>
<trkpt lat="39.744756007567048" lon="3.361651031300426">
<ele>191</ele>
</trkpt>
<trkpt lat="39.744691969826818" lon="3.361485991626978">
<ele>192</ele>
</trkpt>
<trkpt lat="39.744671015068889" lon="3.361442992463708">
<ele>193</ele>
</trkpt>
<trkpt lat="39.744608988985419" lon="3.361293040215969">
<ele>194</ele>
</trkpt>
<trkpt lat="39.744584010913968" lon="3.361267978325486">
<ele>194</ele>
</trkpt>
<trkpt lat="39.74454696290195" lon="3.361186003312469">
<ele>194</ele>
</trkpt>
<trkpt lat="39.744443027302623" lon="3.360985005274415">
<ele>194</ele>
</trkpt>
<trkpt lat="39.744402039796114" lon="3.360841004177928">
<ele>194</ele>
</trkpt>
<trkpt lat="39.744357028976083" lon="3.360708989202976">
<ele>194</ele>
</trkpt>
<trkpt lat="39.744284022599459" lon="3.36056599393487">
<ele>194</ele>
</trkpt>
<trkpt lat="39.744206992909312" lon="3.36041796952486">
<ele>194</ele>
</trkpt>
<trkpt lat="39.744123006239533" lon="3.360258964821696">
<ele>193</ele>
</trkpt>
<trkpt lat="39.744054023176432" lon="3.360119992867112">
<ele>194</ele>
</trkpt>
<trkpt lat="39.743972970172763" lon="3.359941961243749">
<ele>194</ele>
</trkpt>
<trkpt lat="39.743957966566086" lon="3.359910026192665">
<ele>194</ele>
</trkpt>
<trkpt lat="39.743899963796139" lon="3.359753033146262">
<ele>195</ele>
</trkpt>
<trkpt lat="39.743802985176444" lon="3.359562009572983">
<ele>196</ele>
</trkpt>
<trkpt lat="39.743744982406497" lon="3.359456984326243">
<ele>196</ele>
</trkpt>
<trkpt lat="39.743679016828537" lon="3.359329998493195">
<ele>197</ele>
</trkpt>
<trkpt lat="39.743672981858253" lon="3.359306026250124">
<ele>198</ele>
</trkpt>
<trkpt lat="39.743553036823869" lon="3.359119025990367">
<ele>199</ele>
</trkpt>
<trkpt lat="39.743549013510346" lon="3.359107039868832">
<ele>200</ele>
</trkpt>
<trkpt lat="39.743527974933386" lon="3.359033027663827">
<ele>200</ele>
</trkpt>
<trkpt lat="39.743464021012187" lon="3.358946023508906">
<ele>201</ele>
</trkpt>
<trkpt lat="39.743386991322041" lon="3.358736978843808">
<ele>203</ele>
</trkpt>
<trkpt lat="39.743368970230222" lon="3.358699008822441">
<ele>204</ele>
</trkpt>
<trkpt lat="39.743321025744081" lon="3.358589038252831">
<ele>205</ele>
</trkpt>
<trkpt lat="39.743250031024218" lon="3.358421986922622">
<ele>204</ele>
</trkpt>
<trkpt lat="39.743194961920381" lon="3.358261976391077">
<ele>205</ele>
</trkpt>
<trkpt lat="39.743130002170801" lon="3.358129039406776">
<ele>206</ele>
</trkpt>
<trkpt lat="39.743056995794177" lon="3.357983026653528">
<ele>207</ele>
</trkpt>
<trkpt lat="39.743007961660624" lon="3.357860986143351">
<ele>208</ele>
</trkpt>
<trkpt lat="39.742940990254283" lon="3.35768798366189">
<ele>208</ele>
</trkpt>
<trkpt lat="39.742871001362801" lon="3.357547000050545">
<ele>209</ele>
</trkpt>
<trkpt lat="39.742845017462969" lon="3.357482040300965">
<ele>210</ele>
</trkpt>
<trkpt lat="39.742760024964809" lon="3.357307026162744">
<ele>210</ele>
</trkpt>
<trkpt lat="39.742649970576167" lon="3.357164030894637">
<ele>211</ele>
</trkpt>
<trkpt lat="39.742643013596535" lon="3.357153972610831">
<ele>211</ele>
</trkpt>
<trkpt lat="39.742558021098375" lon="3.35697703063488">
<ele>211</ele>
</trkpt>
<trkpt lat="39.742561038583517" lon="3.356953980401158">
<ele>211</ele>
</trkpt>
<trkpt lat="39.742557015269995" lon="3.356875022873282">
<ele>212</ele>
</trkpt>
<trkpt lat="39.742558021098375" lon="3.356846021488309">
<ele>212</ele>
</trkpt>
<trkpt lat="39.742556009441614" lon="3.356774020940065">
<ele>212</ele>
</trkpt>
<trkpt lat="39.742572018876672" lon="3.356689028441906">
<ele>212</ele>
</trkpt>
<trkpt lat="39.742609988898039" lon="3.356474032625556">
<ele>211</ele>
</trkpt>
<trkpt lat="39.742618035525084" lon="3.356437990441918">
<ele>212</ele>
</trkpt>
<trkpt lat="39.7426120005548" lon="3.356297006830573">
<ele>213</ele>
</trkpt>
<trkpt lat="39.742581993341446" lon="3.356114029884338">
<ele>214</ele>
</trkpt>
<trkpt lat="39.742529019713402" lon="3.355980003252626">
<ele>216</ele>
</trkpt>
<trkpt lat="39.742523990571499" lon="3.355957958847284">
<ele>217</ele>
</trkpt>
<trkpt lat="39.742516027763486" lon="3.355819992721081">
<ele>218</ele>
</trkpt>
<trkpt lat="39.742527008056641" lon="3.355593010783196">
<ele>219</ele>
</trkpt>
<trkpt lat="39.742529019713402" lon="3.35538798943162">
<ele>220</ele>
</trkpt>
<trkpt lat="39.742532959207892" lon="3.35534499026835">
<ele>221</ele>
</trkpt>
<trkpt lat="39.742501024156809" lon="3.355178022757173">
<ele>222</ele>
</trkpt>
<trkpt lat="39.742484008893371" lon="3.355129994452">
<ele>224</ele>
</trkpt>
<trkpt lat="39.742443021386862" lon="3.355012983083725">
<ele>225</ele>
</trkpt>
<trkpt lat="39.742371020838618" lon="3.354792958125472">
<ele>227</ele>
</trkpt>
<trkpt lat="39.742320980876684" lon="3.354642000049353">
<ele>228</ele>
</trkpt>
<trkpt lat="39.742257026955485" lon="3.354521971195936">
<ele>231</ele>
</trkpt>
<trkpt lat="39.742199024185538" lon="3.354380987584591">
<ele>232</ele>
</trkpt>
<trkpt lat="39.742163987830281" lon="3.3542509842664">
<ele>233</ele>
</trkpt>
<trkpt lat="39.742124006152153" lon="3.354170015081763">
<ele>235</ele>
</trkpt>
<trkpt lat="39.742087963968515" lon="3.354045040905476">
<ele>236</ele>
</trkpt>
<trkpt lat="39.742054017260671" lon="3.353939009830356">
<ele>238</ele>
</trkpt>
<trkpt lat="39.741990985348821" lon="3.353824010118842">
<ele>239</ele>
</trkpt>
<trkpt lat="39.741940023377538" lon="3.353701969608665">
<ele>241</ele>
</trkpt>
<trkpt lat="39.74188000895083" lon="3.35358202457428">
<ele>242</ele>
</trkpt>
<trkpt lat="39.741843966767192" lon="3.353522010147572">
<ele>243</ele>
</trkpt>
<trkpt lat="39.741785963997245" lon="3.353408016264439">
<ele>245</ele>
</trkpt>
<trkpt lat="39.741740031167865" lon="3.353274995461106">
<ele>246</ele>
</trkpt>
<trkpt lat="39.741710023954511" lon="3.353201989084482">
<ele>248</ele>
</trkpt>
<trkpt lat="39.741660989820957" lon="3.35306704044342">
<ele>249</ele>
</trkpt>
<trkpt lat="39.741672975942492" lon="3.352948017418385">
<ele>251</ele>
</trkpt>
<trkpt lat="39.741722010076046" lon="3.35287501104176">
<ele>252</ele>
</trkpt>
<trkpt lat="39.741804990917444" lon="3.352822959423065">
<ele>254</ele>
</trkpt>
<trkpt lat="39.741868022829294" lon="3.352778032422066">
<ele>254</ele>
</trkpt>
<trkpt lat="39.741871040314436" lon="3.352756993845105">
<ele>256</ele>
</trkpt>
<trkpt lat="39.74186098203063" lon="3.352633025497198">
<ele>257</ele>
</trkpt>
<trkpt lat="39.741784958168864" lon="3.352561024948955">
<ele>259</ele>
</trkpt>
<trkpt lat="39.741748999804258" lon="3.352541998028755">
<ele>261</ele>
</trkpt>
<trkpt lat="39.741697032004595" lon="3.352437978610396">
<ele>262</ele>
</trkpt>
<trkpt lat="39.741664007306099" lon="3.352323984727264">
<ele>264</ele>
</trkpt>
<trkpt lat="39.741498967632651" lon="3.352147964760661">
<ele>266</ele>
</trkpt>
<trkpt lat="39.741459991782904" lon="3.352117035537958">
<ele>268</ele>
</trkpt>
<trkpt lat="39.741296041756868" lon="3.352152993902564">
<ele>271</ele>
</trkpt>
<trkpt lat="39.741237033158541" lon="3.352219965308905">
<ele>273</ele>
</trkpt>
<trkpt lat="39.741122033447027" lon="3.352216025814414">
<ele>276</ele>
</trkpt>
<trkpt lat="39.741089008748531" lon="3.352047968655825">
<ele>278</ele>
</trkpt>
<trkpt lat="39.741017008200288" lon="3.351912014186382">
<ele>281</ele>
</trkpt>
<trkpt lat="39.740923969075084" lon="3.351759966462851">
<ele>284</ele>
</trkpt>
<trkpt lat="39.740904020145535" lon="3.351664999499917">
<ele>286</ele>
</trkpt>
<trkpt lat="39.740830007940531" lon="3.351488979533315">
<ele>288</ele>
</trkpt>
<trkpt lat="39.740810981020331" lon="3.351298961788416">
<ele>290</ele>
</trkpt>
<trkpt lat="39.740791032090783" lon="3.351093018427491">
<ele>293</ele>
</trkpt>
<trkpt lat="39.740740992128849" lon="3.350893026217818">
<ele>296</ele>
</trkpt>
<trkpt lat="39.740694975480437" lon="3.35072698071599">
<ele>297</ele>
</trkpt>
<trkpt lat="39.740620041266084" lon="3.350571999326348">
<ele>299</ele>
</trkpt>
<trkpt lat="39.740545023232698" lon="3.350421963259578">
<ele>301</ele>
</trkpt>
<trkpt lat="39.740532031282783" lon="3.350443001836538">
<ele>302</ele>
</trkpt>
<trkpt lat="39.740531025454402" lon="3.350444007664919">
<ele>304</ele>
</trkpt>
<trkpt lat="39.740531025454402" lon="3.350444007664919">
<ele>304</ele>
</trkpt>
<trkpt lat="39.740531025454402" lon="3.350444007664919">
<ele>303</ele>
</trkpt>
<trkpt lat="39.740531025454402" lon="3.350444007664919">
<ele>303</ele>
</trkpt>
<trkpt lat="39.740531025454402" lon="3.350444007664919">
<ele>304</ele>
</trkpt>
<trkpt lat="39.740531025454402" lon="3.350444007664919">
<ele>302</ele>
</trkpt>
<trkpt lat="39.740531025454402" lon="3.350444007664919">
<ele>303</ele>
</trkpt>
<trkpt lat="39.740531025454402" lon="3.350444007664919">
<ele>303</ele>
</trkpt>
<trkpt lat="39.740533037111163" lon="3.350451970472932">
<ele>302</ele>
</trkpt>
<trkpt lat="39.740533037111163" lon="3.350451970472932">
<ele>302</ele>
</trkpt>
<trkpt lat="39.740533037111163" lon="3.350451970472932">
<ele>303</ele>
</trkpt>
<trkpt lat="39.740502024069428" lon="3.350387010723352">
<ele>305</ele>
</trkpt>
<trkpt lat="39.740490959957242" lon="3.350329007953405">
<ele>307</ele>
</trkpt>
<trkpt lat="39.740486014634371" lon="3.350314004346728">
<ele>309</ele>
</trkpt>
<trkpt lat="39.740480985492468" lon="3.350302018225193">
<ele>311</ele>
</trkpt>
<trkpt lat="39.740478973835707" lon="3.350294977426529">
<ele>314</ele>
</trkpt>
<trkpt lat="39.740474028512836" lon="3.350282991304994">
<ele>316</ele>
</trkpt>
<trkpt lat="39.740470005199313" lon="3.3502740226686">
<ele>318</ele>
</trkpt>
<trkpt lat="39.740470005199313" lon="3.3502740226686">
<ele>322</ele>
</trkpt>
<trkpt lat="39.740448966622353" lon="3.350222976878285">
<ele>323</ele>
</trkpt>
<trkpt lat="39.740447960793972" lon="3.350211996585131">
<ele>325</ele>
</trkpt>
<trkpt lat="39.740424994379282" lon="3.350089034065604">
<ele>324</ele>
</trkpt>
<trkpt lat="39.740357017144561" lon="3.349906979128718">
<ele>322</ele>
</trkpt>
<trkpt lat="39.740342013537884" lon="3.349851993843913">
<ele>320</ele>
</trkpt>
<trkpt lat="39.740297002717853" lon="3.349687037989497">
<ele>320</ele>
</trkpt>
<trkpt lat="39.740216033533216" lon="3.349471036344767">
<ele>318</ele>
</trkpt>
<trkpt lat="39.740211004391313" lon="3.349449997767806">
<ele>316</ele>
</trkpt>
<trkpt lat="39.740108996629715" lon="3.349199965596199">
<ele>314</ele>
</trkpt>
<trkpt lat="39.740087036043406" lon="3.3491550385952">
<ele>312</ele>
</trkpt>
<trkpt lat="39.739981004968286" lon="3.348854966461659">
<ele>311</ele>
</trkpt>
<trkpt lat="39.739963989704847" lon="3.348801992833614">
<ele>310</ele>
</trkpt>
<trkpt lat="39.73988302052021" lon="3.348597977310419">
<ele>310</ele>
</trkpt>
<trkpt lat="39.739873968064785" lon="3.348584985360503">
<ele>308</ele>
</trkpt>
<trkpt lat="39.739790987223387" lon="3.348323972895742">
<ele>306</ele>
</trkpt>
<trkpt lat="39.739774977788329" lon="3.348279967904091">
<ele>305</ele>
</trkpt>
<trkpt lat="39.739704988896847" lon="3.348100008442998">
<ele>304</ele>
</trkpt>
<trkpt lat="39.739664001390338" lon="3.347972016781569">
<ele>304</ele>
</trkpt>
<trkpt lat="39.739655032753944" lon="3.34793203510344">
<ele>303</ele>
</trkpt>
<trkpt lat="39.739585965871811" lon="3.347746962681413">
<ele>301</ele>
</trkpt>
<trkpt lat="39.73951798863709" lon="3.347572032362223">
<ele>301</ele>
</trkpt>
<trkpt lat="39.739440958946943" lon="3.347386959940195">
<ele>299</ele>
</trkpt>
<trkpt lat="39.739416986703873" lon="3.347287969663739">
<ele>298</ele>
</trkpt>
<trkpt lat="39.739356972277164" lon="3.347105998545885">
<ele>298</ele>
</trkpt>
<trkpt lat="39.739282038062811" lon="3.346907012164593">
<ele>297</ele>
</trkpt>
<trkpt lat="39.739206014201045" lon="3.3467080257833">
<ele>297</ele>
</trkpt>
<trkpt lat="39.739188998937607" lon="3.346653040498495">
<ele>297</ele>
</trkpt>
<trkpt lat="39.739075005054474" lon="3.346352968364954">
<ele>296</ele>
</trkpt>
<trkpt lat="39.739061007276177" lon="3.346305023878813">
<ele>294</ele>
</trkpt>
<trkpt lat="39.73902303725481" lon="3.346167979761958">
<ele>294</ele>
</trkpt>
<trkpt lat="39.738995041698217" lon="3.34610796533525">
<ele>294</ele>
</trkpt>
<trkpt lat="39.738921029493213" lon="3.345901016145945">
<ele>293</ele>
</trkpt>
<trkpt lat="39.738898985087872" lon="3.345829015597701">
<ele>293</ele>
</trkpt>
<trkpt lat="39.738849028944969" lon="3.345692977309227">
<ele>293</ele>
</trkpt>
<trkpt lat="39.738832013681531" lon="3.345630029216409">
<ele>292</ele>
</trkpt>
<trkpt lat="39.738777028396726" lon="3.345496002584696">
<ele>291</ele>
</trkpt>
<trkpt lat="39.738692035898566" lon="3.345256028696895">
<ele>291</ele>
</trkpt>
<trkpt lat="39.738609977066517" lon="3.345074979588389">
<ele>289</ele>
</trkpt>
<trkpt lat="39.738601008430123" lon="3.345054024830461">
<ele>290</ele>
</trkpt>
<trkpt lat="39.738525990396738" lon="3.344842968508601">
<ele>289</ele>
</trkpt>
<trkpt lat="39.738464970141649" lon="3.344687987118959">
<ele>289</ele>
</trkpt>
<trkpt lat="39.738454995676875" lon="3.344677006825805">
<ele>289</ele>
</trkpt>
<trkpt lat="39.738413002341986" lon="3.344567958265543">
<ele>286</ele>
</trkpt>
<trkpt lat="39.738388024270535" lon="3.344492018222809">
<ele>286</ele>
</trkpt>
<trkpt lat="39.738350976258516" lon="3.344354974105954">
<ele>286</ele>
</trkpt>
<trkpt lat="39.738282999023795" lon="3.344218013808131">
<ele>286</ele>
</trkpt>
<trkpt lat="39.738199012354016" lon="3.343964964151382">
<ele>285</ele>
</trkpt>
<trkpt lat="39.738152995705605" lon="3.34376597777009">
<ele>285</ele>
</trkpt>
<trkpt lat="39.738161964341998" lon="3.343709986656904">
<ele>284</ele>
</trkpt>
<trkpt lat="39.738180991262197" lon="3.343578977510333">
<ele>282</ele>
</trkpt>
<trkpt lat="39.73818501457572" lon="3.343466995283961">
<ele>283</ele>
</trkpt>
<trkpt lat="39.738077977672219" lon="3.343346966430545">
<ele>282</ele>
</trkpt>
<trkpt lat="39.738060962408781" lon="3.343294998630881">
<ele>282</ele>
</trkpt>
<trkpt lat="39.73799298517406" lon="3.343138005584478">
<ele>280</ele>
</trkpt>
<trkpt lat="39.737985022366047" lon="3.343072962015867">
<ele>278</ele>
</trkpt>
<trkpt lat="39.737980999052525" lon="3.342931978404522">
<ele>278</ele>
</trkpt>
<trkpt lat="39.737977981567383" lon="3.342852015048266">
<ele>275</ele>
</trkpt>
<trkpt lat="39.73797001875937" lon="3.342629978433251">
<ele>273</ele>
</trkpt>
<trkpt lat="39.737946968525648" lon="3.342463010922074">
<ele>273</ele>
</trkpt>
<trkpt lat="39.737926013767719" lon="3.342359997332096">
<ele>272</ele>
</trkpt>
<trkpt lat="39.737924002110958" lon="3.342298977077007">
<ele>271</ele>
</trkpt>
<trkpt lat="39.737908998504281" lon="3.342177020385861">
<ele>269</ele>
</trkpt>
<trkpt lat="39.737889971584082" lon="3.34191701374948">
<ele>268</ele>
</trkpt>
<trkpt lat="39.737889971584082" lon="3.341907961294055">
<ele>265</ele>
</trkpt>
<trkpt lat="39.737873040139675" lon="3.341749040409923">
<ele>265</ele>
</trkpt>
<trkpt lat="39.737858036532998" lon="3.341586012393236">
<ele>265</ele>
</trkpt>
<trkpt lat="39.737833980470896" lon="3.34140102379024">
<ele>263</ele>
</trkpt>
<trkpt lat="39.737802967429161" lon="3.341290969401598">
<ele>262</ele>
</trkpt>
<trkpt lat="39.737787041813135" lon="3.3412079885602">
<ele>261</ele>
</trkpt>
<trkpt lat="39.737768014892936" lon="3.341019982472062">
<ele>260</ele>
</trkpt>
<trkpt lat="39.737762985751033" lon="3.340986035764217">
<ele>258</ele>
</trkpt>
<trkpt lat="39.737743958830833" lon="3.340797023847699">
<ele>257</ele>
</trkpt>
<trkpt lat="39.737742030993104" lon="3.340747989714146">
<ele>256</ele>
</trkpt>
<trkpt lat="39.737709006294608" lon="3.340498963370919">
<ele>255</ele>
</trkpt>
<trkpt lat="39.737709006294608" lon="3.340487983077765">
<ele>254</ele>
</trkpt>
<trkpt lat="39.737699031829834" lon="3.340331995859742">
<ele>252</ele>
</trkpt>
<trkpt lat="39.737674975767732" lon="3.34028597921133">
<ele>251</ele>
</trkpt>
<trkpt lat="39.737661983817816" lon="3.340096967294812">
<ele>249</ele>
</trkpt>
<trkpt lat="39.737628037109971" lon="3.340019015595317">
<ele>248</ele>
</trkpt>
<trkpt lat="39.737545978277922" lon="3.339791027829051">
<ele>248</ele>
</trkpt>
<trkpt lat="39.737532986328006" lon="3.339739982038736">
<ele>245</ele>
</trkpt>
<trkpt lat="39.737518988549709" lon="3.339635962620378">
<ele>244</ele>
</trkpt>
<trkpt lat="39.737473977729678" lon="3.339514005929232">
<ele>244</ele>
</trkpt>
<trkpt lat="39.737386973574758" lon="3.339318037033081">
<ele>243</ele>
</trkpt>
<trkpt lat="39.7373260371387" lon="3.339150985702872">
<ele>241</ele>
</trkpt>
<trkpt lat="39.737298041582108" lon="3.339092982932925">
<ele>241</ele>
</trkpt>
<trkpt lat="39.737248001620173" lon="3.338949987664819">
<ele>240</ele>
</trkpt>
<trkpt lat="39.737237021327019" lon="3.338918974623084">
<ele>240</ele>
</trkpt>
<trkpt lat="39.737123027443886" lon="3.338689981028438">
<ele>240</ele>
</trkpt>
<trkpt lat="39.737036023288965" lon="3.338500969111919">
<ele>239</ele>
</trkpt>
<trkpt lat="39.737020013853908" lon="3.338460987433791">
<ele>237</ele>
</trkpt>
<trkpt lat="39.736997969448566" lon="3.338341964408755">
<ele>236</ele>
</trkpt>
<trkpt lat="39.736924041062593" lon="3.338149012997747">
<ele>236</ele>
</trkpt>
<trkpt lat="39.736824966967106" lon="3.337960001081228">
<ele>235</ele>
</trkpt>
<trkpt lat="39.736788002774119" lon="3.337889006361365">
<ele>235</ele>
</trkpt>
<trkpt lat="39.736707033589482" lon="3.337698988616467">
<ele>233</ele>
</trkpt>
<trkpt lat="39.736635033041239" lon="3.337493967264891">
<ele>231</ele>
</trkpt>
<trkpt lat="39.736590022221208" lon="3.337352983653545">
<ele>231</ele>
</trkpt>
<trkpt lat="39.736558003351092" lon="3.337284000590444">
<ele>230</ele>
</trkpt>
<trkpt lat="39.736463958397508" lon="3.337075961753726">
<ele>229</ele>
</trkpt>
<trkpt lat="39.736395981162786" lon="3.336916035041213">
<ele>228</ele>
</trkpt>
<trkpt lat="39.736315011978149" lon="3.336731968447566">
<ele>227</ele>
</trkpt>
<trkpt lat="39.736291039735079" lon="3.336668014526367">
<ele>226</ele>
</trkpt>
<trkpt lat="39.736236976459622" lon="3.336572041735053">
<ele>227</ele>
</trkpt>
<trkpt lat="39.736120970919728" lon="3.336282027885318">
<ele>226</ele>
</trkpt>
<trkpt lat="39.736113008111715" lon="3.336258977651596">
<ele>225</ele>
</trkpt>
<trkpt lat="39.736046036705375" lon="3.336099972948432">
<ele>225</ele>
</trkpt>
<trkpt lat="39.735987028107047" lon="3.335952032357454">
<ele>224</ele>
</trkpt>
<trkpt lat="39.735906980931759" lon="3.335801996290684">
<ele>224</ele>
</trkpt>
<trkpt lat="39.73588602617383" lon="3.335811970755458">
<ele>223</ele>
</trkpt>
<trkpt lat="39.73588602617383" lon="3.335811970755458">
<ele>223</ele>
</trkpt>
<trkpt lat="39.735854007303715" lon="3.335691019892693">
<ele>222</ele>
</trkpt>
<trkpt lat="39.735813019797206" lon="3.335565961897373">
<ele>223</ele>
</trkpt>
<trkpt lat="39.735709000378847" lon="3.335305033251643">
<ele>222</ele>
</trkpt>
<trkpt lat="39.735828023403883" lon="3.335176035761833">
<ele>221</ele>
</trkpt>
<trkpt lat="39.736020974814892" lon="3.335046032443643">
<ele>222</ele>
</trkpt>
<trkpt lat="39.736158018931746" lon="3.334949975833297">
<ele>221</ele>
</trkpt>
<trkpt lat="39.736215015873313" lon="3.334903037175536">
<ele>221</ele>
</trkpt>
<trkpt lat="39.736300008371472" lon="3.334858026355505">
<ele>222</ele>
</trkpt>
<trkpt lat="39.736391035839915" lon="3.334786025807262">
<ele>220</ele>
</trkpt>
<trkpt lat="39.736473010852933" lon="3.334718970581889">
<ele>220</ele>
</trkpt>
<trkpt lat="39.736507041379809" lon="3.33469801582396">
<ele>220</ele>
</trkpt>
<trkpt lat="39.736552974209189" lon="3.334745038300753">
<ele>220</ele>
</trkpt>
</trkseg>
</trk>
</gpx>
